,0,1,2,3,4,5,6,7
0,3.5,,Roberto Carminati,Roberto CarminatiBruno FantiniDaniel Ortiz,The Brazilian Government leads Latin American countries in the fight against drug cartels. In response drug cartels start a series of attacks against Brazil's cities and natural resources. Their first target is the Amazon Forest.,Action,1h 26m,Segurança Nacional
1,3.3,,S.J. Suryah,S.J. Suryah,"Puli, a brave police officer, is appointed as the special police officer in PM's security. Soon, he gets into a brawl with Al Saleem, only to realise that Saleem is responsible for his father's death.","Action
Crime
Thriller",2h 43m,Komaram Puli
2,3.9,,Albert J. Allie,Albert J. Allie,Cross the Line is an action/drama about two police detectives Angela who is a top rate narcotics detective and Joe who is a hard nose homicide detective. Both detectives are going through a bad divorce. It sounds like a coincidence but it's not because they are the ones getting divorced from each other. One case forces them back together. A power drug lord seeks to ge... Read all,Action,1h 27m,Cross the Line
3,5.1,,Alex Ferrari,Alex Ferrari,"ZOE, a young teenage girl, is lured into an after hours carnival tent by the sleazy rock n roll carnie RIMO, and gets more then she bargained for. It's up to the mysterious PRINCESS, star of the new knife show, to pull her out of the wolf's den.","Short
Action
Thriller",11m,Red Princess Blues
4,2.5,,Shaun Rana,Shaun Rana,"The town of Westbrick is a rough place to live in. It is here that the young rookie cop Matthew lives with his wife. Meanwhile, notorious serial killers Billy and Barbara embark on a killing spree in order to get notoriety. Matthew gets his first assignment with his much older partner William when he unfortunately crosses paths with Billy and Barbara. William gets kil... Read all",Action,1h 30m,Westbrick Murders
5,3.0,,Matthew R. Anderson,Edward Conna,Good Vampires battle Zombie Vampires while trying to hide their own identity and prevent the infection from spreading.,"Action
Horror
Sci-Fi",1h 29m,The Dead Undead
6,3.1,,James Boss,Vivian Kyinn,"Set in a wasteland enclosed by a large white wall, the last survivor from a brutal child internment camp reluctantly takes on one final bounty hunting job to protect the idyllic life he has rebuilt.","Action
Mystery
Sci-Fi",1h 35m,White Wall
7,3.3,,Sebastian Panneck,Christoph Willumeit,"A motley group of business students in Berlin, Germany sign up for Takahashi Corp.'s assessment weekend, hoping to land one of the coveted spots with the consulting company. Under the watchful eye of a company psychologist, the team-working and improvisational skills of the aspirants will be put to the test in a survival-type situation. But nothing goes according to p... Read all",Action,1h 33m,Headhunter: The Assessment Weekend
8,6.6,,Ethan Maniquis,Robert Rodriguez,"After being set-up and betrayed by the man who hired him to assassinate a Texas Senator, an ex-Federale launches a brutal rampage of revenge against his former boss.","Action
Crime
Thriller",1h 45m,Machete
9,3.8,,Kim Bass,Kim Bass,"Best friends fly home-built, high-tech planes to deliver drugs from Mexico to California in order to fund their Hollywood life-style.","Action
Crime
Thriller",1h 53m,Kill Speed
10,3.1,,Gordon Chan,Rita Augustine,"Live-action feature based on the video game ""King of Fighters"".","Action
Sci-Fi
Thriller",1h 33m,The King of Fighters
11,8.6,,Eric Whiteley,Eric Whiteley,An entry into Saber Comp's 8th annual international Lightsaber Choreography Competition. It was rewarded first place in both the popular and judges vote.,Short,11m,Rivals
12,3.9,,Eric Etebari,Robert Redlin,Can a determined single mom go the distance and win the tournament that could ultimately lead to a better life for her and her daughter?,"Action
Drama",1h 30m,Bare Knuckles
13,4.2,,Davi de Oliveira Pinheiro,Davi de Oliveira Pinheiro,"In a devastated post-apocalyptic world where the rules of reality are transformed by magic and madness, a vengeful police officer searches for a possessed serial killer in a battle of the not-so-good versus absolute evil.","Action
Crime
Horror",1h 29m,Beyond the Grave
14,3.3,,Juan Carlos Vargas,Juan Carlos VargasJohn Azpilicueta,"Ten actors audition on a reality show for a million dollars. All they have to do is survive three killers, and each other - streaming live over the Internet.",Action,1h 27m,Elimination
15,5.7,,Hilbert Hakim,Joshua Leibner,"A botched car-jacking forces two white-collar criminals to take refuge in the home of the thugs that accosted them. Over the course of one explosive, unpredictable night, worlds collide, fortunes shift, lives are cast aside and the most unsuspecting of heroes walks away with a multimillion dollar score.","Action
Crime
Drama",1h 45m,Krews
16,6.2,,Assad Raja,Jens DahlAssad RajaNicolas Winding Refn,"A desperate drug-pusher must avoid police, and find money to pay-off a huge debt.",Action,1h 47m,Pusher
17,5.2,,Robert Kurtzman,Alexander Vesha,A police officer with a painful past returns home to help the FBI track down a mastermind assassin.,"Action
Crime
Thriller",1h 36m,Deadly Impact
18,4.0,,Robert Arevalo,Robert Arevalo,"Saltillo, a small dusty town south of the Mexican border, caught in a war of greed and corruption. A man named Bishop returns home after his parents are executed at the hands of a ruthless drug lord El Chilango. He swears to avenge the deaths of his loved ones and take down every person involved at the cost of losing himself and his new love Lucia, the wife of his new... Read all",Action,1h 40m,Mexican Bloodbath
19,8.2,,Colin Fleming,Colin FlemingJohn GarsideJerry Renek,"Max Neptune and the Atomic Space Patrol face their biggest threat ever. Dr. Agotch and his giant, mechanical, Menacing Squid!",Short,44m,Max Neptune and the Menacing Squid
20,3.2,,Peter Atencio,Scott Martin,"In the midst of a tropical storm, the crew of an offshore oil rig must survive the rampage of a creature after invading its undersea habitat.","Action
Adventure
Horror",1h 30m,The Rig
21,7.5,,Jean-Claude Van Damme,Jean-Claude Van Damme,"A military veteran and former mercenary named Frenchy is haunted by his childhood, as well as his past in the military.","Action
Crime
Drama",1h 48m,Frenchy
22,4.6,,Miklós Jancsó,Miklós Jancsó,,Drama,1h 40m,Oda az igazság
23,6.9,,Bence Miklauzic,Balázs MaruszkiBence MiklauzicGábor Németh,"Mate, a lonely, divorced real estate agent is put in charge by his boss to sell a suburban storage building. The storage is rented by the Chinese, who keep their semi-legal goods here before selling them on the market. The stock comprising of several thousands of boxes is guarded by a Chinese man, Wu, who also lives in the storage. During this forced association a str... Read all",Drama,1h 29m,A zöld sárkány gyermekei
24,8.2,,R.J. Adams,Diane C. AdamsR.J. AdamsPaul Kirby,"The Final Journey follows the rail lines of the Nazi Controled Deutsche Reichsbahn system that delivered millions of people from every corner of Europe to the door-step of the infamous Concentration Camps. By integrating a special collection of rare photographs and crystal clear archival film, the viewer is taken on a then and now journey to each of the former Nazi ca... Read all",Drama,2h,The Final Journey
25,5.5,,Allen Wolf,Allen Wolf,A sleepwalking sexaholic masseur wakes up covered in blood next to a bloody knife with cops ringing his doorbell.,"Drama
Mystery
Thriller",1h 44m,In My Sleep
26,7.8,,Frankie J. Mosca,Frankie J. MoscaSal DeLuciaAnde Cira,"Awakening from a near fatal overdose, Chris embraces a second chance at life. Required to enroll into a 12-Step Program, and mandated to state psychiatrist appointments, Chris is forced to revisit his chaotic past; a history that revolves around his friend Ande and her autistic brother Frankie. Follow Chris as his past and present converge revealing a deranged cocktai... Read all",Comedy,1h 39m,This Wretched Life
27,5.3,,Michael Pollak,Scott BruffeyMichael Pollak,"A powerful film that examines the ""progress"" of our present day culture through the eyes of the oppressor.",Short,26m,Death of a Nation
28,5.8,,Jerome Elston Scott,Jerome Elston Scott,"Nick Anderson, Kevin Daniels, and Tracey Green do everything together. They are the best of friends, and yet they couldn't be more different. Neighbors from adolescence, they finish each other's thoughts and sentences, joys and pains, happiness and tears. Using Nick's house as their own members only clubhouse, they escape into their own world of contentment. Yet the i... Read all","Comedy
Drama
Romance",1h 38m,Anderson's Cross
29,6.6,,Carsten Brandt,Carsten Brandt,An original story about a broken desperate film director.,Drama,4h 40m,Den milde smerte
30,4.3,,Nikita Mikhalkov,Nikita MikhalkovVladimir MoiseenkoAleksandr Novototskiy-Vlasov,"A look at the horrors of the Eastern Front of World War II from the points of view of repressed soldier of penal battalion and his young daughter, who stayed behind enemy lines.",Drama,3h 1m,Utomlennye solntsem 2
31,4.8,,Dwight H. Little,Alan B. McElroy,Jin Kazama witnesses the death of his mother Jun by Tekken in the slums known as Anvil. After finding a Tekken ID he decides to seek out vengeance for his mother's death.,"Action
Crime
Drama",1h 31m,Tekken
32,4.4,,Robin Christian,Robin Christian,"A distraught college student finds a phone that enables her to talk to her deceased mother in the past. Instead of a heart attack, she learns that her mother was murdered. She tries to use the phone to stop the murder from occurring before the killer finds and kills her too.",Drama,1h 52m,Disconnect
33,4.0,,Satish Kaushik,Shiraz Ahmed,"Hoping that destiny will re-unite them, a couple, on the verge of getting married, attempt to locate each other.","Drama
Romance",1h 49m,Milenge Milenge
34,6.5,,Daniel Grou,Patrick Senécal,"A doctor seeks revenge by kidnapping, torturing and killing the man who raped and murdered his young daughter.","Crime
Drama
Horror",1h 45m,7 Days
35,6.0,,Enrique Gabriel,Enrique GabrielLucia Lipschutz,Closely observed relationships: how the 2008 financial crisis affects the personal lives of various individuals who develop different surviving strategies when thrown together in a caravan site on outskirts of Madrid.,Drama,1h 55m,Vidas pequeñas
36,6.0,,Cory Cataldo,Cory Cataldo,"Will is a misfit who can't catch a break: he's terrorized by his psychotic father at home and taunted by his peers at school. His only solace comes from three classmates who face similar abuse. Without guidance or a sense of purpose, the four friends spend their days getting high and commiserating until they reach a breaking point. With nothing to lose and no escape f... Read all",Drama,1h 38m,Mad World
37,6.5,,Laura Casabe,Laura CasabeTomas Wortley,"In a popular auction that matches the sinister and colorful of a circus of phenomena, a couple adopts children in exchange for their belongings. The children there acquired, usually mutilated, are in their new home in order to prepare for access to the Peronist education program taught in only 10 state institutes.",Comedy,1h 25m,El hada buena - Una fábula peronista
38,7.1,,Miguel Coyula,Miguel CoyulaEdmundo Desnoes,"An intellectual leaves the Cuban revolution and 'underdevelopment' behind only to find himself at odds with the ambiguities of his new life in the 'developed' world. A portrait of alienation, of an outsider with no clear-cut politics or ideology. A stranger in a strange land struggling with old age, sexual desire and ultimately the impossibility for the individual to ... Read all",Drama,1h 53m,Memorias del desarrollo
39,4.7,,Bob Meyer,Randy Buescher,"Drunkboat tells the story of a young teenager, Abe, who manipulates his unsuspecting alcoholic uncle (Malkovich) into buying a boat from a conman (Goodman).",Drama,1h 38m,Drunkboat
40,3.3,,Erik de Castro,Erico BeduschiHeber TrigueiroErik de Castro,"A dangerous drug lord operates in Brasilia, the federal capital of Brazil. To capture him, the police will do whatever is necessary. Caught in the middle is a frightened population. ""Federals"" exposes the reality of a country that today is an important route for international drug-trafficking.",Drama,1h 31m,Federal
41,7.8,,Ron Althoff,Ron AlthoffMichael Su,"When a San Francisco detective goes hunting for the cruel Asian crime figure who killed his partner, he finds himself thrown into the center of a violent plot to steal a terrorist weapon. Ty Nelson is a detective haunted by the violent death of his partner at the hands of Choy Muk, the leader of the Triad Dragons-- a violent, fanatical Asian gang operating in San Fran... Read all",Action,1h 30m,Taken by Force
42,3.8,,Nestor Miranda,Nestor Miranda,Friends from Queens decide to move into a run down Harlem brownstone ultimately converting it into an illegal youth hostel in order to make ends meet.,"Comedy
Drama",1h 21m,Harlem Hostel
43,7.5,,Alejandro Alcondez,Alejandro Alcondez,"Death itself is not traumatic rather the life that dies inside of you while you remain with breath this is the life of Pablo Pastor. Corrupt and deceitful people have stolen a precious stone known by the indigenous tribe as the Cielito Lindo, which is believed to bring much needed rain back to the desert-like village of the Tahuromara Tribe. Pablo is forced to abandon... Read all",Drama,1h 31m,Cielito lindo
44,6.6,,Sky Christopherson,Sky Christopherson,"Freediver Max Avery (Justin Flint Williford) journeys to his inner-most depths as he pursues competitive freediving as a relief from a chronic lung disease. Yet his passion for the extreme sport is widening a rift between him and his father (Mark Brunetti), a physician, who hears his son's risky descents will cost him his life. As Max trains for one last world record ... Read all","Drama
Sport",1h,The Greater Meaning of Water
45,6.6,,Takeshi Kobayashi,Chika KanShunji Iwai,Four boys have their friendship and musical talents tested in the ever changing worlds of the music industry and real life in 1990s Japan.,Drama,1h 59m,Bandeiji
46,7.0,,Rudy Luna,Rudy Luna,"Primemates is a disturbing and honest conversation among four men in an exclusive cigar shop. They talk about love, relationships, and sex. While exploring men's fascination with younger women, Primemates delves into many political taboos usually associated with the intellectual.",Comedy,1h 22m,PrimeMates
47,6.5,,José Farinha,Maria José MorgadoJosé VegarVicente Alves do Ó,,Crime,1h 25m,O Inimigo Sem Rosto
48,3.9,,Ryan Combs,Ryan Combs,A young drug dealer sells his soul to the devil in order to become the #1 seller on the block.,"Drama
Fantasy
Thriller",1h 23m,King of the Avenue
49,7.5,,Sylvain Chomet,Sylvain Chomet,"A French illusionist finds himself out of work and travels to Scotland, where he meets a young woman. Their ensuing adventure changes both their lives forever.","Animation
Drama
Fantasy",1h 20m,The Illusionist
50,6.2,,Víctor González,Huili RaffoVíctor González,A well-intentioned novice priest tries to stay out of two older clerics' criminal scheme. Until money and a girl come into play.,Drama,2h 3m,The Chosen Heaven
51,7.4,,Justin Chadwick,Ann Peacock,The story of an 84 year-old Kenyan villager and ex Mau Mau veteran who fights for his right to go to school for the first time to get the education he could never afford.,"Biography
Drama
Romance",1h 43m,The First Grader
52,6.3,,Elias Goday,Elias GodaySara LimHenry Thomas,An almost fatal injury gives a young man his challenge of a lifetime.,Biography,1h 59m,Ironmen
53,6.7,,Nicole Mosleh,Nicole Mosleh,"Claire and Robert spend most of their time in a house they own in the beautiful and remote countryside in Italy. Their life seems to be perfect. But when Claire's sister gets murdered in the very same house, the traumatic event shakes up their relationship. Disappointment, fear and resentment they swept under the rug for years, resurface. Revealing the dark side of a ... Read all",Drama,1h 23m,Nemesis
54,7.1,,Anna Boden,Anna Boden,A clinically-depressed teenager gets a new start after he checks himself into an adult psychiatric ward.,"Comedy
Drama
Romance",1h 41m,It's Kind of a Funny Story
55,5.7,,Ajay Naidu,Heather Burns,"Ashes is the story of a young Indo-American man who struggles in the inner city of New York to support himself and his mentally ill older brother. When a group of small time Indian gangsters offer Ashes an easy road to wealth, he pursues them with vigor. With his brother's health on the decline and Ashes on a steady path towards hardcore crime, Ashes must try to choos... Read all","Crime
Drama",1h 17m,Ashes
56,5.5,,Katherine Brooks,Katherine Brooks,A woman suffering from multiple personality disorder tries to piece back together her life.,Drama,1h 29m,Waking Madison
57,3.6,,Douglas S. Younglove,Douglas S. Younglove,Horrific murders which once lived only in a young man's nightmares suddenly begin occurring in chilling reality in his hometown.,"Adventure
Crime
Drama",1h 34m,Killer by Nature
58,5.2,,Neil Jones,Stuart Brennan,"The story of Howard Winstone is a compelling one. Howard became Featherweight Champion of the World at the age of 29 in 1968. What makes Howard's story quite remarkable is that as a young man he lost the tips of three fingers in an industrial accident of his home town of Merthyr Tydfil. The accident was so severe that he was unable to make a fist with his right hand, ... Read all","Biography
Drama",2h 1m,Risen
59,5.1,,Martin Müller,Jan BubelaMartin MüllerZdenka Zvarová,Game of the reminiscence of the woman in the labyrinth of the city and time.,Drama,1h 15m,Bloudím
60,6.0,,András Vágvölgyi B.,István EörsiLászló EörsiFrigyes Gödrös,In the summer of 1959 Béla Kreuzer - a loader and gambler - is handcuffed and arrested. He is placed in detention and at first he thinks this is because his dubious activities on the racecourse but it soon turns out that the reason is his participation in the revolution in 1956. During the investigation old friends turn their backs on him as does his girlfriend. The o... Read all,Drama,1h 51m,Kolorádó Kid
61,5.8,,Robert Young,Hugh Janes,"A black comedy about an old rogue named Wally, who breaks all the rules to fulfill an old friends dying wish to be buried at sea.","Comedy
Drama",1h 28m,All at Sea
62,5.1,,Jerry Turner,Travis Michael Holder,"A closeted TV star and his recently disabled, much younger lover find the older man has a troubled, streetwise, 15-year-old homophobic son he never knew existed to add to their already strained household.",Drama,1h 23m,"Surprise, Surprise"
63,6.6,,Nicole Holofcener,Nicole Holofcener,"In New York City, a husband and wife butt heads with the granddaughters of the elderly woman who lives in the apartment the couple owns.","Comedy
Drama",1h 27m,Please Give
64,5.8,,Ryan Murphy,Ryan Murphy,"A married woman realizes how unhappy her marriage really is, and that her life needs to go in a different direction. After a painful divorce, she takes off on a round-the-world journey to ""find herself"".","Biography
Drama
Romance",2h 13m,Eat Pray Love
65,3.7,,Benjamin Gourley,Benjamin Gourley,"Leon and TJ are best friends and repo men. After ten years, with a high school reunion looming, Leon wants out of the repo business. TJ has concocted a hair-brained scheme to steal all the cars they've repoed. When the plan fails, it falls to Leon to save TJ from his own plan.","Comedy
Drama",1h 37m,Repo
66,5.5,,Haim Bouzaglo,Haim Bouzaglo,Two Maroccon organized crime families suffer the tragedies of their respective lives.,Crime,1h 58m,Honor
67,4.8,,Luke Kasdan,Luke Kasdan,A troubled music manager on the edge returns from Los Angeles to North Carolina to care for his sick father.,Drama,1h 29m,Don't Fade Away
68,5.7,,Michael Mandell,Michael Mandell,A futuristic thriller about a politically incorrect television personality who is forced to change his identity after several death attempts by his government.,Drama,1h 49m,Eager to Die
69,7.0,,Gregor Jordan,Peter Woodward,Follows a black-ops interrogator and an F.B.I. agent who try to press a suspect terrorist into divulging the location of three nuclear weapons set to detonate in the U.S.,"Crime
Drama
Thriller",1h 37m,Unthinkable
70,6.7,,Antoinette Beumer,Marnie BlokKarin van Holst PellekaanHeleen van Royen,"After giving birth to her first child, a happily-married woman sees her picture-perfect life spiral out of control.",Comedy,1h 40m,De gelukkige huisvrouw
71,5.0,,Katie Torpey,Shaun O'Sullivan,"A young American woman is found dead on a beach in Ireland under mysterious circumstances. Her best friend, refusing to believe it was an accident, travels to the remote fishing village to investigate what really happened to her.","Drama
Mystery
Thriller",1h 24m,Truth About Kerry
72,3.7,,Marc Goldstein,Marc Goldstein,Synopsis Henry and Jack are two famous and talented pianists: they are rivals and try to outdo each other in the various music events where they regularly compete. They have known each other since their days at the music academy and developed a very strong friendship. They met Lana there and Jack had an affair with her then. This friendship deteriorated along the year... Read all,Drama,1h 25m,"Glenn, the Flying Robot"
73,4.4,,Jason Konopisos-Alvarez,Jason Konopisos-Alvarez,A man travels through corporate corruption and his own sin to find his soul.,"Action
Crime
Drama",1h 32m,The Waiter
74,6.4,,Kevin K. Shah,Kevin K. Shah,"A sweet career housewife has been married to the same crotchety man for 40 years and she just can't take another day of it. She starts to poison his food - just to see if he might change. When he falls gravely ill, both are awakened to the raw reality of a life or death choice.","Drama
Thriller",1h 28m,White Knuckles
75,6.8,,Paul Greengrass,Brian Helgeland,Discovering covert and faulty intelligence causes a U.S. Army officer to go rogue as he hunts for Weapons of Mass Destruction in an unstable region.,"Action
Drama
Thriller",1h 55m,Green Zone
76,7.2,,Zak Forsman,Zak Forsman,"""Heart of Now"" concerns a young woman with a profound longing for a sense of family. Devastated by her boyfriend's sudden withdrawal from their relationship, she is whisked across a contrast of urban, natural and emotional landscapes. She confronts the deeper issues at the very heart of her suffering, and finds transcendence in a brief moment at the very heart of now.",Drama,1h 30m,Heart of Now
77,6.2,,Garik Sukachyov,Ivan OkhlobystinNataliya PavlovskayaGarik Sukachyov,A young woman Sasha meets a hippie leader and finds trouble.,Drama,1h 50m,Dom Solntsa
78,7.4,,Gustavo Charif,Gustavo CharifAndrés Onna,"A great magician and escapologist, is able to escape from most difficult places, but is unable to escape from his ordinary reality. Soon he understands that is faced his hardest challenge: go out from his country.",Drama,1h 10m,La razón
79,4.8,,Carl Colpaert,Carl ColpaertDomenic Siclari,A ghost story set in the city of dreams.,Drama,1h 42m,The Land of the Astronauts
80,4.7,,James Quattrochi,Salvatore Polisi,"NYC, 1972: After a bloody mob war all summer, the 5 mob families keep the peace at Sinatra Club with Gotti's upcoming silver heist as a joint venture.","Action
Biography
Crime",1h 28m,Sinatra Club
81,4.4,,Hemant Madhukar,Hemant Madhukar,"A spate of unexpected events jolted Rahul as soon as he landed from U.S. Now, Rahul finds himself trapped in his own flat, completely cut off from the world. The only companion he has is a ghost, a ghost that will not let go of him.","Drama
Horror
Romance",1h 43m,A Flat
82,6.3,,Lasse Hallström,Jamie Linden,A romantic drama about a soldier who falls for a conservative college student while he's home on leave.,"Drama
Romance
War",1h 48m,Dear John
83,7.0,,Szabolcs Hajdu,Szabolcs Hajdu,"In order to regain custody of her daughter, whom she left in the care of her fortune-telling aunt, Mona must tell a social worker her story. The tale she spins---and the movie we watch---is a wild, surreal adventure in which people are able to project and enter each other's dreams, and our heroine is sold into slavery and lands in a swank, debauched Liverpool brothel ... Read all",Drama,1h 45m,Bibliothèque Pascal
84,5.2,,Ryan Combs,Ryan Combs,"The ""Latin Dragon"" does it again this roller coaster ride of martial arts action. Police Detective Bobby Giovanni's wife has been murdered, his children taken into care and he wants revenge.","Action
Crime
Drama",1h 40m,Double Tap
85,4.1,,Marko Mäkilaakso,Marko Mäkilaakso,A platoon of American and Finnish soldiers is driven deep into a Russian forest where its Captain discovers a terrifying secret.,"Action
Adventure
Horror",1h 26m,War of the Dead
86,3.2,,Michael Gleissner,Michael Gleissner,"Deep Gold follows Amy Sanchez, a champion free diver who, along with her sister Jess, find themselves thrown into the middle of a deadly conspiracy. After a government plane carrying a fortune in gold goes missing over Philippine waters, Amy and Jess struggle to investigate the disappearance with help from Lulu and the mysterious Benny Simpson. Soon, the girls learn t... Read all",Action,1h 26m,Deep Gold
87,2.8,,Kantz,Lucas James CulshawKantz,When a group of religious zealots destroy everything that he loves and leaves him for dead; A man embarks on a journey of revenge that will take him through all the post-apocalyptic dangers that is WASTELAND.,Action,1h 20m,Wasteland
88,7.0,,Gregory D. Widmer,Gregory D. Widmer,"Fed up with their lives among the shady creatures of Zurich's seedy underworld, a brother and a sister risk everything to win it all.",Action,1h,Züri Zoo
89,3.0,,Uwe Boll,Michael Nachoff,Rayne joins a resistence group to fight against the Nazis during World War II.,"Action
Adventure
Fantasy",18,The Blood Reich - Bloodrayne 3
90,3.9,,Takao Nakano,Alice OzawaYayoi Yanagida,A female office worker takes a diet supplement made from wasps which transforms her into a sex hungry wasp woman.,Action,1h 32m,Wasp Woman in Tokyo
91,7.3,,Gore Verbinski,John Logan,"Rango is an ordinary chameleon who accidentally winds up in the town of Dirt, a lawless outpost in the Wild West in desperate need of a new sheriff.","Animation
Action
Adventure",1h 47m,Rango
92,4.1,,Tanner Beard,Tanner Beard,"The story of how 'Hell's Gate' at Possum Kingdom Lake, Texas came to have its name. Relive the story of how three outlaws' expeditions and encounters through historical 1870s Texas were remembered for a lifetime.","Action
Adventure
History",1h 48m,The Legend of Hell's Gate: An American Conspiracy
93,3.1,,Antonio Hernández,Víctor Mora,A 12th-century knight-errant wanders the world fighting injustice and is accompanied by his faithful friends Crispin and Goliath.,"Action
Adventure",1h 48m,El Capitán Trueno y el Santo Grial
94,3.4,,Darrin Dickerson,Darrin Dickerson,"A team of special ops mercenaries is sent on a mission to rescue a kidnapped kid, believed to be held in an abandoned government facility but this simple search and rescue turns into a fight for survival.",Action,1h 38m,D4
95,6.3,,Evan Glodell,Evan Glodell,"Two friends spend all their free time building flame-throwers and weapons of mass destruction in hopes that a global apocalypse will occur and clear the runway for their imaginary gang ""Mother Medusa"".","Action
Drama
Romance",1h 43m,Bellflower
96,6.9,,Mathieu Kassovitz,Mathieu Kassovitz,Dissidents in a French overseas territory attack a police station and take hostages.,"Action
Drama
History",2h 16m,Rebellion
97,3.4,,Curt A. Sindelar,Charlie Armstrong,Three companies of paratroopers travel in a deadly mission to France to prepare the drop zone for the airborne attack on the D-Day. They have to install an Eureka transmitter and searchlight to guide the planes in the Normandy invasion.,"Action
Drama
History",1h 40m,Pathfinders: In the Company of Strangers
98,6.0,,Juan Felipe Orozco,Esteban Orozco,A former guerrilla is reluctantly drawn into the vengeance scheme of one of his victims.,Action,1h 30m,Saluda al diablo de mi parte
99,6.9,,Marv Z Silverman,Marv Z Silverman,"It's been almost 30 years since the King died. But was he really dead? In 1977, he was whisked away to another galaxy, but now, the King returns. As he doesn't want anyone to know who he really is, he enters an Elvis impersonator contest in Las Vegas. And the trouble begins...",Action,1h 41m,Memphis Rising: Elvis Returns
100,9.8,,Alex Kobbs,Alex Kobbs,"In this epic game of capture the flag, the blue and red team fight on the shores of Zanzibar.",Short,27m,Battle of the Brick: Built for Combat
101,6.1,,K. Madesh,K. MadeshK.V. RajuGautham Vasudev Menon,"The conscientious policeman ACP Surya is a powerful and efficient officer who works for law and order and protects people. One day when he is chasing criminals, he meets Maya and falls in love with her. He had previously thought that no woman could ever touch his heart again. Therefore he behaves a little awkwardly and cannot find the right words. Maya, on the other h... Read all",Action,2h 23m,Dandam Dashagunam
102,4.5,,Christopher Olness,Christopher Olness,"A washed up Vegas lounge singer, Jack Satin (Hamilton von Watts), has no money, no job, and delusional aspirations of fame. When Jack is forced to leave Vegas, he packs up his old Cadillac and hits the road for Atlantic City. But his car dies in the desert and Jack is left stranded in the small town of Lost Springs. There, Jack meets jazz legend turned mechanic, Doc B... Read all","Comedy
Drama
Music",1h 24m,Satin
103,5.9,,Beto Gómez,Francisco Payó González,A Mexican crime lord is forced by his mother to plan a suicidal rescue mission to find his lost brother in the most unexpected place on Earth...,"Adventure
Comedy
Western",1h 45m,Private Pérez
104,6.6,,Robin Christian,Robin Christian,"An out of work young actor with no respect for the elderly makes himself into an old man to get a part in a play. When research requires him to spend a week at a nursing home, he is forced to review his life choices.","Comedy
Drama",1h 41m,Act Your Age
105,2.9,,Jesús Bonilla,Joaquín AndújarJesús Bonilla,"Forged in ancient Egypt, Dagger of Rasputin is a legendary jewel that gives almost absolute power to its possessor. Caesar, Attila and Napoleon were some of their illustrious owners. The track jewel is lost in Russia, with the death of its last owner, the mad monk Rasputin. Since then, governments and powerful people have searched in vain. But suddenly, in a Spanish p... Read all",Adventure,1h 39m,La daga de Rasputín
106,4.4,,Chad Archibald,Chad ArchibaldRy BarrettGabriel Carrer,"Six strangers awake to find themselves the new tenants of a mysterious old house. Terrorized by insane Tiki-men in masks and taunted by their deranged captors,it soon becomes clear that only one singular action will save them: Kill.",Comedy,1h 30m,Kill
107,4.7,,Mike Disa,Cory Edwards,"Red Riding Hood is training in the group of Sister Hoods, when she and the Wolf are called to examine the sudden mysterious disappearance of Hansel and Gretel.","Animation
Adventure
Comedy",1h 27m,Hoodwinked Too! Hood vs. Evil
108,7.9,,Lisa Hammer,Ben Edlund,The Manson family meets Austin Powers.,"Comedy
Sci-Fi",1h 40m,Pox
109,5.2,,Vincent Foster,Vincent Foster,"Eve Malone runs against a crooked Congressman...but does it in the nude. Starring Academy Award nominees Charles Durning (""The Best Little Whorehouse in Texas"") and Eileen Brennan (""Private Benjamin""), and Richard Tyson (""Black Hawk Down"". ""There's Something About Mary"").",Comedy,1h 24m,Naked Run
110,4.8,,Blayne Weaver,Blayne Weaver,A womanizer teaches his clueless friend the rules about being single and avoiding emotional attachment.,Comedy,1h 40m,6 Month Rule
111,5.5,,Angel Gracia,Fina Torres,"A Latina spin on Jane Austen's ""Sense and Sensibility"": two spoiled sisters who have been left penniless after their father's sudden death are forced to move in with their estranged aunt in East Los Angeles.","Action
Comedy
Drama",1h 47m,From Prada to Nada
112,6.7,,Bibo Bergeron,Stéphane Kazandjian,"A 3D-animated movie set in Paris in the year 1910 and centered on a monster who lives in a garden and his love for a beautiful, young singer.","Animation
Adventure
Comedy",1h 30m,A Monster in Paris
113,3.2,,Václav Vorlícek,Milos MacourekVáclav VorlícekDavid Bros,"A sequel to a cult Czech fantasy comedy The Girl on a Broomstick (1972). Once upon a time, there was a young and very stubborn pupil of magic, Saxana (Petra Cernocká), who escaped from Fairyland into the human world, fell in love with a mortal and lived happily ever after - keeping her past a secret from everyone. Now, her 9-year old daughter, Saxanka, discovers her m... Read all",Animation,1h 30m,Saxána a Lexikon kouzel
114,7.7,,Leland Steigs,Leland Steigs,"Lives and Deaths of the Poets spoofs and parodies incidents taken from the lives of famous writers, artists, and musicians (collectively ""Poets"") throughout history. Comprising a series of approximately 50 comic vignettes, the movie is the fictional story of what really did not happen to these famed Poets, who have so enriched all of our lives.",Comedy,1h 33m,Lives and Deaths of the Poets
115,3.9,,Antti Haikala,Mikael Wahlforss,"When a powerful crystal falls into the wrong hands, a young orphan must return it to safety before it's too late.","Animation
Adventure
Comedy",1h 20m,The Magic Crystal
116,8.0,,Marcell Jankovics,Marcell JankovicsImre Madách,"Adam's and Eve's epic journey throughout history trying to find the meaning of human life. Do we grow in wisdom as centuries pass, or just drift towards an inevitable doom?",Animation,2h 40m,The Tragedy of Man
117,4.6,,Thaelman Urgelles,Edilio PeñaThaelman Urgelles,The obsession of The Mother for The Negro causes her sick relationship with The Daughter. Mother and daughter perform a daily routine of rites to conjure The Negro's soul. It pushes them into the dolorous tragedy which will consume them.,Drama,1h 50m,Los pájaros se van con la muerte
118,6.5,,Alexander Klymko,Charles MessinaLynwood Shiva SawyerFrank Hickey,"Jonathan, an electronics expert and spy, is hired to track a beautiful woman with a harrowing past. Little does he know that this will be an assignment like no other. As he carries on with his surveillance, he cannot ignore that his feelings are growing for this woman, his ""target"". He is getting too involved. It's getting too real. He finally crosses a professional l... Read all",Action,1h 50m,Spy
119,8.7,,Kasper Syhler,Kasper Syhler,"A man blames himself for the death of his girlfriend, which makes him go into emotional isolation. He lives in his own little mental bubble, from which he can't see out of. A woman then comes as sent from above, and he can see her through the wall of the bubble. But the bubble has to burst, for him to reach her... to reach her world... to find himself.",Drama,1h 20m,Bubbles
