,0,1,2,3,4
0,Robert Downey Jr.,1965,"['Iron Man', 'Iron Man 3', 'Sherlock Holmes', 'Vengadores: Endgame']","['Reparto', 'Producción', 'Guion']","['Academy Awards USA Gan', 'Academy of Science Fiction Fantasy & Horror Films USA Nom', 'Boston Society of Film Critics Awards Nom', 'BAFTA Awards Gan', 'Critics Choice Awards Gan']"
1,Gwyneth Paltrow,1972,"['Shakespeare in Love (Shakespeare enamorado)', 'Dos vidas en un instante', 'Emma', 'Iron Man 3']","['Reparto', 'Producción', 'Dirección']","['Academy Awards USA Gan', 'Academy of Science Fiction Fantasy & Horror Films USA Nom', 'Bambi Awards Gan', 'Blockbuster Entertainment Awards Gan', 'BAFTA Awards Nom']"
2,Don Cheadle,1964,"['Crash (Colisión)', 'El irlandés', 'Hotel Rwanda', 'Miles Ahead']","['Reparto', 'Producción', 'Dirección']","['Academy Awards USA Nom', 'Berlin International Film Festival Nom', 'BET Awards Nom', 'Blockbuster Entertainment Awards Nom', 'BAFTA Awards Nom']"
3,Scarlett Johansson,1984,"['Lost in Translation', 'Her', 'Los Vengadores', 'Viuda Negra']","['Reparto', 'Producción', 'Dirección']","['Academy Awards USA Nom', 'Academy of Science Fiction Fantasy & Horror Films USA Nom', 'American Comedy Awards USA Nom', 'Blockbuster Entertainment Awards Nom', 'Boston Society of Film Critics Awards Gan']"
4,Sam Rockwell,1968,"['Moon', 'Tres anuncios en las afueras', 'Confesiones de una mente peligrosa', 'Siete psicópatas']","['Reparto', 'Producción', 'Dirección']","['Academy Awards USA Nom', 'Academy of Science Fiction Fantasy & Horror Films USA Nom', 'Berlin International Film Festival Gan', 'Boston Society of Film Critics Awards Nom', 'BAFTA Awards Nom']"
5,Mickey Rourke,1952,"['Sin City: Ciudad del pecado', 'El luchador', 'El corazón del ángel', 'Iron Man 2']","['Reparto', 'Guion', 'Producción']","['Academy Awards USA Nom', 'Academy of Science Fiction Fantasy & Horror Films USA Gan', 'Boston Society of Film Critics Awards Gan', 'BAFTA Awards Gan', 'Critics Choice Awards Nom']"
6,Samuel L. Jackson,1948,"['Pulp Fiction', 'Los odiosos ocho', 'Serpientes en el avión', 'Capitana Marvel']","['Reparto', 'Producción', 'Equipos adicionales']","['Academy Awards USA Nom', 'Academy of Science Fiction Fantasy & Horror Films USA Nom', 'Acapulco Black Film Festival Nom', 'Annie Awards Nom', 'Bambi Awards Gan']"
7,Clark Gregg,1962,"['Los Vengadores', 'Agentes de S.H.I.E.L.D.', '2013–2020 • 136 episodios', 'Richard Campbell', 'Lord High Charlie']","['Reparto', 'Dirección', 'Guion']","['Academy of Science Fiction Fantasy & Horror Films USA Gan', 'Florida Film Critics Circle Awards Gan', 'Film Independent Spirit Awards Nom', 'Locarno International Film Festival Nom', 'National Board of Review USA Gan']"
8,John Slattery,1962,"['Spotlight', 'Destino oculto', 'Ant-Man', 'Capitán América: Civil War']","['Reparto', 'Dirección', 'Producción']","['Primetime Emmy Awards Nom', 'Satellite Awards Nom', 'Gotham Awards Gan', 'Film Independent Spirit Awards Gan', 'Monte-Carlo TV Festival Nom']"
9,Garry Shandling,1949,"['El show de Larry Sanders', '1992–1998 • 89 episodios', 'Guion(creator)', 'Senator Stern', 'Senator Stern']","['Guion', 'Reparto', 'Producción']","['American Comedy Awards USA Nom', 'BAFTA Awards Gan', 'CableACE Awards Nom', 'Primetime Emmy Awards Nom', 'Golden Globes USA Nom']"
10,Johnny Depp,1963,"['Sweeney Todd: El barbero diabólico de la calle Fleet', 'Piratas del Caribe: La maldición de la Perla Negra', 'Piratas del Caribe: En el fin del mundo', 'Piratas del Caribe: El cofre del hombre muerto']","['Reparto', 'Producción', 'Dirección']","['Academy Awards USA Nom', 'Academy of Science Fiction Fantasy & Horror Films USA Nom', 'Blockbuster Entertainment Awards Gan', 'BAFTA Awards Nom', 'British Independent Film Awards Nom']"
11,Angelina Jolie,1975,"['Maléfica', 'Inocencia interrumpida', 'El intercambio', 'Lara Croft: Tomb Raider']","['Reparto', 'Producción', 'Dirección']","['Academy Awards USA Nom', 'Academy of Science Fiction Fantasy & Horror Films USA Nom', 'American Society of Cinematographers USA Gan', 'Berlin International Film Festival Gan', 'Blockbuster Entertainment Awards Gan']"
12,Paul Bettany,1971,"['Bruja Escarlata y Visión', '2021 • 9 episodios']","['Reparto', 'Producción', 'Guion']","['Academy of Science Fiction Fantasy & Horror Films USA Nom', 'BAFTA Awards Nom', 'British Independent Film Awards Nom', 'Critics Choice Awards Nom', 'Camerimage Nom']"
13,Timothy Dalton,1946,"['007: Alta tensión', '007: Licencia para matar', 'Arma fatal', 'Rocketeer']","['Reparto', 'Banda sonora']","['Biarritz International Festival of Audiovisual Programming Gan', 'TV Guide Awards Gan', 'Jupiter Award Nom', 'Behind the Voice Actors Awards Nom', 'The Stinkers Bad Movie Awards Nom']"
14,Steven Berkoff,1937,"['Octopussy', 'La naranja mecánica', 'Superdetective en Hollywood', 'The Tourist']","['Reparto', 'Guion', 'Dirección']","['San Diego Film Critics Society Awards Gan', 'British Horror Film Festival UK Nom', 'UK Film Festival UK Gan', 'Tabloid Witch Awards Gan', 'Independent Horror Movie Awards Gan']"
15,Rufus Sewell,1967,"['Dark City', 'El ilusionista', 'Destino de caballero', 'Judy']","['Reparto', 'Banda sonora']","['BAFTA Awards Nom', 'Critics Choice Awards Nom', 'Primetime Emmy Awards Nom', 'Monte-Carlo TV Festival Nom', 'Teen Choice Awards Nom']"
16,Christian De Sica,1951,"['The Tourist', 'Faccione', 'Il conte Max', 'Il figlio più piccolo']","['Reparto', 'Guion', 'Dirección']","['David di Donatello Awards Gan', 'Italian National Syndicate of Film Journalists Gan', 'Telegatto Italy Gan', 'Golden Globes Italy Gan', 'Kineo Awards Italy Gan']"
17,Alessio Boni,1966,"['La mejor juventud', 'The Tourist', 'La chica en la niebla', 'Camino sin retorno']","['Reparto', 'Equipos adicionales', 'Dirección']","['Italian National Syndicate of Film Journalists Nom', 'Monte-Carlo TV Festival Nom', 'Montecatini International Short Film Festival Gan', 'Salerno Shadowline Film Festival Gan', 'Flaiano International Prizes Gan']"
18,Bruce Willis,1955,"['Jungla de cristal', 'Pulp Fiction', 'Luz de luna', '1985–1989 • 66 episodios', '1999']","['Reparto', 'Producción', 'Guion']","['Academy of Science Fiction Fantasy & Horror Films USA Nom', 'American Comedy Awards USA Nom', 'Blockbuster Entertainment Awards Nom', 'Boston Society of Film Critics Awards Nom', 'Critics Choice Awards Nom']"
19,Mary-Louise Parker,1964,"['Weeds', '2005–2012 • 102 episodios', '2010', 'Harper Pitt', 'Proctor']","['Reparto', 'Producción', 'Equipos adicionales']","['Primetime Emmy Awards Nom', 'Gemini Awards Gan', 'Genie Awards Nom', 'Golden Globes USA Nom', 'Satellite Awards Nom']"
20,Jefferson Brown,1976,"['Carrie', 'RED', 'Please Kill Mr. Know It All', 'Mr. Viral']","['Reparto', 'Producción', 'Banda sonora']","['Canadian Comedy Awards Nom', 'Contribuir a esta página ir ']"
21,Karl Urban,1972,"['Star Trek', 'El señor de los anillos: Las dos torres', 'El señor de los anillos: El retorno del rey', 'Doom']","['Reparto', 'Producción', 'Equipos adicionales']","['Boston Society of Film Critics Awards Gan', 'Critics Choice Awards Gan', 'National Board of Review USA Gan', 'New Zealand Film and TV Awards (I) Nom', 'Screen Actors Guild Awards Gan']"
22,Rebecca Pidgeon,1965,"['State and Main', 'RED', 'El último golpe', 'El caso Winslow']","['Reparto', 'Composición', 'Guion']","['Florida Film Critics Circle Awards Gan', 'Satellite Awards Nom', 'National Board of Review USA Gan', 'Online Film Critics Society Awards Gan', 'Phoenix Film Critics Society Awards Nom']"
23,Morgan Freeman,1937,"['Seven', 'Paseando a Miss Daisy', 'El caballero oscuro', 'Million Dollar Baby']","['Reparto', 'Producción', 'Dirección']","['Academy Awards USA Nom', 'Academy of Science Fiction Fantasy & Horror Films USA Nom', 'Acapulco Black Film Festival Gan', 'American Comedy Awards USA Nom', 'American Film Institute USA Gan']"
24,Jaqueline Fleming,1977,"['The Quad', '2017–2018 • 5 episodios', 'Laundry Woman #1(as Jacqueline Fleming)', 'Serie de TV', '7,0']","['Reparto', 'Producción', 'Guion']","['Harlem International Film Festival Gan', 'Downtown Film Festival Los Angeles Gan', 'Telly Awards Gan', 'Nocturna Nom']"
25,Dolph Lundgren,1957,"['Rocky IV', 'The Punisher: Vengador', 'Masters del universo', 'Soldado universal']","['Reparto', 'Producción', 'Dirección']","['Napierville Cinema Festival Gan', 'Málaga International Week of Fantastic Cinema Gan', 'CineRockom International Film Festival Gan', 'Contribuir a esta página ir ']"
26,Samantha Ferris,1969,"['El hombre de las sombras', 'Chantaje', 'La hora de la araña', 'Stargate SG-1', '1999 • 2 episodios']",['Reparto'],"['Fangoria Chainsaw Awards Nom', 'Contribuir a esta página ir ']"
27,David James Lewis,1976,"['Dirk Gently: Agencia de investigaciones holísticas', '2016 • 6 episodios', '2013', '2019', '2023']","['Reparto', 'Producción', 'Guion']","['Leo Awards Nom', 'Maverick Movie Awards Nom', 'Vancouver Web Fest Nom', 'UBCP/ACTRA Awards Vancouver Nom']"
28,Bo Svenson,1941,"['Malditos bastardos', 'Kill Bill: Volumen 2', 'Pisando fuerte III: Encuentro final', 'North Dallas Forty']","['Reparto', 'Guion', 'Producción']","['Academy of Science Fiction Fantasy & Horror Films USA Gan', 'Golden Apple Awards Nom', 'Image Awards (NAACP) Nom', 'Rhode Island International Film Festival Nom', 'Rome Independent Film Festival Nom']"
29,Monique Ganderton,1980,"['Vengadores: Endgame', 'Vengadores: Infinity War', 'Atómica', 'Capitana Marvel']","['Especialistas', 'Reparto', 'Dirección de la segunda unidad o asistencia a dirección']","['Screen Actors Guild Awards Nom', 'Taurus World Stunt Awards Gan', 'Online Film & Television Association Nom', 'Contribuir a esta página ir ']"
30,Tim Simek,1960,"['¿A quién ama Gilbert Grape?', 'Dead in the Head', 'Lone Wolf', 'Corto']","['Reparto', 'Producción', 'Guion']","['Studio City Film Festival US Nom', 'Terror in the Bay Film Festival Nom', 'Contribuir a esta página ir ']"
31,James Markham Hall Jr.,1979,"['Malditos vecinos', 'Escuela para fracasados', 'Laguna Ave', 'Iverson']","['Cámara y electricidad', 'Dirección de fotografía y cámara', 'Reparto']","['Primetime Emmy Awards Nom', 'WorldFest Houston Gan', 'Contribuir a esta página ir ']"
32,Danielle Harris,1977,"['No le digas a mamá que la canguro ha muerto', 'Halloween 4: El regreso de Michael Myers', 'Halloween 2', 'El último boy scout']","['Reparto', 'Producción', 'Dirección']","['Young Artist Awards Nom', 'Fangoria Chainsaw Awards Nom', 'Burbank International Film Festival Gan', 'FEARnyc Gan']"
33,Tony Todd,1954,"['Candyman, el dominio de la mente', 'La Roca', 'The Man from Earth', 'El cuervo']","['Reparto', 'Producción', 'Dirección']","['BAFTA Awards Nom', 'Method Fest Gan', 'New York City Horror Film Festival Gan', 'Fangoria Chainsaw Awards Gan', 'San Diego Black Film Festival Gan']"
34,Kane Hodder,1955,"['Seven', 'Daredevil', 'Monster', 'Hatchet']","['Reparto', 'Especialistas', 'Producción']","['Austin Fantastic Fest Gan', 'Louisville Fright Night Film Fest Gan', 'Northeast Film Festival Horror Fest Gan', 'Housecore Horror Film Festival Gan', 'Mindfield Film Festival Albuquerque Gan']"
35,Parry Shen,1973,"['Hospital General', '2013–2023 • 303 episodios', 'Additional Characters(voz)', 'Ben Manibag', 'Shawn']","['Reparto', 'Producción', 'Equipos adicionales']","['Studio City Film Festival US Gan', 'Anaheim International Film Festival Gan', 'Marina del Rey Film Festival Gan', 'Zed Fest Film Festival Gan', 'Independent Horror Movie Awards Nom']"
36,Tom Holland,1943,"['Noche de miedo', 'Muñeco diabólico', 'Psicosis II: El regreso de Norman', ""Muñeco diabólico (Child's Play)""]","['Reparto', 'Guion', 'Dirección']","['Academy of Science Fiction Fantasy & Horror Films USA Nom', 'Avoriaz Fantastic Film Festival Nom', 'Edgar Allan Poe Awards Nom', 'Fantasporto Gan', 'Brive Mid-Length Film Meeting Nom']"
37,R.A. Mihailoff,1956,"['Papá Cadillac', 'La matanza de Texas III', 'Slasher.com', 'Eddie Presley']","['Reparto', 'Producción', 'Especialistas']","['FANtastic Horror Film Festival San Diego Nom', 'Contribuir a esta página ir ']"
38,AJ Bowen,1977,"['Tú eres el siguiente', 'La señal - The Signal', 'La casa del diablo', 'The Sacrament']","['Reparto', 'Producción', 'Guion']","['Fangoria Chainsaw Awards Nom', 'Austin Fantastic Fest Gan', 'iHorror Awards Nom', 'Contribuir a esta página ir ']"
39,Ed Ackerman,1977,"['El joven Sheldon', '2019–2020 • 2 episodios', '2011', 'Asst. DA McClatchy', 'Jason']","['Reparto', 'Guion', 'Producción']","['Contribuir a esta página ir ', 'Más de esta persona  ob']"
40,Aleksandr Baluev,1958,"['Deep Impact', 'El pacificador', 'Prueba de vida', 'Musulmanin']",['Reparto'],"['Nika Awards Gan', 'Russian Guild of Film Critics Gan', 'Sochi Open Russian Film Festival Gan', 'Golden Eagle Awards Russia Nom', 'APKIT Awards Nom']"
41,Yury Belyayev,1947,"['Moonzund', 'Russkiy bunt', 'Vor (el ladrón)', 'El asesino del zar']",['Reparto'],"['Golden Eagle Awards Russia Nom', 'Contribuir a esta página ir ']"
42,Bogdan Benyuk,1957,"['Maty apostoliv', 'Batko', 'Kapitan Krokus', 'Likvidatsiya', '2007 • 2 episodios']",['Reparto'],"[""People's Artist of Ukraine Gan"", 'Dovzhenko State Prize of Ukraine Gan', 'Västeras Film Festival Nom', 'Stozhary International Actors Film Festival Gan', 'Ukrainian Film Academy Awards Nom']"
43,Aleksandr Klyukvin,1956,"['El Almirante', 'Pyotr Leshchenko. Vsyo, chto bylo...', '2013 • 1 episodio', 'Oleg Ivanovich', 'Miniserie de TV']",['Reparto'],"[""People's Artist of Russian Federation Gan"", 'Contribuir a esta página ir ']"
44,Vladimir Mashkov,1963,"['Misión: Imposible - Protocolo fantasma', 'Papa', 'Tras la línea enemiga', 'Tres segundos']","['Reparto', 'Producción', 'Dirección']","['Geneva Film Festival Gan', 'Moscow International Film Festival Gan', 'Nika Awards Gan', 'Kinoshok - Open CIS and Baltic Film Festival Gan', 'San Raphael Russian Cinema Festival Gan']"
45,Rajinikanth,1950,"['Enthiran', 'Sivaji', '2.0', 'Kabali']","['Reparto', 'Guion', 'Producción']","['National Film Awards India Gan', 'International Film Festival of India Gan', 'Filmfare Awards South Nom', 'NDTV Indian of the Year IN Gan', 'Vijay Awards Gan']"
46,Aishwarya Rai Bachchan,1973,"['Jodhaa Akbar', 'Hum Dil De Chuke Sanam', 'Dhoom:2', 'Devdas']","['Reparto', 'Producción', 'Banda sonora']","['Filmfare Awards Nom', 'Awards of the International Indian Film Academy Nom', 'Zee Cine Awards Gan', 'Apsara Film Producers Guild Awards Nom', 'Bollywood Awards Nom']"
47,Danny Denzongpa,1948,"['Baby', 'Enthiran', 'Siete años en el Tíbet', 'Agneepath']","['Reparto', 'Guion', 'Producción']","['Filmfare Awards Nom', 'Bollywood Awards Nom', 'Contribuir a esta página ir ']"
48,Santhanam,1980,"['Enthiran', 'Boss Engira Baskaran', 'Velayudham', 'Deiva Thirumagal']","['Reparto', 'Producción', 'Guion']","['Filmfare Awards South Nom', 'South Indian International Movie Awards Nom', 'Vijay Awards Gan', 'Edison Awards India Gan', 'Ananda Vikatan Cinema Awards Gan']"
49,Cochin Hanifa,1951,"['Enthiran', 'Paasa Paravaigal', 'Moonnu Masangalkku Munpu', 'Oru Sindoora Pottinte Ormaykku']","['Reparto', 'Guion', 'Dirección']","['Kerala State Film Awards Gan', 'Tamil Nadu State Film Awards India Nom', 'Contribuir a esta página ir ']"
50,Devadarshini Chetan,1975,"['Enthiran', 'Eega', 'Mersal', '96']",['Reparto'],"['Filmfare Awards South Nom', 'Tamil Nadu State Film Awards India Gan', 'Critics’ Choice Shorts and Series Awards India Nom', 'Contribuir a esta página ir ']"
51,Gabrielle Elyse,1996,"['Nicky, Ricky, Dicky y Dawn', '2014–2015 • 15 episodios', '2019', 'Maddy', 'Serie de TV']",['Reparto'],"['Young Entertainer Awards Nom', 'Contribuir a esta página ir ']"
52,Austin Fryberger,1995,"['Mi hermana invisible', '2015', 'Zene', 'Serie de TV', '5,8']",['Reparto'],"['Young Artist Awards Nom', 'Contribuir a esta página ir ']"
53,Rich Fulcher,1968,"['The Mighty Boosh', '2003–2007 • 20 episodios', '2023', 'RichVariousDick Bent', 'Judge']","['Reparto', 'Producción', 'Guion']","['NAVGTR Awards Nom', 'Contribuir a esta página ir ']"
54,Ashley Argota Torres,1993,"['True Jackson, VP', '2008–2011 • 56 episodios', 'Lou Chan(as Ashley Argota)', 'Serie de TV', '5,7']","['Reparto', 'Guion', 'Producción']","['Asian American International Film Festival Gan', 'Evolution! Mallorca International Film Festival Nom', 'Toronto International Women Film Festival Nom', 'Contribuir a esta página ir ']"
55,Amy Landecker,1969,"['Como la vida misma', 'Un tipo serio', 'Transparent', '2014–2019 • 42 episodios', '2020']","['Reparto', 'Dirección', 'Producción']","['Screen Actors Guild Awards Nom', 'Gold Derby Awards Nom', 'Baltimore Next Media Web Fest Gan', 'Contribuir a esta página ir ']"
56,Tsai Chin,1933,"['Memorias de una geisha', 'Shang-Chi y la leyenda de los diez anillos', 'Sólo se vive dos veces', 'Casino Royale']","['Reparto', 'Música', 'Banda sonora']","['Chlotrudis Awards Nom', 'Alliance of Women Film Journalists Nom', 'Gold List Gan', 'Contribuir a esta página ir ']"
57,Hsiao-Yuan Ha,1981,"['Suan tian zhi wei', '2017 • 12 episodios', '2020', 'Piggy Yang', 'Big Pong']",['Reparto'],"['Golden Bell Awards Taiwan Nom', 'Contribuir a esta página ir ']"
58,Wai Ching Ho,1943,"['Daredevil', '2015–2016 • 6 episodios', '2010', '2003', 'Mrs. Lee']","['Reparto', 'Banda sonora']","['Puchon International Fantastic Film Festival Gan', 'Málaga International Week of Fantastic Cinema Gan', 'Contribuir a esta página ir ']"
59,Kelly Macdonald,1976,"['No es país para viejos', 'Gosford Park', 'Brave (Indomable)', 'T2: Trainspotting']","['Reparto', 'Banda sonora']","['Annie Awards Nom', 'Berlin International Film Festival Gan', 'BAFTA Awards Nom', 'BAFTA Awards Scotland Nom', 'British Independent Film Awards Nom']"
60,Garrett Hedlund,1984,"['Tron: Legacy', 'Mudbound', 'En el camino', 'Cuatro hermanos']","['Reparto', 'Producción', 'Banda sonora']","['Academy of Science Fiction Fantasy & Horror Films USA Nom', 'Gotham Awards Gan', 'Film Independent Spirit Awards Gan', 'MTV Movie + TV Awards Nom', 'Screen Actors Guild Awards Nom']"
61,David Wenham,1965,"['El señor de los anillos: El retorno del rey', 'El señor de los anillos: Las dos torres', '300', 'Van Helsing']","['Reparto', 'Producción', 'Dirección']","['Academy of Science Fiction Fantasy & Horror Films USA Nom', 'Film Critics Circle of Australia Awards Nom', 'Australian Film Institute Gan', 'Critics Choice Awards Gan', 'Gemini Awards Nom']"
62,Aaron Pedersen,1970,"['Mystery Road', 'Goldstone', 'Mystery Road', '2018–2020 • 12 episodios', '2006']","['Reparto', 'Producción', 'Equipos adicionales']","['Film Critics Circle of Australia Awards Gan', 'Australian Film Institute Nom', 'Logie Awards Nom', 'Melbourne Underground Film Festival Gan', 'Asia Pacific Screen Awards Nom']"
63,Samuthirakani,1973,"['Naadodigal', 'Poraali', 'RRR', 'Visaranai']","['Dirección', 'Reparto', 'Guion']","['National Film Awards India Gan', 'Filmfare Awards South Nom', 'South Indian International Movie Awards Nom', 'Vijay Awards Nom', 'Ananda Vikatan Cinema Awards Gan']"
64,Riythvika Panneerselvam,1992,"['Madras', 'Iru Mugan', 'Kabali', 'Walter']","['Reparto', 'Equipos adicionales']","['Filmfare Awards South Gan', 'South Indian International Movie Awards Nom', 'Contribuir a esta página ir ']"
65,Yogi Babu,1985,"['Mersal', 'Jawan', 'Love Today', 'Pariyerum Perumal']","['Reparto', 'Guion']","['Filmfare Awards South Nom', 'South Indian International Movie Awards Gan', 'Ananda Vikatan Cinema Awards Gan', 'Zee Cine Awards Tamil Gan', 'Bollywood Life Awards Nom']"
66,John Early,1988,"['Search Party', '2016–2022 • 50 episodios', '2022', '2016', '2017']","['Reparto', 'Guion', 'Producción']","['Primetime Emmy Awards Nom', 'Gotham Awards Nom', 'International Online Cinema Awards (INOCA) Nom', 'The Queerties Nom']"
67,Charles Rogers,1987,"['Search Party', '2016–2022 • 50 episodios', '2014', 'Guion', 'Miniserie de TV']","['Guion', 'Dirección', 'Reparto']","['Chicago International Film Festival Nom', 'Gotham Awards Nom', 'SXSW Film Festival Gan', 'Athens International Film Festival Nom', 'Little Rock Film Festival Nom']"
68,Pauly Shore,1968,"['El hombre de California', 'Bio-Dome', 'Pauly Shore Is Dead', 'Menudo yerno']","['Reparto', 'Guion', 'Producción']","['MTV Movie + TV Awards Nom', 'Razzie Awards Nom', 'Slamdunk Film Festival Gan', 'The Stinkers Bad Movie Awards Nom']"
69,Billy Zane,1966,"['Titanic', 'The Phantom (El Hombre Enmascarado)', 'Regreso al futuro: Parte II', 'Calma total']","['Reparto', 'Producción', 'Dirección']","['B-Movie Film Festival Gan', 'Blockbuster Entertainment Awards Gan', 'Chicago Film Critics Association Awards Nom', 'MTV Movie + TV Awards Nom', 'Screen Actors Guild Awards Nom']"
70,Steve-O,1974,"['Jackass, la película', 'Burro Por Siempre', 'Jackass 3D', '¡Game Over, tío!']","['Reparto', 'Guion', 'Producción']","['MTV Movie + TV Awards Nom', 'Contribuir a esta página ir ']"
71,Erik Griffin,1972,"['Criminales en el mar', 'Mike y Dave buscan rollo serio', 'Electric Love', 'Workaholics', '2011–2017 • 44 episodios']","['Reparto', 'Guion', 'Dirección']","['San Diego International Film Festival Gan', 'Contribuir a esta página ir ']"
72,Candela Peña,1973,"['Princesas', 'Todo sobre mi madre', 'Te doy mis ojos', 'Torremolinos 73']","['Reparto', 'Dirección', 'Guion']","['Cinema Writers Circle Awards Spain Gan', 'Fotogramas de Plata Nom', 'Goya Awards Nom', 'Málaga Spanish Film Festival Gan', 'Miami Film Festival Gan']"
73,Sergi López,1965,"['El laberinto del fauno', 'Negocios ocultos', 'Harry, un amigo que os quiere', 'Una relación privada']","['Reparto', 'Banda sonora']","['Academy of Science Fiction Fantasy & Horror Films USA Nom', ""Acteurs à l'Écran Gan"", 'Amiens International Film Festival Gan', 'Sitges - Catalonian International Film Festival Gan', 'César Awards France Gan']"
74,Nathalie Poza,1972,"['Julieta', 'No sé decir adiós', 'La boda de Rosa', 'Titán']","['Reparto', 'Equipos adicionales', 'Banda sonora']","['Cinema Writers Circle Awards Spain Gan', 'Fotogramas de Plata Nom', 'Goya Awards Gan', 'Málaga Spanish Film Festival Gan', 'Huelva Latin American Film Festival Gan']"
75,Ramón Barea,1949,"['Todos lo saben', 'Pecata minuta', 'El coche de pedales', 'Adiós Toby, adiós']","['Reparto', 'Guion', 'Dirección']","['Amiens International Film Festival Gan', 'Cannes Film Festival Gan', 'Cinema Writers Circle Awards Spain Nom', 'Goya Awards Nom', 'San Sebastián International Film Festival Gan']"
76,Paula Usero,1991,"['Artesanía', '2023', '2020', 'Paula', 'Serie de TV']","['Reparto', 'Producción', 'Guion']","['Cinema Writers Circle Awards Spain Nom', 'Goya Awards Nom', 'Feroz Awards ES Nom', 'Premios Fugaz Gan', 'Islantilla Cinefórum Film Festival Nom']"
77,Vincent Londez,1976,"['Lupin', '2021 • 8 episodios', 'Horst BaudinHorst (2020)', 'Serie de TV', '7,8']","['Reparto', 'Guion']","['Miami International Science Fiction Film Festival Gan', 'Indie Suspense Horror Sci-Fi Film Festival Nom', 'Contribuir a esta página ir ']"
78,Josh Ruben,1983,"['Scare Me', 'Un hombre lobo entre nosotros', 'Eres lo peor', '2019 • 1 episodio', 'Dan 7 & 8']","['Reparto', 'Dirección', 'Guion']","['Fangoria Chainsaw Awards Nom', 'Rondo Hatton Classic Horror Awards Nom', 'Contribuir a esta página ir ']"
79,Chris Redd,1985,"['Popstar', 'Saturday Night Live', '2017–2022 • 97 episodios', '2019', 'Dank']","['Reparto', 'Guion', 'Producción']","['Primetime Emmy Awards Gan', 'Contribuir a esta página ir ']"
80,Luke Barnett,1983,"['Para toda la humanidad', '2023 • 1 episodio', '2020', '2023', 'Jake Hanson']","['Reparto', 'Guion', 'Producción']","['Idyllwild International Festival of Cinema Nom', 'Contribuir a esta página ir ']"
81,Tanner Thomason,1981,"['Faith Ba$ed', 'Hollywood Today Live', '2015–2017 • 425 episodios', '2020', '2012']","['Reparto', 'Producción', 'Guion']","['Idyllwild International Festival of Cinema Nom', 'Independent Shorts Awards Gan', 'Indie Short Fest Nom', 'Indie Cine Tube Awards Gan']"
82,Lance Reddick,1962,"['John Wick (Otro día para matar)', 'John Wick: Pacto de sangre', 'Asalto al poder', 'John Wick 4']","['Reparto', 'Producción', 'Banda sonora']","['Academy of Science Fiction Fantasy & Horror Films USA Nom', 'Image Awards (NAACP) Nom', 'Screen Actors Guild Awards Nom', 'Idyllwild International Festival of Cinema Nom', 'Behind the Voice Actors Awards Nom']"
83,Jason Alexander,1959,"['Seinfeld', '1989–1998 • 171 episodios', '1996', '1990', '1993']","['Reparto', 'Guion', 'Producción']","['Academy of Science Fiction Fantasy & Horror Films USA Nom', 'American Comedy Awards USA Nom', 'Daytime Emmy Awards Nom', 'Directors Guild of America USA Nom', 'Primetime Emmy Awards Nom']"
84,Margaret Cho,1968,"['Margaret Cho: PsyCHO', '2015', 'Kim Jong-IlKim Jong-Un', 'Serie de TV', '6,7']","['Reparto', 'Producción', 'Guion']","['American Comedy Awards USA Gan', 'CableACE Awards Nom', 'Primetime Emmy Awards Nom', 'Grammy Awards Nom', 'NAMIC Vision Awards Nom']"
85,David Koechner,1962,"['El reportero: La leyenda de Ron Burgundy', 'Los amos de la noticia', 'Superagente 86 de película', 'Gracias por fumar']","['Reparto', 'Guion', 'Producción']","['MTV Movie + TV Awards Nom', 'New York Television Festival Gan', 'Fright Meter Awards Nom', 'Idyllwild International Festival of Cinema Nom', 'CinEuphoria Awards Gan']"
86,Christoph Sanders,1988,"['Uno para todas', '2011–2021 • 186 episodios', '2019', '2007', '2020']","['Reparto', 'Producción', 'Dirección']","['Idyllwild International Festival of Cinema Nom', 'Contribuir a esta página ir ']"
87,Carly Craig,1980,"['Mal ejemplo', 'Los tres chiflados', 'Carta blanca', 'Dos tontos todavía más tontos']","['Reparto', 'Guion', 'Producción']","['Idyllwild International Festival of Cinema Nom', 'Contribuir a esta página ir ']"
88,Richard Riehle,1948,"['The Man from Earth', 'Casino', 'Gigoló', 'Trabajo basura']","['Reparto', 'Producción']","['Monaco International Film Festival Gan', 'Best Shorts Competition Gan', 'Idyllwild International Festival of Cinema Nom', 'The Eclipse Awards US Gan', 'Behind the Voice Actors Awards Gan']"
89,Marlon Young,1962,"['La guerra de los mundos', 'V.I.P.', '1999 • 1 episodio', '2020', 'Coach Jeriba Sinclair']","['Reparto', 'Producción', 'Guion']","['Idyllwild International Festival of Cinema Nom', 'Indie Short Fest Gan', 'Contribuir a esta página ir ']"
90,Varun Dhawan,1987,"['Badlapur', 'October', 'Humpty Sharma Ki Dulhania', 'Bawaal']","['Reparto', 'Producción', 'Guion']","['Filmfare Awards Nom', 'Awards of the International Indian Film Academy Gan', 'Zee Cine Awards Nom', 'Apsara Film Producers Guild Awards Gan', 'Mirchi Music Awards IN Nom']"
91,Sara Ali Khan,1995,"['Atrangi Re', 'Kedarnath', 'Simmba', 'Ae Watan Mere Watan']",['Reparto'],"['Filmfare Awards Gan', 'Awards of the International Indian Film Academy Gan', 'Zee Cine Awards Nom', 'GQ Awards India Gan', 'Indian Television Academy Awards India Nom']"
92,Paresh Rawal,1955,"['Hera Pheri', 'Phir Hera Pheri', 'OMG: Oh My God!', 'Hungama']","['Producción', 'Reparto', 'Banda sonora']","['Filmfare Awards Nom', 'Awards of the International Indian Film Academy Nom', 'Zee Cine Awards Nom', 'National Film Awards India Gan', 'Apsara Film Producers Guild Awards Nom']"
93,Jaaved Jaaferi,1960,"['Salaam Namaste', 'Operación Koh-I-Noor', '3 Idiots', 'Sooryavanshi']","['Reparto', 'Música', 'Producción']","['Filmfare Awards Nom', 'Awards of the International Indian Film Academy Gan', 'Apsara Film Producers Guild Awards Nom', ""People's Choice Awards India Nom"", 'Indian Television Academy Awards India Nom']"
94,Rajpal Naurang Yadav,1971,"['Kal Ho Naa Ho', 'Bhool Bhulaiyaa', 'Jungle', 'Main, Meri Patni... Aur Woh!']","['Reparto', 'Guion', 'Dirección']","['Filmfare Awards Nom', 'Awards of the International Indian Film Academy Nom', 'Zee Cine Awards Nom', 'Apsara Film Producers Guild Awards Nom', 'Bollywood Awards Nom']"
95,Johny Lever,1957,"['Koi... Mil Gaya', 'Baazigar', 'Awara Paagal Deewana', 'Algo sucede en mi corazón']","['Reparto', 'Música', 'Equipos adicionales']","['Filmfare Awards Nom', 'Awards of the International Indian Film Academy Nom', 'Zee Cine Awards Nom', 'Apsara Film Producers Guild Awards Nom', 'Bollywood Awards Nom']"
96,Bharti Achrekar,1957,"['The Lunchbox', 'Wagle Ki Duniya', '2021–2024 • 681 episodios', '1989', 'Dolly Walia']","['Reparto', 'Producción']","['Indian Television Academy Awards India Nom', 'Indian Telly Awards Nom', 'International Iconic Awards Nom', 'Contribuir a esta página ir ']"
97,Sahil Vaid,1986,"['Shershaah', 'Dil Bechara', 'Satyamev Jayate', 'Humpty Sharma Ki Dulhania']","['Reparto', 'Dirección de arte', 'Producción']","['IWM Digital Awards Nom', 'Contribuir a esta página ir ']"
98,Shikha Talsania,1990,"['Wake Up Sid', 'Veere Di Wedding', 'Project 11', '2011', 'Sadhvi Maa']",['Reparto'],"['Filmfare Awards Nom', 'Zee Cine Awards Nom', 'News18 REEL Movie Award Nom', 'Lux Golden Rose Awards Gan']"
99,Ayushmann Khurrana,1984,"['Andhadhun', 'Article 15', 'Vicky Donor', 'Badhaai ho']","['Reparto', 'Música', 'Composición']","['Filmfare Awards Nom', 'Awards of the International Indian Film Academy Nom', 'Zee Cine Awards Nom', 'National Film Awards India Gan', 'Apsara Film Producers Guild Awards Gan']"
100,Jitendra Kumar,1990,"['Panchayat', '2020–2024 • 24 episodios', '2022', '2020', '2020']",['Reparto'],"['Indian Television Academy Awards India Nom', 'Asian Academy Creative Awards Nom', 'IWM Digital Awards Nom', 'Filmfare OTT Awards Nom', 'Talent Track Awards Gan']"
101,Neena Gupta,1959,"['Badhaai ho', 'Panchayat', '2020–2024 • 22 episodios', '2020', '2021']","['Reparto', 'Dirección', 'Producción']","['Filmfare Awards Nom', 'Awards of the International Indian Film Academy Nom', 'Zee Cine Awards Nom', 'National Film Awards India Gan', 'Indian Television Academy Awards India Nom']"
102,Manu Rishi Chadha,1971,"['Oye Lucky! Lucky Oye!', 'Ankhon Dekhi', 'Kya Dilli Kya Lahore', 'Laxmii']","['Reparto', 'Guion', 'Música']","['Filmfare Awards Gan', 'Awards of the International Indian Film Academy Gan', 'Dadasaheb Phalke International Film Festival (DPIFF) Gan', 'Screen Awards IN Gan', 'Global Film Awards Nom']"
103,Sunita Rajwar,1969,"['Gullak', '2019–2024 • 15 episodios', 'Kranti Devi Sharma', ""Janna's Mother"", 'Serie de TV']","['Reparto', 'Guion', 'Dirección de la segunda unidad o asistencia a dirección']","['Indian Television Academy Awards India Nom', 'Stardust Awards India Nom', 'Filmfare OTT Awards Nom', 'Critics’ Choice Shorts and Series Awards India Nom', 'Indian Film and Television Awards Nom']"
104,Maanvi Gagroo,1985,"['TVF Tripling', '2016–2022 • 14 episodios', '2014', 'Siddhi Patel', 'Goggle Tripathi']","['Reparto', 'Guion']","['Filmfare Awards Nom', 'IWM Digital Awards Nom', 'Filmfare OTT Awards Gan', 'Talent Track Awards Gan', 'Hitlist OTT Awards Nom']"
105,Pankhuri Awasthi,1991,"['Razia Sultan', '2015 • 140 episodios', 'Kajal Neel Khurana', 'Dolly(as Pankhuri Awasthy)', 'Serie de TV']",['Reparto'],"['Indian Telly Awards Nom', 'Contribuir a esta página ir ']"
106,Alexandra Daddario,1986,"['Baywatch: Los vigilantes de la playa', 'La matanza de Texas 3D', 'Percy Jackson y el ladrón del rayo', 'Percy Jackson y el mar de los monstruos']","['Reparto', 'Producción', 'Banda sonora']","['Primetime Emmy Awards Nom', 'MTV Movie + TV Awards Nom', 'Teen Choice Awards Nom', 'Golden Schmoes Awards Gan', 'Gold Derby Awards Nom']"
107,Takehiro Hira,1974,"['Giri/Haji: Deber/Deshonor', '2019 • 8 episodios', 'Ishido Kazunari', 'Serie de TV', '7,1']",['Reparto'],"['BAFTA Awards Nom', 'Contribuir a esta página ir ']"
108,Carice van Houten,1976,"['Juego de tronos', '2012–2019 • 29 episodios', '2006', '2008', '2010']","['Reparto', 'Producción', 'Guion']","['Academy of Science Fiction Fantasy & Horror Films USA Nom', ""Artek - International Children's Film Festival Gan"", 'Carrousel International du Film Gan', 'Chicago Film Critics Association Awards Nom', 'Primetime Emmy Awards Nom']"
109,Mariko Tsutsui,1960,"['Yokogao', 'Fuchi ni tatsu', 'Rûmumeito', 'Last Shadow at First Light']",['Reparto'],"['Mainichi Film Concours Gan', 'Asian Film Awards Nom', 'Asian Film Festival Gan', 'Contribuir a esta página ir ']"
110,Laetitia Dosch,1980,"['Bienvenida a Montparnasse', 'Le procès du chien', '9 meses', 'Chica traviesa chico malo', '2012']","['Reparto', 'Dirección', 'Guion']","['Bratislava International Film Festival Gan', 'Cannes Film Festival Nom', 'César Awards France Nom', 'Clermont-Ferrand International Short Film Festival Gan', 'Locarno International Film Festival Nom']"
111,Caroline Ducey,1976,"['Romance X', 'Trop de bonheur', 'La grenouille et Dieu', '2014', '1997']",['Reparto'],"[""Acteurs à l'Écran Nom"", 'Berlin International Film Festival Gan', 'Torino International Festival of Young Cinema Gan', 'Pancevo Film Festival Gan']"
112,Grégoire Colin,1975,"['Lisières', '2012', 'Dirección', 'Boni', 'Jean Cocteau']","['Reparto', 'Dirección', 'Guion']","['César Awards France Nom', 'Locarno International Film Festival Gan', 'Côté Court Festival Nom', 'Contribuir a esta página ir ']"
113,Slimane Dazi,1960,"['Un profeta', 'Rengaine', 'Sólo los amantes sobreviven', 'Terrain vague', '2017']",['Reparto'],"['Marrakech International Film Festival Gan', 'CinEuphoria Awards Nom', 'Trophees Francophones du Cinema Gan', 'Lucania Film Festival Gan']"
114,Adrien Brody,1973,"['El pianista', 'El gran hotel Budapest', 'El profesor (Detachment)', 'Midnight in Paris']","['Reparto', 'Producción', 'Composición']","['Academy Awards USA Gan', 'Boston Society of Film Critics Awards Gan', 'BAFTA Awards Nom', 'César Awards France Gan', 'Chicago Film Critics Association Awards Nom']"
115,Glenn Fleshler,1968,"['Joker', 'Billions', '2016–2023 • 38 episodios', 'Goran Pazar', 'Serie de TV']",['Reparto'],"['Screen Actors Guild Awards Nom', 'Contribuir a esta página ir ']"
116,Mykelti Williamson,1957,"['Forrest Gump', 'Election: La noche de las bestias', 'Fences', 'Heat']","['Reparto', 'Dirección', 'Guion']","['Humanitas Prize Nom', 'Image Awards (NAACP) Nom', 'MTV Movie + TV Awards Nom', 'Screen Actors Guild Awards Nom', 'Black Reel Awards Nom']"
117,RZA,1969,"['El hombre de los puños de hierro', 'American Gangster', 'Kill Bill: Volumen 1', 'Repo Men']","['Reparto', 'Guion', 'Composición']","['BAFTA Awards Nom', 'Primetime Emmy Awards Nom', 'International Documentary Association Nom', 'Online Film Critics Society Awards Nom', 'Screen Actors Guild Awards Nom']"
118,Alex Corrado,1961,"['Dinner Rush', 'Gotham', '2014–2017 • 17 episodios', '2001', 'Rogers']","['Reparto', 'Producción', 'Dirección']","['Marina del Rey Film Festival Gan', 'Contribuir a esta página ir ']"
119,Alena Yiv,1979,"['Asia', 'Blue Natalie', '2010–2013 • 18 episodios', '2019', '2013']","['Reparto', 'Especialistas', 'Dirección de la segunda unidad o asistencia a dirección']","['Awards of the Israeli Film Academy Gan', 'Jerusalem Film Festival Gan', 'Awards of the Israeli Television Academy Nom', 'Asia Pacific Screen Awards Nom', 'Rome Prisma Independent Film Awards Nom']"
120,Shira Haas,1995,"['Shtisel', '2013–2021 • 30 episodios', '2018', 'Esther Shapiro', 'Vika']","['Reparto', 'Banda sonora']","['Critics Choice Awards Nom', 'Primetime Emmy Awards Nom', 'German Television Awards Nom', 'Golden Globes USA Nom', 'Satellite Awards Nom']"
121,Andrea Riseborough,1981,"['Birdman o (La inesperada virtud de la ignorancia)', 'Oblivion', 'Possessor Uncut', 'To Leslie']","['Reparto', 'Producción', 'Banda sonora']","['Academy Awards USA Nom', 'Berlin International Film Festival Gan', 'BAFTA Awards Nom', 'British Independent Film Awards Nom', 'Broadcasting Press Guild Awards Nom']"
122,Jena Malone,1984,"['The Neon Demon', 'Contact', 'Los juegos del hambre: Sinsajo - Parte 2', 'Los juegos del hambre: En llamas']","['Reparto', 'Producción', 'Música']","['Academy of Science Fiction Fantasy & Horror Films USA Nom', 'Blockbuster Entertainment Awards Nom', 'CableACE Awards Nom', 'Golden Globes USA Nom', 'Satellite Awards Nom']"
123,Eric Lange,1973,"['Fuga en Dannemora', '2018 • 7 episodios', 'Bill Stechner', 'Serie de TV', '8,3']","['Reparto', 'Producción', 'Banda sonora']","['Critics Choice Awards Nom', 'ShockerFest Nom', 'The Streamy Awards Gan', 'Online Film & Television Association Nom', 'The BAM Awards Gan']"
124,Janelle Monáe,1985,"['Figuras ocultas', 'Moonlight', 'Puñales por la espalda: El misterio de Glass Onion', 'Antebellum']","['Music Artist', 'Reparto', 'Composición']","['BET Awards Nom', 'Boston Society of Film Critics Awards Gan', 'Brit Awards Nom', 'Critics Choice Awards Nom', 'Chicago Film Critics Association Awards Nom']"
125,Jack Huston,1982,"['Amores asesinos', 'La gran estafa americana', 'Ben-Hur', 'Outlander']","['Reparto', 'Banda sonora']","['Hamptons International Film Festival Gan', 'Newport Beach Film Festival Gan', 'Screen Actors Guild Awards Nom', 'Venice Film Festival Nom', 'Savannah Film Festival Gan']"
126,Kiersey Clemons,1993,"['Dope', 'Sweetheart', 'La dama y el vagabundo', 'Ritmos del corazón']","['Reparto', 'Producción', 'Banda sonora']","['Hamptons International Film Festival Gan', 'Young Artist Awards Nom', 'Black Reel Awards Gan', 'Fangoria Chainsaw Awards Nom', 'Austin Fantastic Fest Gan']"
127,Melinda Pitz,1985,"['LÉGSZOMJ - Szorongató múlt', '2023', 'Mother', 'Maria', 'Yasmine']",['Reparto'],"['Best Shorts Competition Gan', 'South Film and Arts Academy Festival Gan', 'Indie Short Fest Gan', 'New York Cinematography Awards Gan']"
128,Aris Servetalis,1976,"['The Waiter', 'Alps', 'Apples', 'Ageli provaton']",['Reparto'],"['Thessaloniki Film Festival Gan', 'Hellenic Film Academy Awards Nom', 'Beijing International Film Festival Gan', 'Los Angeles Greek Film Festival (LAGFF) Nom']"
129,Oulaya Amamra,1996,"['Divinas', 'Mariam', 'Toutes pour une', 'Djemila']",['Reparto'],"['César Awards France Gan', 'AFI Fest Gan', 'Lumiere Awards France Gan', 'Carthage Film Festival Gan', 'Trophees Francophones du Cinema Gan']"
130,André Wilms,1947,"['El Havre', 'La vida de bohemia', '¿Qué hacemos con la abuela?', 'Juha']","['Reparto', 'Banda sonora']","['European Film Awards Nom', 'Lumiere Awards France Nom', 'International Cinephile Society Awards Nom', 'Trophees Francophones du Cinema Nom']"
131,Souheila Yacoub,1992,"['Dune: Parte dos', 'Climax', 'Le sel des larmes', 'Entre las olas']",['Reparto'],"['Berlin International Film Festival Gan', 'Contribuir a esta página ir ']"
132,Campbell Scott,1961,"['Big Night', 'Roger Dodger', 'Solteros', 'The Amazing Spider-Man 2: El poder de Electro']","['Reparto', 'Producción', 'Dirección']","['Bogota Film Festival Nom', 'Boston Society of Film Critics Awards Gan', 'Deauville Film Festival Nom', 'Genie Awards Nom', 'Film Independent Spirit Awards Nom']"
133,Agnes Bruckner,1985,"['Asesinato... 1-2-3', 'La marca del lobo', 'Anna Nicole', '2013', '2006']","['Reparto', 'Producción', 'Banda sonora']","['Film Independent Spirit Awards Nom', 'Method Fest Gan', 'Prism Awards Gan', 'Young Artist Awards Nom']"
134,Leith M. Burke,1966,"['Suburbicon', 'Bosch', '2020 • 6 episodios', 'DerrickDerek', 'Serie de TV']",['Reparto'],"['Daytime Emmy Awards Nom', 'Contribuir a esta página ir ']"
135,Ian Hart,1964,"['Backbeat', 'Harry Potter y la piedra filosofal', 'Enemigo público', 'Fuga de Pretoria']","['Reparto', 'Guion', 'Equipos adicionales']","['BAFTA Awards Scotland Nom', 'British Independent Film Awards Nom', 'Chicago Film Critics Association Awards Nom', 'Evening Standard British Film Awards Nom', 'Karlovy Vary International Film Festival Gan']"
136,Kathryn Leigh Scott,1943,"['Sombras en la oscuridad', '1966–1970 • 309 episodios', '1974', '1970', 'Nuria']","['Reparto', 'Guion', 'Producción']","['Academy of Science Fiction Fantasy & Horror Films USA Gan', 'Contribuir a esta página ir ']"
137,Agnieszka Grochowska,1979,"['Obce niebo', 'Upperdog', 'American Dream', 'El niño 44']","['Reparto', 'Banda sonora']","['Berlin International Film Festival Gan', 'European Film Awards Nom', 'Polish Film Festival Gan', 'Amanda Awards Norway Gan', 'Polish Film Awards Nom']"
138,Marthe Keller,1945,"['Marathon Man', 'Fedora', 'Más allá de la vida', 'Un instante, una vida']","['Reparto', 'Equipos adicionales', 'Banda sonora']","['Bambi Awards Gan', 'Biarritz International Festival of Audiovisual Programming Gan', 'David di Donatello Awards Nom', 'Genie Awards Nom', 'German Film Awards Nom']"
139,Birgit Minichmayr,1977,"['El hundimiento', 'La cinta blanca', 'Entre nosotros', 'El perfume: Historia de un asesino']",['Reparto'],"['Berlin International Film Festival Gan', 'German Film Awards Nom', 'Romy Gala Austria Nom', 'German Film Critics Association Awards Gan', 'Undine Awards Austria Nom']"
140,Jacob Matschenz,1984,"['La ola', 'Das Lächeln der Tiefseefische', 'La sombra del pasado', 'Bis aufs Blut - Brüder auf Bewährung']",['Reparto'],"['Grimme Award Gan', 'Bavarian Film Awards Gan', 'Berlin International Film Festival Gan', 'Max Ophüls Festival Gan', 'Schwerin Art of Film Festival Gan']"
141,Anatole Taubman,1970,"['Capitán América: El primer vengador', 'Venganza', 'Quantum of Solace', 'El quinto poder']","['Reparto', 'Producción']","['Swiss Film Prize Nom', 'Hessian TV Award Nom', 'Contribuir a esta página ir ']"
142,Cezary Pazura,1962,"['Kroll', 'Psy', 'Tres colores: Blanco', 'Tato']","['Reparto', 'Producción', 'Dirección']","['Polish Film Festival Gan', 'Contribuir a esta página ir ']"
143,Meryl Streep,1949,"['Memorias de África', 'Agosto', 'La decisión de Sophie', 'El diablo viste de Prada']","['Reparto', 'Guion', 'Producción']","['Academy Awards USA Nom', 'Academy of Science Fiction Fantasy & Horror Films USA Nom', 'American Comedy Awards USA Nom', 'American Film Institute USA Gan', 'Australian Film Institute Gan']"
144,James Corden,1978,"['The Late Late Show with James Corden', '2015–2022 • 1042 episodios', '2014', '2018', '2016']","['Producción', 'Guion', 'Reparto']","['BAFTA Awards Nom', 'British Comedy Awards Nom', 'Broadcasting Press Guild Awards Nom', 'Primetime Emmy Awards Nom', 'Golden Globes USA Nom']"
145,Nicole Kidman,1967,"['Moulin Rouge', 'Las horas', 'Cold Mountain', 'Los secretos del corazón']","['Reparto', 'Producción', 'Música']","['Academy Awards USA Nom', 'Academy of Science Fiction Fantasy & Horror Films USA Nom', 'American Comedy Awards USA Nom', 'American Film Institute USA Gan', 'Film Critics Circle of Australia Awards Nom']"
146,Kerry Washington,1977,"['Scandal', '2012–2018 • 124 episodios', '2004', '2001', '2012']","['Reparto', 'Producción', 'Dirección']","['Acapulco Black Film Festival Nom', 'BET Awards Nom', 'Costume Designers Guild Awards Gan', 'Primetime Emmy Awards Nom', 'GLAAD Media Awards Gan']"
147,Keegan-Michael Key,1971,"['Keanu', 'Wonka', 'Predator', 'Super Mario Bros.: La película']","['Reparto', 'Guion', 'Producción']","['American Comedy Awards USA Nom', 'Critics Choice Awards Nom', 'Primetime Emmy Awards Nom', 'Image Awards (NAACP) Nom', ""Kids' Choice Awards USA Nom""]"
148,Andrew Rannells,1978,"['Un pequeño favor', 'The Prom', 'El becario', 'Despedida de soltera']","['Reparto', 'Producción', 'Equipos adicionales']","['Critics Choice Awards Nom', 'Grammy Awards Gan', 'Critics Choice Television Awards Nom', 'CinEuphoria Awards Nom', 'GALECA: The Society of LGBTQ Entertainment Critics Nom']"
149,Ariana DeBose,1991,"['West Side Story', 'Wish: El poder de los deseos', 'Hamilton', 'Argylle']","['Reparto', 'Dirección', 'Guion']","['Academy Awards USA Gan', 'BAFTA Awards Gan', 'Critics Choice Awards Gan', 'Chicago Film Critics Association Awards Nom', 'Dallas-Fort Worth Film Critics Association Awards Gan']"
150,Tracey Ullman,1959,"['El show de Tracey Ullman', '1987–1990 • 71 episodios', '2000', '1994', '2014']","['Reparto', 'Guion', 'Producción']","['American Comedy Awards USA Nom', 'Banff Television Festival Gan', 'Boston Society of Film Critics Awards Nom', 'BAFTA Awards Nom', 'Critics Choice Awards Nom']"
151,Kevin Chamberlin,1963,"['Camino a la perdición', 'Modern Family', '2015 • 1 episodio', 'Frank', 'Charles Weiss']","['Reparto', 'Dirección', 'Guion']","['Contribuir a esta página ir ', 'Más de esta persona  ob']"
152,Camila Mendes,1994,"['Riverdale', '2017–2023 • 136 episodios', '2022', '2024', '2020']","['Reparto', 'Producción', 'Equipo ejecutivo']","[""Kids' Choice Awards USA Nom"", 'MTV Movie + TV Awards Nom', ""People's Choice Awards USA Nom"", 'Teen Choice Awards Nom', 'The Streamy Awards Nom']"
153,Jessie T. Usher,1992,"['The Boys', '2019–2024 • 32 episodios', '2022', 'Davon', 'Adam']","['Reparto', 'Producción', 'Guion']","['Hamptons International Film Festival Gan', 'CinemaCon USA Gan', 'IGN Summer Movie Awards Nom', 'Contribuir a esta página ir ']"
154,Trevor Lerner,1972,"['Un lugar para soñar', '2019–2025 • 25 episodios', 'Dusty Redford', 'Serie de TV', '5,6']",['Reparto'],"['FirstGlance Film Fest Hollywood Nom', 'Vancouver Web Fest Gan', 'Contribuir a esta página ir ']"
155,Elliott Gould,1938,"['M*A*S*H', ""Ocean's Eleven: Hagan juego"", ""Ocean's 13"", 'Un largo adiós']","['Reparto', 'Producción', 'Banda sonora']","['Academy Awards USA Nom', 'BAFTA Awards Nom', 'Golden Globes USA Nom', 'Laurel Awards Gan', 'MTV Movie + TV Awards Nom']"
156,Cam Gigandet,1982,"['Crepúsculo', 'Rompiendo las reglas', 'El sicario de Dios', 'Su mejor amiga']","['Reparto', 'Banda sonora']","['MTV Movie + TV Awards Gan', 'Teen Choice Awards Nom', 'Young Hollywood Awards Gan', 'Scream Awards Nom']"
157,Suriya,1975,"['24', 'Soorarai Pottru', 'Jai Bhim', '7aum Arivu']","['Reparto', 'Producción', 'Música']","['National Film Awards India Gan', 'Filmfare Awards South Gan', 'South Indian International Movie Awards Nom', 'Stardust Awards India Nom', 'Vijay Awards Nom']"
158,Aparna Balamurali,1995,"['Soorarai Pottru', 'Maheshinte Prathikaaram', 'Sunday Holiday', 'Sarvopari Palakkaran']","['Reparto', 'Música', 'Banda sonora']","['National Film Awards India Gan', 'Filmfare Awards South Nom', 'South Indian International Movie Awards Nom', 'Vanitha Film Awards Gan', 'Bollywood Life Awards Nom']"
159,Paresh Rawal,1955,"['Hera Pheri', 'Phir Hera Pheri', 'OMG: Oh My God!', 'Hungama']","['Producción', 'Reparto', 'Banda sonora']","['Filmfare Awards Nom', 'Awards of the International Indian Film Academy Nom', 'Zee Cine Awards Nom', 'National Film Awards India Gan', 'Apsara Film Producers Guild Awards Nom']"
160,Mohan Babu,1952,"['Soorarai Pottru', 'Postman', 'Yamadonga', 'Rayalaseema Ramanna Chowdary']","['Reparto', 'Producción', 'Guion']","['Filmfare Awards South Gan', 'South Indian International Movie Awards Nom', 'CineMAA Awards Gan', 'Contribuir a esta página ir ']"
161,Vivek Prasanna,1986,"['Vikram Vedha', 'Meyaadha Maan', 'Soorarai Pottru', 'Vadhandhi: The Fable of Velonie', '2022 • 8 episodios']",['Reparto'],"['South Indian International Movie Awards Nom', 'Vijay Awards Gan', 'Critics’ Choice Shorts and Series Awards India Nom', 'Contribuir a esta página ir ']"
162,Kaali Venkat,1985,"['Soorarai Pottru', 'Ratsasan', 'Mersal', 'Gargi']",['Reparto'],"['Filmfare Awards South Gan', 'South Indian International Movie Awards Nom', 'Contribuir a esta página ir ']"
163,Josh Lawson,1981,"['La pequeña muerte', 'Mortal Kombat', ""The Eleven O'Clock"", '2016', '2013']","['Reparto', 'Guion', 'Dirección']","['Academy Awards USA Nom', ""Australian Writers' Guild Nom"", 'SXSW Film Festival Gan', 'São Paulo International Film Festival Nom', 'Thessaloniki Film Festival Gan']"
164,Joe Taslim,1981,"['Redada asesina', 'Mortal Kombat', 'Star Trek: Más allá', 'Fast & Furious 6']",['Reparto'],"['Festival Film Indonesia Nom', 'Maya Awards Nom', 'Festival Film Bandung Nom', 'Contribuir a esta página ir ']"
165,Mehcad Brooks,1980,"['Mujeres desesperadas', '2005–2006 • 26 episodios', '2021', 'Eggs', 'Serie de TV']","['Reparto', 'Producción', 'Dirección de la segunda unidad o asistencia a dirección']","['Academy of Science Fiction Fantasy & Horror Films USA Nom', 'Satellite Awards Gan', 'Image Awards (NAACP) Nom', 'Screen Actors Guild Awards Nom', 'Gold Derby Awards Nom']"
166,Tadanobu Asano,1973,"['Mongol', 'Battleship', 'Thor: Ragnarok', 'Thor']","['Reparto', 'Dirección', 'Composición']","['Hawaii International Film Festival Gan', 'Hochi Film Awards Gan', 'Awards of the Japanese Academy Nom', 'Japanese Professional Movie Awards Gan', 'Moscow International Film Festival Gan']"
167,Hiroyuki Sanada,1960,"['El ocaso del samurái', 'Lobezno inmortal', 'Sunshine', 'La leyenda del samurái: 47 Ronin']","['Reparto', 'Producción', 'Música']","['Hochi Film Awards Gan', 'Awards of the Japanese Academy Nom', 'Television Critics Association Awards Nom', 'Kinema Junpo Awards Gan', 'Mainichi Film Concours Gan']"
168,Hiroshi Kamiya,1975,"['Bakemonogatari', '2009–2010 • 15 episodios', 'Levi(voz)', 'Serie de TV', '7,4']","['Reparto', 'Música', 'Equipos adicionales']","['Tokyo Anime Award Gan', 'Anime Trending Awards Nom', 'Contribuir a esta página ir ']"
169,Yûichi Nakamura,1980,"['Jujutsu Kaisen 0', 'Jujutsu Kaisen', '2020–2023 • 31 episodios', '2013', 'Stag BusterBeet J. Stag(voz)']","['Reparto', 'Banda sonora']","['Crunchyroll Anime Awards Gan', 'Anime Trending Awards Nom', 'Contribuir a esta página ir ']"
170,Steve Blum,1960,"['Star Wars Rebels', '2014–2018 • 68 episodios', '2001', 'StarscreamVehicon TrooperVehicon Sentry', 'Serie de TV']","['Reparto', 'Equipos adicionales', 'Guion y continuidad']","['Online Film & Television Association Nom', 'Behind the Voice Actors Awards Nom', 'NAVGTR Awards Nom', 'Contribuir a esta página ir ']"
171,Johnny Yong Bosch,1976,"['Akira', 'Ark Exitus', '2020', 'Ichigo KurosakiHollow IchigoInner Hollow', 'AdamBlack Ranger']","['Reparto', 'Sonido', 'Dirección']","['Behind the Voice Actors Awards Nom', 'Indie Short Fest Gan', 'Venice Shorts Gan', 'Reale Film Festival Gan', 'Crunchyroll Anime Awards Nom']"
172,John Abraham,1972,"['Dhoom', 'Zinda', 'Vicky Donor', 'El lado oscuro del deseo']","['Reparto', 'Producción', 'Música']","['Filmfare Awards Nom', 'Awards of the International Indian Film Academy Nom', 'Zee Cine Awards Nom', 'National Film Awards India Gan', 'Bollywood Awards Nom']"
173,Emraan Hashmi,1979,"['Once Upon a Time in Mumbaai', 'The Dirty Picture', 'Tiger 3', 'Murder 2']","['Reparto', 'Dirección de la segunda unidad o asistencia a dirección']","['Filmfare Awards Nom', 'Awards of the International Indian Film Academy Nom', 'Zee Cine Awards Nom', 'Apsara Film Producers Guild Awards Nom', ""Sansui Viewer's Choice Awards Nom""]"
174,Mahesh Manjrekar,1953,"['Kaante', 'Slumdog Millionaire', 'Astitva', 'Vaastav: The Reality']","['Guion', 'Producción', 'Reparto']","['Filmfare Awards Nom', 'Awards of the International Indian Film Academy Nom', 'Zee Cine Awards Nom', 'National Film Awards India Gan', 'Bollywood Awards Nom']"
175,Suniel Shetty,1961,"['Main Hoon Na', 'Hera Pheri', 'Phir Hera Pheri', 'Border']","['Reparto', 'Producción']","['Filmfare Awards Nom', 'Awards of the International Indian Film Academy Nom', 'Zee Cine Awards Gan', 'Bollywood Awards Nom', 'South Indian International Movie Awards Nom']"
176,Kajal Aggarwal,1985,"['Thuppakki', 'Brindaavanam', 'Nene Raju Nene Mantri', 'Magadheera']","['Reparto', 'Música']","['Filmfare Awards Nom', 'Zee Cine Awards Nom', 'Filmfare Awards South Nom', 'South Indian International Movie Awards Gan', 'Stardust Awards India Nom']"
177,Prateik Patil Babbar,1986,"['Jaane Tu... Ya Jaane Na', 'Chhichhore', 'Dhobi Ghat', 'Dum Maaro Dum']",['Reparto'],"['Filmfare Awards Nom', ""People's Choice Awards India Nom"", 'Annual Central European Bollywood Awards India Gan', 'Stardust Awards India Nom', 'The Ghanta Awards Gan']"
178,Gulshan Grover,1955,"['Badman', 'Mowgli y Baloo', 'I Am Kalam', 'Earth']","['Reparto', 'Música']","['Filmfare Awards Nom', 'Zee Cine Awards Nom', 'Bollywood Awards Nom', 'Stardust Awards India Gan', 'Filmfare Awards East Gan']"
179,Rohit Roy,1968,"['Kaabil', 'Vengadores: Infinity War', 'Viraasat', '2006–2007 • 230 episodios', '2007']","['Reparto', 'Producción', 'Dirección']","['Indian Television Academy Awards India Gan', 'Gold Awards Nom', 'Indian Telly Awards Nom', 'Dadasaheb Phalke Film Foundation Awards (DPFFA) Gan']"
180,Samir Soni,1968,"['Parichay: Nayee Zindagi Kay Sapno Ka', '2011–2013 • 70 episodios', '1998', '2006', '2008']",['Reparto'],"['Zee Cine Awards Nom', 'Indian Television Academy Awards India Gan', 'Gold Awards Gan', 'Indian Telly Awards Gan', 'Colors Golden Petal Awards Gan']"
181,Regina Hall,1970,"['Plan de chicas', 'Scary Movie', 'Un ciudadano ejemplar', 'Scary Movie 4']","['Reparto', 'Producción', 'Equipo ejecutivo']","['Acapulco Black Film Festival Gan', 'BET Awards Nom', 'Chicago Film Critics Association Awards Nom', 'Gotham Awards Nom', 'Image Awards (NAACP) Nom']"
182,Zoe Renee,1997,"['Los juegos del hambre: Balada de pájaros cantores y serpientes', 'Jinn', 'The Quad', '2017–2018 • 17 episodios', '2019']",['Reparto'],"['American Black Film Festival Gan', 'Black Reel Awards Nom', 'Contribuir a esta página ir ']"
183,Julia Nightingale,2000,"['Ode to Passion', 'Misty Button', 'Master', 'Evil', '2019 • 1 episodio']","['Reparto', 'Banda sonora']","['Queens World Film Festival Nom', 'Contribuir a esta página ir ']"
184,Talia Ryder,2002,"['Nunca, casi nunca, a veces, siempre', 'Revancha ya', 'The Sweet East', 'West Side Story']","['Reparto', 'Producción', 'Banda sonora']","['Critics Choice Awards Nom', 'Denver International Film Festival Gan', 'Film Independent Spirit Awards Nom', 'Online Film Critics Society Awards Nom', 'Washington DC Area Film Critics Association Awards Nom']"
185,Ella Hunt,1998,"['Dickinson', '2019–2021 • 29 episodios', '2017', '2022']","['Reparto', 'Banda sonora']","['BAFTA Awards Scotland Nom', 'Toronto After Dark Film Festival Gan', 'CinEuphoria Awards Nom', 'Autostraddle TV Awards Nom']"
186,Will Hochman,1992,"['Yo me encargo de la cerveza', 'Master', 'Uno de nosotros', 'Blue Bloods', '2020–2024 • 18 episodios']","['Reparto', 'Guion', 'Dirección']","['Contribuir a esta página ir ', 'Más de esta persona  ob']"
187,Tom Holland,1996,"['Spider-Man: Homecoming', 'Spider-Man: Lejos de casa', 'Capitán América: Civil War', 'Lo imposible']","['Reparto', 'Producción', 'Dirección']","['Academy of Science Fiction Fantasy & Horror Films USA Nom', 'Annie Awards Nom', 'BAFTA Awards Gan', 'Critics Choice Awards Nom', 'Chicago Film Critics Association Awards Nom']"
188,Zendaya,1996,"['Spider-Man: Homecoming', 'El gran showman', 'Malcolm & Marie', 'Spider-Man: Lejos de casa']","['Reparto', 'Producción', 'Sonido']","['Academy of Science Fiction Fantasy & Horror Films USA Nom', 'BET Awards Nom', 'Critics Choice Awards Gan', 'Primetime Emmy Awards Gan', 'Golden Globes USA Gan']"
189,Benedict Cumberbatch,1976,"['The Imitation Game (Descifrando Enigma)', 'Star Trek: En la oscuridad', 'Agosto', 'El hobbit: La desolación de Smaug']","['Reparto', 'Producción', 'Equipos adicionales']","['Academy Awards USA Nom', 'Academy of Science Fiction Fantasy & Horror Films USA Nom', 'BAFTA Awards Nom', 'British Independent Film Awards Gan', 'Critics Choice Awards Nom']"
190,Jon Favreau,1966,"['Chef', 'Swingers', 'Iron Man', 'The Mandalorian', '2019–2023 • 24 episodios']","['Producción', 'Reparto', 'Guion']","['Academy of Science Fiction Fantasy & Horror Films USA Gan', 'Bodil Awards Nom', 'Critics Choice Awards Nom', 'Camerimage Nom', 'Chicago Film Critics Association Awards Nom']"
191,Jamie Foxx,1967,"['Collateral', 'Ray', 'Django desencadenado', 'Dreamgirls']","['Reparto', 'Producción', 'Guion']","['Academy Awards USA Gan', 'BET Awards Nom', 'Blockbuster Entertainment Awards Nom', 'Boston Society of Film Critics Awards Gan', 'BAFTA Awards Gan']"
192,Willem Dafoe,1955,"['Spider-Man', 'Van Gogh, a las puertas de la eternidad', 'The Florida Project', 'El faro']","['Reparto', 'Producción', 'Guion']","['Academy Awards USA Nom', 'Academy of Science Fiction Fantasy & Horror Films USA Gan', 'Berlin International Film Festival Gan', 'Bodil Awards Gan', 'Boston Society of Film Critics Awards Gan']"
193,Alfred Molina,1953,"['Spider-Man 2', 'Frida', 'Boogie Nights', 'Magnolia']","['Reparto', 'Producción', 'Dirección']","['Academy of Science Fiction Fantasy & Horror Films USA Nom', 'ALMA Awards Nom', 'BAFTA Awards Nom', 'British Independent Film Awards Nom', 'Critics Choice Awards Nom']"
194,Benedict Wong,1970,"['Aniquilación', 'Doctor Strange. Doctor Extraño', 'Vengadores: Infinity War', 'Marte (The Martian)']","['Reparto', 'Guion', 'Producción']","['Academy of Science Fiction Fantasy & Horror Films USA Nom', 'British Independent Film Awards Nom', 'Film Independent Spirit Awards Nom', 'Behind the Voice Actors Awards Nom', 'The BAM Awards Nom']"
195,Tony Revolori,1996,"['El gran hotel Budapest', 'Dope', 'Spider-Man: No Way Home', 'Willow', '2022–2023 • 8 episodios']","['Reparto', 'Producción', 'Dirección de fotografía y cámara']","['Academy of Science Fiction Fantasy & Horror Films USA Nom', 'Critics Choice Awards Nom', 'Chicago Film Critics Association Awards Nom', 'Florida Film Critics Circle Awards Gan', 'San Diego Film Critics Society Awards Nom']"
196,Anthony Bajon,1994,"['El creyente', 'Mereces un amor', 'Mon poussin', '2018', '2019']","['Reparto', 'Dirección', 'Guion']","['Berlin International Film Festival Gan', 'César Awards France Nom', 'Lumiere Awards France Nom', 'Vilnius International Film Festival Gan', 'Southern Shorts Awards Gan']"
197,Noémie Lvovsky,1964,"['Camille redouble', 'La vie ne me fait pas peur', 'Les sentiments', 'La grande magie']","['Reparto', 'Guion', 'Dirección']","['Brest European Short Film Festival Gan', 'Buenos Aires International Festival of Independent Cinema Gan', 'Cannes Film Festival Gan', 'César Awards France Nom', 'Hamburg Film Festival Nom']"
198,Salman Khan,1965,"['Sultan', 'Bajrangi Bhaijaan', 'Kick', 'Tiger: Agente Especial']","['Producción', 'Reparto', 'Música']","['Filmfare Awards Nom', 'Awards of the International Indian Film Academy Nom', 'Zee Cine Awards Gan', 'National Film Awards India Gan', 'Apsara Film Producers Guild Awards Nom']"
199,Disha Patani,1992,"['M.S. Dhoni: The Untold Story', 'Kalki 2898-AD', 'Malang', 'Ek Villain Returns']","['Reparto', 'Publicista']","['Awards of the International Indian Film Academy Gan', 'Stardust Awards India Gan', 'BIG Star Entertainment Awards India Nom', 'Vogue Beauty Awards Gan', 'HELLO! Hall of Fame Awards India Gan']"
200,Randeep Hooda,1976,"['Highway', 'Kick', 'La boda del monzón', 'Sultan']","['Reparto', 'Producción', 'Dirección']","['Filmfare Awards Nom', 'Awards of the International Indian Film Academy Nom', 'Zee Cine Awards Nom', 'Apsara Film Producers Guild Awards Nom', 'Bollywood Awards Nom']"
201,Jackie Shroff,1957,"['Devdas', 'Criminal Justice', '2019 • 9 episodios', '1995', '2000']","['Reparto', 'Producción', 'Banda sonora']","['Filmfare Awards Gan', 'Awards of the International Indian Film Academy Nom', 'Zee Cine Awards Nom', 'Bollywood Awards Nom', ""Sansui Viewer's Choice Awards Nom""]"
202,Pravin Tarde,1974,"['Dharmaveer', 'Sarsenapati Hambirrao', 'Antim: The Final Truth', 'Radhe']","['Guion', 'Reparto', 'Dirección']","['Filmfare Awards Marathi Nom', 'Contribuir a esta página ir ']"
203,Govind Namdeo,1954,"['Satya', 'Sarfarosh', 'Johnny Gaddaar', 'Wanted']",['Reparto'],"['Filmfare Awards Nom', 'Cinefan - Festival of Asian and Arab Cinema Gan', 'Screen Awards IN Nom', 'Indian Telly Awards Gan']"
204,Sudhanshu Pandey,1974,"['Anupamaa', '2020–2024 • 802 episodios', '2021', '2018', '2012']","['Reparto', 'Música', 'Producción']","['South Indian International Movie Awards Nom', 'Indian Television Academy Awards India Nom', 'Contribuir a esta página ir ']"
205,Ali Larter,1976,"['Destino final', 'Obsesionada', 'Una rubia muy legal', 'Destino final 2']","['Reparto', 'Producción', 'Música']","['Academy of Science Fiction Fantasy & Horror Films USA Nom', 'Blockbuster Entertainment Awards Nom', 'MTV Movie + TV Awards Gan', 'Razzie Awards Nom', 'Teen Choice Awards Nom']"
206,Ralph Ineson,1969,"['La bruja', 'El Caballero Verde', 'The Creator', 'La balada de Buster Scruggs']","['Reparto', 'Producción', 'Banda sonora']","['BAFTA Awards Nom', 'Monte-Carlo TV Festival Nom', 'Fangoria Chainsaw Awards Nom', 'Indiana Film Journalists Association US Nom', 'Fright Meter Awards Nom']"
207,Ron Perlman,1950,"['La mano de Dios', '2014–2017 • 20 episodios', '2008', '2004', 'Vincent']","['Reparto', 'Producción', 'Dirección']","['Sitges - Catalonian International Film Festival Gan', 'Primetime Emmy Awards Nom', 'Genie Awards Nom', 'Golden Apple Awards Gan', 'Golden Globes USA Gan']"
208,Tahmoh Penikett,1975,"['Galáctica, estrella de combate', '2004–2009 • 65 episodios', 'Paul Ballard', 'Jed Eubanks', 'Eric']","['Reparto', 'Producción', 'Especialistas']","['Leo Awards Nom', 'UBCP/ACTRA Awards Vancouver Nom', 'Contribuir a esta página ir ']"
209,Kyle Schmid,1984,"['Six', '2017–2018 • 18 episodios', 'Robert Morehouse', 'Serie de TV', '7,4']","['Reparto', 'Producción', 'Guion']","['Young Artist Awards Nom', 'Canadian Screen Awards CA Nom', 'Contribuir a esta página ir ']"
210,Gregory Fawcett,1969,"['Jack Woody', '2003', 'Producción']","['Reparto', 'Producción', 'Guion']","['New York International Independent Film & Video Festival Gan', 'Contribuir a esta página ir ']"
211,Akshay Kumar,1967,"['Hera Pheri', 'Baby', 'Rustom', 'Airlift']","['Producción', 'Guion', 'Reparto']","['Filmfare Awards Nom', 'Awards of the International Indian Film Academy Nom', 'Zee Cine Awards Nom', 'National Film Awards India Gan', 'Apsara Film Producers Guild Awards Gan']"
212,Huma Qureshi,1986,"['Gangs of Wasseypur', 'Dedh Ishqiya', 'Badlapur', 'Monica O My Darling']","['Reparto', 'Producción']","['Asia-Pacific Film Festival Nom', 'Filmfare Awards Nom', 'Awards of the International Indian Film Academy Nom', 'Zee Cine Awards Nom', 'Apsara Film Producers Guild Awards Nom']"
213,Vaani Kapoor,1988,"['Befikre', 'War', 'Chandigarh Kare Aashiqui', 'Shuddh Desi Romance']",['Reparto'],"['Filmfare Awards Gan', 'Awards of the International Indian Film Academy Gan', 'Zee Cine Awards Nom', 'Apsara Film Producers Guild Awards Gan', 'GR8! Women Achiever Awards India Gan']"
214,Lara Dutta,1978,"['Don 2', 'No Entry', 'Bellbottom', 'Jhoom Barabar Jhoom']","['Reparto', 'Producción']","['Filmfare Awards Gan', 'Awards of the International Indian Film Academy Nom', 'Zee Cine Awards Nom', ""Sansui Viewer's Choice Awards Gan"", 'Indian Television Academy Awards India Nom']"
215,Adil Hussain,1963,"['La vida de Pi', 'English Vinglish', 'Hotel Salvación', 'El viaje de Nisha']","['Reparto', 'Producción']","['Awards of the International Indian Film Academy Nom', 'National Film Awards India Gan', 'Amanda Awards Norway Gan', 'Stardust Awards India Nom', 'Kosmorama Trondheim Internasjonale Filmfestival Gan']"
216,Denzil Smith,1960,"['El exótico Hotel Marigold', 'Tenet', 'Leo', 'Tiger 3']",['Reparto'],"['Indian Television Academy Awards India Gan', 'Contribuir a esta página ir ']"
217,Nidhhi Agerwal,1993,"['Munna Michael', 'Savyasachi', 'iSmart Shankar', 'Hari Hara Veera Mallu']",['Reparto'],"['Zee Cine Awards Gan', 'South Indian International Movie Awards Nom', 'Contribuir a esta página ir ']"
218,Jagapathi Babu,1962,"['Rangasthalam', 'Nannaku Prematho', 'Legend', 'Manoharam']","['Reparto', 'Producción']","['Asianet Film Awards Gan', 'Filmfare Awards South Nom', 'South Indian International Movie Awards Nom', 'CineMAA Awards Gan', 'Nandi Awards Gan']"
219,V.K. Naresh,1960,"['Aravindha Sametha Veera Raghava', 'Rangasthalam', 'Shatamanam Bhavati', 'Ante Sundharaniki']","['Reparto', 'Producción']","['Filmfare Awards South Nom', 'South Indian International Movie Awards Nom', 'Nandi Awards Gan', 'Sakshi Excellence Awards Gan']"
220,Vennela Kishore,1980,"['Sita Ramam', 'Bhale Bhale Magadivoy', 'Bheeshma', 'Doosukeltha']","['Reparto', 'Dirección']","['Filmfare Awards South Nom', 'South Indian International Movie Awards Nom', 'Nandi Awards Gan', 'IIFA Utsavam Gan']"
221,Brahmaji,1965,"['Pushpa: The Rise - Part 1', 'Rangasthalam', 'Salaar. Part 1 - Ceasefire', 'Dookudu']",['Reparto'],"['Filmfare Awards South Nom', 'Contribuir a esta página ir ']"
222,Ravi Kishan,1969,"['Matsya Kaand', '2021 • 9 episodios', 'Paandav', 'Dharam']","['Reparto', 'Producción']","['Zee Cine Awards Nom', 'South Indian International Movie Awards Nom', 'Indian Television Academy Awards India Nom', 'IWM Digital Awards Nom', 'Talent Track Awards Gan']"
223,Mime Gopi,1975,"['Pushpa: The Rise - Part 1', 'Varisu', 'Salaar. Part 1 - Ceasefire', 'Kavalthurai Ungal Nanban']",['Reparto'],"['South Indian International Movie Awards Gan', 'Contribuir a esta página ir ']"
224,Nagarjuna Akkineni,1959,"['Shirdi Sai', 'Manam', 'Rajanna', 'Ninne Pelladatha']","['Reparto', 'Producción', 'Música']","['National Film Awards India Gan', 'Filmfare Awards South Nom', 'South Indian International Movie Awards Nom', 'Times of India Film Awards Nom', 'CineMAA Awards Gan']"
225,Dia Mirza,1981,"['Sanju', 'Kaafir', '2019 • 8 episodios', '2001', '2020']","['Reparto', 'Producción', 'Equipo ejecutivo']","['Awards of the International Indian Film Academy Gan', 'Zee Cine Awards Nom', 'Victoria Independent Film & Video Festival Canada Gan', 'Bollywood Awards Nom', 'GR8! Women Achiever Awards India Gan']"
226,Saiyami Kher,1992,"['Mirzya', 'Faadu - A Love Story', '2022 • 11 episodios', '2023', '2020']",['Reparto'],"['Filmfare Awards Nom', 'Zee Cine Awards Nom', 'Stardust Awards India Gan', 'Screen Awards IN Nom', 'Filmfare Glamour And Style Awards Gan']"
227,Atul Kulkarni,1965,"['Rang De Basanti', 'Laal Singh Chaddha', 'Hey Ram', 'Mayanagari - City of Dreams', '2019–2023 • 28 episodios']","['Reparto', 'Producción', 'Guion']","['Filmfare Awards Nom', 'Awards of the International Indian Film Academy Nom', 'Zee Cine Awards Nom', 'National Film Awards India Gan', 'Bombay International Film Festival Gan']"
228,Jasper Pääkkönen,1980,"['Infiltrado en el KKKlan', 'Vikingos', '2016–2020 • 23 episodios', '2013', '2005']","['Reparto', 'Producción', 'Guion']","['Berlin International Film Festival Gan', 'Jussi Awards Gan', 'Screen Actors Guild Awards Nom', 'Brussels International Independent Film Festival Gan', 'CinEuphoria Awards Nom']"
229,Sverrir Gudnason,1978,"['Borg McEnroe. La película', 'Flugparken', 'Gentlemen', 'Millennium: Lo que no te mata te hace más fuerte']","['Reparto', 'Banda sonora']","['European Film Awards Nom', 'Guldbagge Awards Nom', 'International Emmy Awards Nom', 'Jussi Awards Nom', 'Shanghai International Film Festival Gan']"
230,Cathy Belton,1970,"['Philomena', 'Un pequeño caos', 'Hidden Assets', '2021–2023 • 12 episodios', 'Patricia Hennessy']",['Reparto'],"['Irish Film and Television Awards Nom', 'Contribuir a esta página ir ']"
231,Con O'Neill,1966,"['The Batman', 'El señor de los anillos: El retorno del rey', 'Chernobyl', '2019 • 3 episodios', '2021']","['Reparto', 'Equipos adicionales', 'Banda sonora']","['CinEuphoria Awards Gan', 'Behind the Voice Actors Awards Nom', 'Contribuir a esta página ir ']"
232,Sarah-Jane Potts,1976,"['The Magician.', '2022', '2005', 'Saint', 'Sara']","['Reparto', 'Producción', 'Dirección']","['Sydney Indie Film Festival Nom', 'Flathead Lake International Cinemafest Nom', 'British Independent Film Festival Gan', 'Romford Film Festival Gan', 'Iconic Images Film Festival Nom']"
233,Ricky Grover,1961,"['Bulla... Big Fat Gypsy Gangster', 'Fyre Rises', '6,3', '8,8']","['Reparto', 'Guion', 'Producción']","['Brest European Short Film Festival Gan', 'London Independent Film Festival Gan', 'Behind the Voice Actors Awards Nom', 'National Film Awards UK Nom', 'Romford Film Festival Gan']"
234,Mickey Rourke,1952,"['Sin City: Ciudad del pecado', 'El luchador', 'El corazón del ángel', 'Iron Man 2']","['Reparto', 'Guion', 'Producción']","['Academy Awards USA Nom', 'Academy of Science Fiction Fantasy & Horror Films USA Gan', 'Boston Society of Film Critics Awards Gan', 'BAFTA Awards Gan', 'Critics Choice Awards Nom']"
235,Michael Jai White,1967,"['Dinamita negra', 'Spawn', 'El caballero oscuro', 'Promesa sangrienta']","['Reparto', 'Guion', 'Producción']","['Blockbuster Entertainment Awards Nom', 'Image Awards (NAACP) Nom', 'Black Reel Awards Nom', 'Contribuir a esta página ir ']"
236,James Russo,1953,"['Not a Stranger', 'Django desencadenado', 'Open Range', 'La novena puerta']","['Reparto', 'Guion', 'Dirección']","['San Diego Film Festival Gan', 'Route 66 Film Festival Gan', 'Golden Door International Film Festival of Jersey City Nom', 'Contribuir a esta página ir ']"
237,Dwayne Johnson,1972,"['Black Adam', 'Jumanji: Bienvenidos a la jungla', 'Viaje al centro de la Tierra 2: La isla misteriosa', 'Baywatch: Los vigilantes de la playa']","['Reparto', 'Producción', 'Guion']","['Acapulco Black Film Festival Nom', 'Critics Choice Awards Nom', 'Image Awards (NAACP) Nom', 'International Documentary Association Nom', ""Kids' Choice Awards USA Gan""]"
238,Emily Blunt,1983,"['Al filo del mañana', 'El diablo viste de Prada', 'Destino oculto', 'La pesca de salmón en Yemen']","['Reparto', 'Producción', 'Equipos adicionales']","['Academy Awards USA Nom', 'Academy of Science Fiction Fantasy & Horror Films USA Gan', 'BAFTA Awards Nom', 'British Independent Film Awards Nom', 'Critics Choice Awards Nom']"
239,Edgar Ramírez,1977,"['Gold, la gran estafa', 'Point Break (Sin límites)', 'Líbranos del mal', 'Carlos', '2010 • 3 episodios']","['Reparto', 'Producción', 'Dirección de la segunda unidad o asistencia a dirección']","['ALMA Awards Gan', 'Amiens International Film Festival Gan', 'César Awards France Gan', 'Primetime Emmy Awards Nom', 'Golden Globes USA Nom']"
240,Jack Whitehall,1988,"['Jungle Cruise', 'Bad Education', '2012–2023 • 21 episodios', '2016', '2015']","['Reparto', 'Guion', 'Producción']","['British Comedy Awards Gan', 'Broadcasting Press Guild Awards Nom', 'Monte-Carlo TV Festival Nom', 'Royal Television Society UK Nom']"
241,Jesse Plemons,1988,"['Noche de juegos', 'El irlandés', 'Battleship', 'El poder del perro']","['Reparto', 'Música', 'Producción']","['Academy Awards USA Nom', 'Academy of Science Fiction Fantasy & Horror Films USA Nom', 'BAFTA Awards Nom', 'Critics Choice Awards Nom', 'Cannes Film Festival Gan']"
242,Paul Giamatti,1967,"['Entre copas', 'Cinderella Man. El hombre que no se dejó tumbar', 'American Splendor', 'Los que se quedan']","['Reparto', 'Producción', 'Dirección']","['Academy Awards USA Nom', 'Annie Awards Nom', 'Blockbuster Entertainment Awards Nom', 'Boston Society of Film Critics Awards Gan', 'BAFTA Awards Nom']"
243,Dani Rovira,1980,"['Jungle Cruise', 'Ocho apellidos vascos', '100 metros', 'Taxi a Gibraltar']","['Reparto', 'Guion', 'Dirección']","['Cinema Writers Circle Awards Spain Gan', 'Fotogramas de Plata Nom', 'Goya Awards Gan', 'CinEuphoria Awards Gan', ""L'Alfàs del Pi Film Festival Gan""]"
244,Quim Gutiérrez,1981,"['Azuloscurocasinegro', 'Jungle Cruise', 'Anacleto: Agente secreto', 'La cara oculta']","['Reparto', 'Banda sonora']","['Cinema Writers Circle Awards Spain Nom', 'Fotogramas de Plata Nom', 'Goya Awards Gan', 'Málaga Spanish Film Festival Gan', 'Spanish Actors Union Gan']"
245,Rajkummar Rao,1984,"['Shahid', 'Newton', 'Ludo', 'Queen']",['Reparto'],"['Filmfare Awards Nom', 'Awards of the International Indian Film Academy Nom', 'Zee Cine Awards Nom', 'National Film Awards India Gan', 'Apsara Film Producers Guild Awards Nom']"
246,Janhvi Kapoor,1997,"['Gunjan Saxena: La chica de Kargil', 'Bawaal', 'Dhadak', 'Mili']",['Reparto'],"['Filmfare Awards Nom', 'Zee Cine Awards Nom', 'Vogue Beauty Awards Gan', 'HELLO! Hall of Fame Awards India Gan', 'Screen Awards IN Nom']"
247,Varun Sharma,1990,"['Fukrey', 'Chhichhore', 'Dilwale', 'Fukrey 3']",['Reparto'],"['Awards of the International Indian Film Academy Nom', 'Zee Cine Awards Nom', 'Apsara Film Producers Guild Awards Gan', 'Indian Television Academy Awards India Gan', 'IBNLive Movie Awards Gan']"
248,Manav Vij,1977,"['Andhadhun', 'Udta Punjab', 'Gunjan Saxena: La chica de Kargil', 'Laal Singh Chaddha']",['Reparto'],"['PTC Punjabi Film Awards Gan', 'Hitlist OTT Awards Nom', 'Bollywood Life Awards Nom', 'Bollywood Film Journalist Awards Nom']"
249,Sarita Joshi,1941,"['12th Fail', 'Baa Bahoo Aur Baby', '2005–2010 • 553 episodios', 'Radha Limaye', 'Gangoobai']",['Reparto'],"['Indian Television Academy Awards India Gan', 'Indian Telly Awards Gan', 'Star Parivaar Awards Gan', 'FOI Online Awards Nom', 'Indian Film and Television Awards Nom']"
250,David Arquette,1971,"['Scream 3', 'Nunca me han besado', 'Scream 2', 'Arac Attack']","['Producción', 'Reparto', 'Dirección']","['Blockbuster Entertainment Awards Gan', 'Breckenridge Festival of Film Gan', 'Sitges - Catalonian International Film Festival Nom', 'Daytime Emmy Awards Nom', 'Ft. Lauderdale International Film Festival Gan']"
251,Snoop Dogg,1971,"['Training Day (Día de entrenamiento)', 'Turbo', 'Baby Boy', 'Starsky & Hutch']","['Music Artist', 'Reparto', 'Producción']","['Adult Video News Awards Nom', 'BET Awards Gan', 'Primetime Emmy Awards Gan', 'Grammy Awards Nom', 'MTV Movie + TV Awards Nom']"
252,Tasie Lawrence,1990,"['Misterio en Anubis', '2011–2013 • 146 episodios', 'Vanessa Lennox', 'Danya', 'Serie de TV']",['Reparto'],"['London Film Awards Gan', 'Contribuir a esta página ir ']"
253,Kate Beckinsale,1973,"['Underworld: Evolution', 'Underworld', 'Van Helsing', 'Habitación sin salida']","['Reparto', 'Producción', 'Equipos adicionales']","['Academy of Science Fiction Fantasy & Horror Films USA Nom', 'Critics Choice Awards Nom', 'Sitges - Catalonian International Film Festival Gan', 'Costume Designers Guild Awards Gan', 'Evening Standard British Film Awards Gan']"
254,Jai Courtney,1986,"['Terminator: Génesis', 'Divergente', 'Escuadrón suicida', 'La jungla: Un buen día para morir']",['Reparto'],"['Film Critics Circle of Australia Awards Nom', 'Australian Film Critics Association Awards Nom', 'Australian Academy of Cinema and Television Arts (AACTA) Awards Nom', 'Australians in Film Awards Gan', 'Odyssey Awards Nom']"
255,Stanley Tucci,1960,"['Big Night', 'Spotlight', 'The Lovely Bones', 'Capitán América: El primer vengador']","['Reparto', 'Producción', 'Guion']","['Academy Awards USA Nom', 'Academy of Science Fiction Fantasy & Horror Films USA Nom', 'Aspen Shortsfest Gan', 'Bogota Film Festival Nom', 'Boston Society of Film Critics Awards Nom']"
256,Bobby Cannavale,1970,"['The Station Agent (Vías cruzadas)', 'Ant-Man', 'Blue Jasmine', 'Parker']","['Reparto', 'Guion', 'Producción']","['ALMA Awards Nom', 'Critics Choice Awards Nom', 'Primetime Emmy Awards Gan', 'Satellite Awards Nom', 'Gotham Awards Nom']"
257,Laverne Cox,1972,"['Una joven prometedora', 'Orange Is the New Black', '2013–2019 • 40 episodios', '2011', 'Dr. Frank-N-Furter']","['Reparto', 'Producción', 'Guion']","['Daytime Emmy Awards Gan', 'Primetime Emmy Awards Nom', 'GLAAD Media Awards Gan', 'Image Awards (NAACP) Nom', 'Screen Actors Guild Awards Gan']"
258,David Bradley,1942,"['Bienvenidos al fin del mundo', 'Arma fatal', 'Harry Potter y las Reliquias de la Muerte: Parte 2', 'Pinocho de Guillermo del Toro']","['Reparto', 'Localización', 'Banda sonora']","['Academy of Science Fiction Fantasy & Horror Films USA Nom', 'Annie Awards Nom', 'BAFTA Awards Gan', 'London Critics Circle Film Awards Nom', 'San Diego Film Critics Society Awards Nom']"
259,Susan Sarandon,1946,"['Thelma & Louise', 'Pena de muerte', 'Quédate a mi lado', 'El cliente']","['Reparto', 'Producción', 'Equipos adicionales']","['Academy Awards USA Gan', 'Academy of Science Fiction Fantasy & Horror Films USA Nom', 'American Comedy Awards USA Nom', 'Blockbuster Entertainment Awards Nom', 'BAFTA Awards Gan']"
260,Jenny Zigrino,1987,"['Bad Santa 2', 'FabUless', '50 sombras muy oscuras', 'The Smartest Dumb Girl']","['Guion', 'Reparto', 'Producción']","['Indie Series Awards Nom', 'Contribuir a esta página ir ']"
261,Jack De Sena,1987,"['Avatar. La leyenda de Aang', '2005–2008 • 60 episodios', 'Callum(voz)', 'Serie de TV', '6,3']","['Reparto', 'Guion', 'Dirección']","['Young Artist Awards Gan', 'The Streamy Awards Nom', 'FilmQuest Nom', 'Behind the Voice Actors Awards Gan']"
262,Mary Lynn Rajskub,1971,"['24', '2003–2010 • 126 episodios', '2002', '2006', '2006']","['Reparto', 'Guion', 'Producción']","['Gotham Awards Nom', 'Screen Actors Guild Awards Nom', 'Teen Choice Awards Nom', 'Gold Derby Awards Nom']"
263,Fred Armisen,1966,"['Portlandia', '2011–2016 • 59 episodios', '2004', 'VariousBarack ObamaPrince', 'Pastor']","['Música', 'Reparto', 'Guion']","['American Comedy Awards USA Nom', 'Primetime Emmy Awards Nom', 'Grammy Awards Nom', 'MTV Movie + TV Awards Nom', 'Peabody Awards Gan']"
264,Saif Ali Khan,1970,"['Kal Ho Naa Ho', 'Dil Chahta Hai', 'Hum Tum', 'Omkara']","['Reparto', 'Producción', 'Música']","['Filmfare Awards Gan', 'Awards of the International Indian Film Academy Nom', 'Zee Cine Awards Nom', 'National Film Awards India Gan', 'Apsara Film Producers Guild Awards Nom']"
265,Rani Mukerji,1978,"['Black', 'Hum Tum', 'Veer-Zaara', 'No One Killed Jessica']",['Reparto'],"['Filmfare Awards Nom', 'Awards of the International Indian Film Academy Nom', 'Zee Cine Awards Nom', 'Apsara Film Producers Guild Awards Nom', 'Bollywood Awards Nom']"
266,Siddhant Chaturvedi,1993,"['Gully Boy', 'Gehraiyaan', '¿Dónde nos perdimos?', 'Inside Edge', '2017–2019 • 19 episodios']","['Reparto', 'Guion']","['Filmfare Awards Gan', 'Awards of the International Indian Film Academy Gan', 'Zee Cine Awards Gan', 'Dadasaheb Phalke International Film Festival (DPIFF) Gan', 'Vogue Beauty Awards Gan']"
267,Sharvari Wagh,1996,"['Bunty Aur Babli 2', 'The Huntress', '2024']",['Reparto'],"['Filmfare Awards Gan', 'Awards of the International Indian Film Academy Gan', 'HELLO! Hall of Fame Awards India Gan', 'Lions Gold Awards Gan', 'Filmfare Awards East Gan']"
268,Pankaj Tripathi,1976,"['Gangs of Wasseypur', 'Stree', 'Gunjan Saxena: La chica de Kargil', 'Ludo']",['Reparto'],"['Filmfare Awards Nom', 'Awards of the International Indian Film Academy Nom', 'Zee Cine Awards Nom', 'National Film Awards India Gan', 'Indian Television Academy Awards India Nom']"
269,Prem Chopra,1935,"['Koi... Mil Gaya', 'Do Anjaane', 'Animal', 'Gehri Chaal']","['Reparto', 'Música']","['Filmfare Awards Gan', 'Screen Awards IN Gan', 'Filmfare Awards East Gan', 'Contribuir a esta página ir ']"
270,Govardhan Asrani,1941,"['Bodyguard', 'Sholay', 'Chala Murari Hero Banne', 'Hera Pheri']","['Reparto', 'Dirección', 'Producción']","['Filmfare Awards Nom', ""People's Choice Awards India Nom"", 'Screen Awards IN Nom', 'Contribuir a esta página ir ']"
271,Yashpal Sharma,1967,"['Lagaan: Érase una vez en la India', 'Neeli Chatri Waale', '2014 • 156 episodios', '2012', '2003']","['Reparto', 'Producción', 'Dirección']","['Filmfare Awards Nom', 'Awards of the International Indian Film Academy Nom', 'Zee Cine Awards Nom', ""Sansui Viewer's Choice Awards Nom"", 'Screen Awards IN Nom']"
272,Rajiv Gupta,1967,"['Paan Singh Tomar', 'PK', 'La boda del monzón', 'Dil Se..']",['Reparto'],"['Screen Awards IN Nom', 'Contribuir a esta página ir ']"
