Seth Rogen,1982,"['This Is the End', 'Superbad', 'Pineapple Express', 'Sausage Party']","['Producer', 'Actor', 'Writer']","['American Comedy Awards USA Nom', 'Annie Awards Nom', 'Canadian Comedy Awards Win', 'Primetime Emmy Awards Nom', 'Golden Globes USA Nom']"
Jay Chou,1979,"['The Green Hornet', 'Curse of the Golden Flower', 'Initial D', 'Fearless']","['Actor', 'Music Department', 'Director']","['Asia-Pacific Film Festival Nom', 'Golden Bauhinia Awards Nom', 'Golden Horse Film Festival Nom', 'Hong Kong Film Awards Nom', 'Hundred Flowers Awards Nom']"
Cameron Diaz,1972,"['Vanilla Sky', ""There's Something About Mary"", ""Charlie's Angels"", ""My Best Friend's Wedding""]","['Actress', 'Producer', 'Soundtrack']","['Academy of Science Fiction Fantasy & Horror Films USA Nom', 'ALMA Awards Nom', 'American Comedy Awards USA Nom', 'Annie Awards Nom', 'Blockbuster Entertainment Awards Win']"
Tom Wilkinson,1948,"['Michael Clayton', 'In the Bedroom', 'The Full Monty', 'The Grand Budapest Hotel']","['Actor', 'Soundtrack']","['Academy Awards USA Nom', 'Film Critics Circle of Australia Awards Nom', 'BAFTA Awards Nom', 'British Independent Film Awards Nom', 'Critics Choice Awards Nom']"
Christoph Waltz,1956,"['Django Unchained', 'Inglourious Basterds', 'The Zero Theorem', 'Carnage']","['Actor', 'Producer', 'Director']","['Academy Awards USA Win', 'Academy of Science Fiction Fantasy & Horror Films USA Nom', 'Grimme Award Win', 'Baden-Baden TV Film Festival Win', 'Bambi Awards Win']"
David Harbour,1975,"['Hellboy', 'Revolutionary Road', 'Black Widow', 'Suicide Squad']","['Actor', 'Producer', 'Soundtrack']","['Critics Choice Awards Win', 'Primetime Emmy Awards Nom', 'Golden Globes USA Nom', 'Palm Springs International Film Festival Win', 'Razzie Awards Nom']"
Edward James Olmos,1947,"['Battlestar Galactica', '2004–2009 • 74 eps', '1997', '1988', '1982']","['Actor', 'Producer', 'Director']","['Academy Awards USA Nom', 'Academy of Science Fiction Fantasy & Horror Films USA Nom', 'ALMA Awards Win', 'Arizona International Film Festival Win', 'Directors Guild of America USA Nom']"
Chad L. Coleman,1974,"['Left 4 Dead 2', '2009', ""Dennis 'Cutty' Wise"", 'Duane Mitchell', 'TV Series']","['Actor', 'Art Department', 'Producer']","['Northeast Film Festival US Win', 'CinEuphoria Awards Win', 'NAVGTR Awards Nom', 'Sutter Creek International Film Festival Nom', 'Black Reel Awards for Television Win']"
Edward Furlong,1977,"['Terminator 2: Judgment Day', 'Detroit Rock City', 'American History X', 'The Green Hornet']","['Actor', 'Producer', 'Soundtrack']","['Academy of Science Fiction Fantasy & Horror Films USA Nom', 'Film Independent Spirit Awards Nom', 'MTV Movie + TV Awards Win', 'Young Artist Awards Nom', 'Hoboken International Film Festival Nom']"
Adam Sandler,1966,"['The Waterboy', 'Little Nicky', 'The Wedding Singer', 'Big Daddy']","['Actor', 'Producer', 'Writer']","['American Comedy Awards USA Nom', 'Annie Awards Nom', 'Blockbuster Entertainment Awards Win', 'Boston Society of Film Critics Awards Win', 'Critics Choice Awards Nom']"
Al Pacino,1940,"['Serpico', 'Dog Day Afternoon', 'The Godfather', 'Dick Tracy']","['Actor', 'Director', 'Producer']","['Academy Awards USA Nom', 'Academy of Science Fiction Fantasy & Horror Films USA Nom', 'American Comedy Awards USA Win', 'American Film Institute USA Win', 'Blockbuster Entertainment Awards Nom']"
Katie Holmes,1978,"['Batman Begins', 'Jack and Jill', ""Dawson's Creek"", '1998–2003 • 128 eps', '2004']","['Actress', 'Producer', 'Director']","['Academy of Science Fiction Fantasy & Horror Films USA Nom', 'Camerimage Nom', 'Satellite Awards Nom', 'MTV Movie + TV Awards Nom', 'Razzie Awards Nom']"
Eugenio Derbez,1962,"['Instructions Not Included', 'Dora and the Lost City of Gold', 'Overboard', 'How to Be a Latin Lover']","['Actor', 'Producer', 'Writer']","['Daytime Emmy Awards Nom', 'Imagen Foundation Awards Nom', 'Mexican Cinema Journalists Win', 'Screen Actors Guild Awards Win', 'Teen Choice Awards Nom']"
David Spade,1964,"['Joe Dirt', 'Tommy Boy', 'The Benchwarmers', ""The Emperor's New Groove""]","['Actor', 'Writer', 'Producer']","['American Comedy Awards USA Nom', 'Primetime Emmy Awards Nom', 'Golden Globes USA Nom', ""Kids' Choice Awards USA Nom"", 'MTV Movie + TV Awards Win']"
Nick Swardson,1976,"[""Grandma's Boy"", 'Just Go with It', 'The Benchwarmers', 'Jack and Jill']","['Actor', 'Writer', 'Producer']","['Razzie Awards Nom', 'Behind the Voice Actors Awards Nom']"
Tim Meadows,1961,"['Mean Girls', ""The Ladies' Man"", 'Popstar: Never Stop Never Stopping', 'Walk Hard: The Dewey Cox Story']","['Actor', 'Writer', 'Camera and Electrical Department']","['Primetime Emmy Awards Nom', 'Writers Guild of America USA Win', 'CinEuphoria Awards Win', 'The Streamy Awards Win', 'The Ambies Win']"
Allen Covert,1964,"[""Grandma's Boy"", '50 First Dates', 'The Wedding Singer', 'Jack and Jill']","['Actor', 'Producer', 'Writer']",['Razzie Awards Nom']
Anna Faris,1976,"['The House Bunny', 'Just Friends', 'Scary Movie', 'Scary Movie 4']","['Actress', 'Producer', 'Writer']","['Gotham Awards Nom', 'MTV Movie + TV Awards Nom', ""People's Choice Awards USA Nom"", 'Prism Awards Nom', 'Screen Actors Guild Awards Nom']"
Chris Evans,1981,"['Avengers Assemble', 'Captain America: The First Avenger', 'Captain America: Civil War', 'Avengers: Age of Ultron']","['Actor', 'Producer', 'Director']","['Academy of Science Fiction Fantasy & Horror Films USA Nom', 'Critics Choice Awards Nom', ""Kids' Choice Awards USA Nom"", 'MTV Movie + TV Awards Nom', ""People's Choice Awards USA Nom""]"
Ari Graynor,1983,"[""Nick and Norah's Infinite Playlist"", 'The Disaster Artist', 'Whip It', ""What's Your Number?""]","['Actress', 'Producer', 'Soundtrack']","['Young Hollywood Awards Win', 'The BAM Awards Nom', 'Clarence Derwent Awards Win']"
Blythe Danner,1943,"['Meet the Parents', 'The Last Kiss', 'Paul', ""I'll See You in My Dreams""]","['Actress', 'Soundtrack']","['Academy of Science Fiction Fantasy & Horror Films USA Win', 'Blockbuster Entertainment Awards Nom', 'CableACE Awards Nom', 'Primetime Emmy Awards Win', 'Environmental Media Awards USA Win']"
Ed Begley Jr.,1949,"['A Mighty Wind', 'Pineapple Express', 'Whatever Works', 'Best in Show']","['Actor', 'Producer', 'Director']","['Primetime Emmy Awards Nom', 'Environmental Media Awards USA Nom', 'Florida Film Critics Circle Awards Win', 'Golden Globes USA Nom', 'Screen Actors Guild Awards Nom']"
Oliver Jackson-Cohen,1986,"['The Invisible Man', 'Faster', 'Going the Distance', ""What's Your Number?""]",['Actor'],"['British Independent Film Awards Nom', 'Austin Film Critics Association Nom', 'Online Film & Television Association Nom', 'International Online Cinema Awards (INOCA) Nom', 'Australian Academy of Cinema and Television Arts (AACTA) Awards Nom']"
Heather Burns,1975,"['Two Weeks Notice', 'Miss Congeniality', ""You've Got Mail"", ""What's Your Number?""]","['Actress', 'Writer', 'Soundtrack']","['Phoenix Film Festival Win', 'Gold Derby Awards Nom']"
Eliza Coupe,1981,"['Happy Endings', '2011–2020 • 58 eps', 'TigerTy-Anne', 'TV Series', '7.5']","['Actress', 'Writer', 'Producer']","['International Online Cinema Awards (INOCA) Nom', 'Gold Derby Awards Nom']"
Kate Simses,1979,"[""What's Your Number?"", 'Confessions of a Shopaholic', 'That Awkward Moment', 'Return to Sleepaway Camp', '2008']","['Actress', 'Producer', 'Additional Crew']",[]
Tika Sumpter,1980,"['Southside with You', 'Sonic the Hedgehog', 'The Old Man & The Gun', 'Ride Along']","['Actress', 'Producer', 'Director']","['Gotham Awards Nom', 'Image Awards (NAACP) Nom', 'Indiana Film Journalists Association US Nom', ""Women's Image Network Awards Nom"", 'Chicago Independent Film Critics Circle Awards Win']"
Owen Wilson,1968,"['The Royal Tenenbaums', 'Bottle Rocket', 'Wedding Crashers', 'Starsky & Hutch']","['Actor', 'Producer', 'Writer']","['Academy Awards USA Nom', 'Blockbuster Entertainment Awards Nom', 'Boston Society of Film Critics Awards Nom', 'BAFTA Awards Nom', 'Critics Choice Awards Nom']"
Jason Sudeikis,1975,"['Ted Lasso', '2020–2023 • 34 eps', '2013', '2016', '2011']","['Actor', 'Writer', 'Producer']","['American Comedy Awards USA Nom', 'Critics Choice Awards Win', 'Primetime Emmy Awards Nom', 'Golden Globes USA Nom', 'Satellite Awards Nom']"
Jenna Fischer,1974,"['The Office', '2005–2013 • 188 eps', '2012', '2007', '2006']","['Actress', 'Producer', 'Writer']","['Primetime Emmy Awards Nom', 'Monte-Carlo TV Festival Nom', 'Screen Actors Guild Awards Nom', 'St. Louis International Film Festival Win', 'Teen Choice Awards Nom']"
Christina Applegate,1971,"[""Don't Tell Mom the Babysitter's Dead"", 'Bad Moms', 'Married with Children', '1987–1997 • 259 eps', '2002']","['Actress', 'Producer', 'Soundtrack']","['Critics Choice Awards Nom', 'Primetime Emmy Awards Nom', 'Ft. Lauderdale International Film Festival Win', 'Golden Globes USA Nom', 'Satellite Awards Nom']"
Richard Jenkins,1947,"['The Shape of Water', 'The Visitor', 'Step Brothers', 'Burn After Reading']","['Actor', 'Producer', 'Soundtrack']","['Academy Awards USA Nom', 'Academy of Science Fiction Fantasy & Horror Films USA Nom', 'Boston Society of Film Critics Awards Nom', 'Breckenridge Festival of Film Win', 'Critics Choice Awards Nom']"
Stephen Merchant,1974,"['Extras', '2006–2007 • 7 eps', '2019', '2017', '2019']","['Producer', 'Writer', 'Actor']","['Banff Television Festival Win', 'BAFTA Awards Nom', 'British Comedy Awards Win', 'Broadcasting Press Guild Awards Nom', 'Primetime Emmy Awards Nom']"
Bruce Thomas,1961,"['Son of Batman', 'Legally Blonde', 'Hall Pass', 'Army of Darkness']","['Actor', 'Additional Crew', 'Writer']","['Orlando Film Festival Nom', 'Madrid International Film Festival ES Nom']"
Tyler Hoechlin,1987,"['Road to Perdition', 'Everybody Wants Some!!', 'Supergirl', '2016–2019 • 6 eps', 'Derek Hale']","['Actor', 'Producer', 'Soundtrack']","['Academy of Science Fiction Fantasy & Horror Films USA Nom', 'Critics Choice Awards Nom', 'Las Vegas Film Critics Society Awards Nom', 'Teen Choice Awards Win', 'Young Artist Awards Nom']"
Ben Stiller,1965,"['Tropic Thunder', 'Zoolander', 'Zoolander 2', 'The Secret Life of Walter Mitty']","['Producer', 'Actor', 'Director']","['Academy of Science Fiction Fantasy & Horror Films USA Nom', 'American Comedy Awards USA Win', 'Blockbuster Entertainment Awards Nom', 'Directors Guild of America USA Nom', 'Primetime Emmy Awards Nom']"
Eddie Murphy,1961,"['The Nutty Professor', 'Beverly Hills Cop', 'Dreamgirls', 'Coming to America']","['Actor', 'Writer', 'Producer']","['Academy Awards USA Nom', 'Academy of Science Fiction Fantasy & Horror Films USA Nom', 'American Comedy Awards USA Nom', 'Annie Awards Nom', 'BET Awards Nom']"
Casey Affleck,1975,"['Manchester by the Sea', 'Light of My Life', 'A Ghost Story', 'The Assassination of Jesse James by the Coward Robert Ford']","['Actor', 'Director', 'Writer']","['Academy Awards USA Win', 'Berlin International Film Festival Nom', 'Boston Society of Film Critics Awards Win', 'BAFTA Awards Win', 'Critics Choice Awards Win']"
Alan Alda,1936,"['M*A*S*H', '1972–1983 • 251 eps', '1981', '1989', '2019']","['Actor', 'Additional Crew', 'Writer']","['Academy Awards USA Nom', 'Bodil Awards Win', 'BAFTA Awards Nom', 'Directors Guild of America USA Win', 'Primetime Emmy Awards Nom']"
Matthew Broderick,1962,"['The Producers', 'WarGames', ""Ferris Bueller's Day Off"", 'The Cable Guy']","['Actor', 'Director', 'Producer']","['Academy of Science Fiction Fantasy & Horror Films USA Nom', 'CableACE Awards Nom', 'Primetime Emmy Awards Nom', 'Golden Globes USA Nom', 'Grammy Awards Nom']"
Stephen McKinley Henderson,1949,"['Fences', 'Lady Bird', 'Civil War', 'Dune: Part One']",['Actor'],"['Santa Barbara International Film Festival Win', 'Screen Actors Guild Awards Nom', 'Black Reel Awards Nom', 'Indiana Film Journalists Association US Nom', 'CinEuphoria Awards Win']"
Judd Hirsch,1935,"['The Fabelmans', 'Independence Day', 'Taxi', '1978–1983 • 114 eps', '2001']","['Actor', 'Additional Crew', 'Producer']","['Academy Awards USA Nom', 'Critics Choice Awards Nom', 'Primetime Emmy Awards Win', 'Golden Globes USA Nom', 'Film Independent Spirit Awards Win']"
Téa Leoni,1966,"['The Family Man', 'Jurassic Park III', 'Deep Impact', 'Bad Boys']","['Actress', 'Producer', 'Additional Crew']","['Academy of Science Fiction Fantasy & Horror Films USA Win', 'Blockbuster Entertainment Awards Nom', ""People's Choice Awards USA Nom"", 'TV Land Awards Nom', 'Alliance of Women Film Journalists Nom']"
Michael Peña,1976,"['American Hustle', 'Crash', 'End of Watch', 'Ant-Man']","['Actor', 'Producer', 'Soundtrack']","['ALMA Awards Win', 'Gotham Awards Nom', 'Imagen Foundation Awards Win', 'Film Independent Spirit Awards Nom', 'MTV Movie + TV Awards Nom']"
Gabourey Sidibe,1983,"['Precious', 'Tower Heist', 'Seven Psychopaths', 'Antebellum']","['Actress', 'Director', 'Producer']","['Academy Awards USA Nom', 'BET Awards Nom', 'Boston Society of Film Critics Awards Win', 'BAFTA Awards Nom', 'Critics Choice Awards Nom']"
Hank Azaria,1964,"['The Simpsons', '1989–2024 • 756 eps', 'Alex', 'Agador', 'Blue Raja']","['Actor', 'Producer', 'Writer']","['American Comedy Awards USA Nom', 'Annie Awards Win', 'Critics Choice Awards Nom', 'Primetime Emmy Awards Nom', 'Screen Actors Guild Awards Nom']"
Neil Patrick Harris,1973,"['A Series of Unfortunate Events', '2017–2019 • 25 eps', 'Barney Stinson', 'Desi Collings', 'Carl Jenkins']","['Actor', 'Producer', 'Writer']","['Academy of Science Fiction Fantasy & Horror Films USA Nom', 'Daytime Emmy Awards Nom', 'Primetime Emmy Awards Nom', 'Golden Globes USA Nom', 'Satellite Awards Nom']"
Jayma Mays,1979,"['Red Eye', 'Epic Movie', 'American Made', 'The Smurfs']","['Actress', 'Soundtrack']","[""Kids' Choice Awards USA Nom"", 'Screen Actors Guild Awards Nom', 'Teen Choice Awards Nom', 'Alliance of Women Film Journalists Nom', 'Gold Derby Awards Nom']"
Sofía Vergara,1972,"['Hot Pursuit', 'Modern Family', '2009–2020 • 250 eps', '2014', '2011']","['Actress', 'Producer', 'Soundtrack']","['ALMA Awards Nom', 'Primetime Emmy Awards Nom', 'Golden Globes USA Nom', 'Satellite Awards Nom', 'Image Awards (NAACP) Nom']"
Tim Gunn,1953,"['Project Runway', '2011–2017 • 120 eps', 'Baileywick(voice)', 'Writer', 'Tim Gunn']","['Producer', 'Actor', 'Writer']","['Primetime Emmy Awards Nom', 'PGA Awards Nom', 'Online Film & Television Association Nom', 'Behind the Voice Actors Awards Nom', 'Voice Arts Awards Nom']"
Antonio Banderas,1960,"['The Mask of Zorro', 'The Skin I Live In', 'The 13th Warrior', 'Once Upon a Time in Mexico']","['Actor', 'Producer', 'Writer']","['Academy Awards USA Nom', 'Academy of Science Fiction Fantasy & Horror Films USA Nom', 'ALMA Awards Win', 'Annie Awards Nom', 'Berlin International Film Festival Win']"
Salma Hayek,1966,"['Frida', 'Desperado', 'Wild Wild West', 'Savages']","['Actress', 'Producer', 'Director']","['Ariel Awards Mexico Nom', 'Academy Awards USA Nom', 'Academy of Science Fiction Fantasy & Horror Films USA Nom', 'ALMA Awards Nom', 'Bambi Awards Win']"
Zach Galifianakis,1969,"['The Hangover', 'Birdman or (The Unexpected Virtue of Ignorance)', 'Due Date', 'The Lego Batman Movie']","['Actor', 'Producer', 'Writer']","['Annie Awards Nom', 'Primetime Emmy Awards Nom', 'Satellite Awards Nom', 'Hollywood Film Awards Win', 'Las Vegas Film Critics Society Awards Win']"
Billy Bob Thornton,1955,"['Sling Blade', 'A Simple Plan', ""The Man Who Wasn't There"", ""Monster's Ball""]","['Actor', 'Writer', 'Director']","['Academy Awards USA Nom', 'Academy of Science Fiction Fantasy & Horror Films USA Nom', 'Berlin International Film Festival Nom', 'Blockbuster Entertainment Awards Nom', 'Boston Society of Film Critics Awards Win']"
Amy Sedaris,1961,"['Elf', 'Strangers with Candy', '1999–2000 • 31 eps', '2011', '2009']","['Actress', 'Writer', 'Producer']","['CableACE Awards Nom', 'Primetime Emmy Awards Nom', 'Writers Guild of America USA Nom', 'Online Film & Television Association Nom', 'Behind the Voice Actors Awards Nom']"
Constance Marie,1965,"['George Lopez', '2002–2007 • 120 eps', 'Regina VasquezRegina Sorrento', 'Marcela Quintanilla', 'TV Series']","['Actress', 'Soundtrack']","['ALMA Awards Win', 'Imagen Foundation Awards Nom', 'Soap Opera Digest Awards Nom', 'Young Artist Awards Nom', 'Gracie Allen Awards Win']"
Guillermo del Toro,1964,"[""Pan's Labyrinth"", 'Hellboy', 'Pinocchio', 'The Shape of Water']","['Writer', 'Producer', 'Director']","['Ariel Awards Mexico Win', 'Academy Awards USA Win', 'Academy of Science Fiction Fantasy & Horror Films USA Nom', 'ALMA Awards Win', 'American Cinema Editors USA Win']"
Mike Mitchell,1970,"['Monsters vs. Aliens', 'Shrek Forever After', 'The LEGO Movie 2', 'Herd', '1999']","['Director', 'Writer', 'Actor']","['Aspen Shortsfest Win', 'Atlanta Film Festival Win', 'Sidewalk Film Festival Win', 'Hi Mom Film Festival Win', 'Slamdance Film Festival Win']"
James McAvoy,1979,"['Filth', 'Split', 'Atonement', 'The Last King of Scotland']","['Actor', 'Director', 'Producer']","['BAFTA Awards Nom', 'BAFTA Awards Scotland Win', 'British Comedy Awards Nom', 'British Independent Film Awards Win', 'Cannes Film Festival Win']"
Emily Blunt,1983,"['Edge of Tomorrow', 'The Devil Wears Prada', 'The Adjustment Bureau', 'Salmon Fishing in the Yemen']","['Actress', 'Producer', 'Additional Crew']","['Academy Awards USA Nom', 'Academy of Science Fiction Fantasy & Horror Films USA Win', 'BAFTA Awards Nom', 'British Independent Film Awards Nom', 'Critics Choice Awards Nom']"
Ashley Jensen,1969,"['Arthur Christmas', 'The Lobster', 'Ugly Betty', '2006–2010 • 66 eps', 'Maggie Jacobs']","['Actress', 'Art Director', 'Producer']","['Annie Awards Nom', 'BAFTA Awards Nom', 'BAFTA Awards Scotland Nom', 'British Comedy Awards Nom', 'Broadcasting Press Guild Awards Nom']"
Michael Caine,1933,"['The Dark Knight', 'Youth', 'The Prestige', 'The Cider House Rules']","['Actor', 'Producer', 'Additional Crew']","['Academy Awards USA Nom', 'BAFTA Awards Nom', 'British Independent Film Awards Win', 'Critics Choice Awards Nom', 'Chicago Film Critics Association Awards Nom']"
Matt Lucas,1974,"['Little Britain', '2003–2006 • 23 eps', '2011', '2016', '2023']","['Actor', 'Writer', 'Producer']","['BAFTA Awards Nom', 'British Comedy Awards Nom', 'Grammy Awards Nom', ""Rose d'Or Light Entertainment Festival Win"", 'Royal Television Society UK Nom']"
Jim Cummings,1952,"['Winnie the Pooh', 'Christopher Robin', 'The Princess and the Frog', 'Aladdin']","['Actor', 'Soundtrack', 'Additional Crew']","['Annie Awards Nom', 'Daytime Emmy Awards Nom', 'Behind the Voice Actors Awards Win']"
Maggie Smith,1934,"['Gosford Park', 'A Room with a View', 'The Lady in the Van', 'The Best Exotic Marigold Hotel']","['Actress', 'Soundtrack']","['Academy Awards USA Nom', 'Academy of Science Fiction Fantasy & Horror Films USA Nom', 'American Comedy Awards USA Nom', 'BAFTA Awards Nom', 'British Independent Film Awards Nom']"
Jason Statham,1967,"['Crank', 'Fast & Furious 7', 'Spy', 'The Meg']","['Actor', 'Producer', 'Stunts']","['Critics Choice Awards Nom', 'Razzie Awards Nom', 'Teen Choice Awards Nom', 'Alliance of Women Film Journalists Nom', 'Shorty Awards Nom']"
Ozzy Osbourne,1948,"['Little Nicky', 'Austin Powers in Goldmember', 'Gnomeo & Juliet', 'Moulin Rouge!']","['Music Artist', 'Actor', 'Music Department']","['Grammy Awards Win', 'MTV Movie + TV Awards Nom', 'Teen Choice Awards Win', 'Walk of Fame Win', 'iHeartRadio Music Awards Nom']"
Stephen Merchant,1974,"['Extras', '2006–2007 • 7 eps', '2019', '2017', '2019']","['Producer', 'Writer', 'Actor']","['Banff Television Festival Win', 'BAFTA Awards Nom', 'British Comedy Awards Win', 'Broadcasting Press Guild Awards Nom', 'Primetime Emmy Awards Nom']"
Shah Rukh Khan,1965,"['Don 2', 'My Name Is Khan', 'Devdas', 'Jab Tak Hai Jaan']","['Actor', 'Producer', 'Music Department']","['Filmfare Awards Nom', 'Awards of the International Indian Film Academy Nom', 'Locarno International Film Festival Win', 'Zee Cine Awards Nom', 'Apsara Film Producers Guild Awards Nom']"
Priyanka Chopra Jonas,1982,"['Barfi!', 'Baywatch', 'Bajirao Mastani', 'Agneepath']","['Actress', 'Producer', 'Music Department']","['Filmfare Awards Nom', 'Awards of the International Indian Film Academy Nom', 'Zee Cine Awards Win', 'National Film Awards India Win', ""People's Choice Awards USA Win""]"
Boman Irani,1959,"['3 Idiots', 'Munna Bhai M.B.B.S.', 'Don 2', 'Dunki']","['Actor', 'Music Department', 'Director']","['Filmfare Awards Win', 'Awards of the International Indian Film Academy Nom', 'Zee Cine Awards Nom', 'Apsara Film Producers Guild Awards Nom', ""Sansui Viewer's Choice Awards Nom""]"
Lara Dutta,1978,"['Don 2', 'No Entry', 'Bell Bottom', 'Jhoom Barabar Jhoom']","['Actress', 'Producer']","['Filmfare Awards Win', 'Awards of the International Indian Film Academy Nom', 'Zee Cine Awards Nom', ""Sansui Viewer's Choice Awards Win"", 'Indian Television Academy Awards India Nom']"
Kunal Kapoor,1975,"['Rang De Basanti', 'Don 2', 'Veeram', 'The Empire', '2021 • 8 eps']","['Actor', 'Second Unit or Assistant Director', 'Producer']","['Filmfare Awards Nom', 'Awards of the International Indian Film Academy Nom', 'Zee Cine Awards Nom', 'Bollywood Awards Nom', 'South Indian International Movie Awards Nom']"
Om Puri,1950,"['The Hundred-Foot Journey', 'East Is East', 'Wolf', 'Lakshya']","['Actor', 'Additional Crew', 'Music Department']","['BAFTA Awards Nom', 'Brussels Film Festival (BRFF) Win', 'Filmfare Awards Win', 'Karlovy Vary International Film Festival Win', 'Montréal World Film Festival Win']"
Nawab Shah,1972,"['Don 2', 'Lakshya', 'Khuda Haafiz', 'Dilwale']",['Actor'],"['Gold Awards Nom', 'Indian Film and Television Awards Nom']"
Alyy Khan,1968,"['Don 2', 'A Mighty Heart', 'Traitor', 'The Valley']",['Actor'],"['British Independent Film Awards Nom', 'Northeast Film Festival US Nom', 'Film Fest International Milan Nom', 'Film Fest International Berlin Nom', 'Indian Telly Awards Nom']"
Florian Lukas,1973,"['Good Bye Lenin!', 'The Grand Budapest Hotel', 'Weissensee', '2010–2018 • 24 eps', '1999']","['Actor', 'Producer', 'Soundtrack']","['Bambi Awards Win', 'Bavarian Film Awards Win', 'Bavarian TV Awards Nom', 'German Film Awards Win', 'German Television Awards Win']"
James McAvoy,1979,"['Filth', 'Split', 'Atonement', 'The Last King of Scotland']","['Actor', 'Director', 'Producer']","['BAFTA Awards Nom', 'BAFTA Awards Scotland Win', 'British Comedy Awards Nom', 'British Independent Film Awards Win', 'Cannes Film Festival Win']"
Michael Fassbender,1977,"['Shame', 'Prometheus', 'X-Men: First Class', 'Steve Jobs']","['Actor', 'Producer', 'Executive']","['Academy Awards USA Nom', 'Academy of Science Fiction Fantasy & Horror Films USA Nom', 'Boston Society of Film Critics Awards Nom', 'BAFTA Awards Nom', 'British Independent Film Awards Nom']"
Bill Milner,1995,"['Son of Rambow', 'Is Anybody There?', 'Anthropoid', 'X-Men: First Class']","['Actor', 'Producer', 'Set Decorator']","['British Independent Film Awards Nom', 'London Critics Circle Film Awards Nom', 'Young Artist Awards Nom', 'British Independent Film Festival Win']"
Kevin Bacon,1958,"['Footloose', 'Hollow Man', 'The Woodsman', 'Mystic River']","['Actor', 'Producer', 'Director']","['Academy of Science Fiction Fantasy & Horror Films USA Nom', 'Blockbuster Entertainment Awards Win', 'Boston Society of Film Critics Awards Win', 'Critics Choice Awards Win', 'CableACE Awards Nom']"
Rose Byrne,1979,"['Spy', 'Insidious', 'Bridesmaids', 'Bad Neighbours']","['Actress', 'Producer', 'Soundtrack']","['Film Critics Circle of Australia Awards Win', 'Australian Film Institute Nom', 'Critics Choice Awards Nom', 'Primetime Emmy Awards Nom', 'Golden Globes USA Nom']"
Jennifer Lawrence,1990,"['The Hunger Games', 'Silver Linings Playbook', 'American Hustle', 'X-Men: First Class']","['Actress', 'Producer', 'Writer']","['Academy Awards USA Nom', 'Academy of Science Fiction Fantasy & Horror Films USA Nom', 'American Comedy Awards USA Win', 'BAFTA Awards Win', 'Critics Choice Awards Nom']"
Morgan Lily,2000,"['2012', 'Flipped', 'Cooties', 'X-Men: First Class']",['Actress'],['Young Artist Awards Nom']
Oliver Platt,1960,"['The Three Musketeers', 'Bicentennial Man', 'Lake Placid', 'Frost/Nixon']","['Actor', 'Producer']","['Blockbuster Entertainment Awards Nom', 'Boston Society of Film Critics Awards Nom', 'Primetime Emmy Awards Nom', 'Golden Globes USA Nom', 'Gotham Awards Nom']"
Henry Cavill,1983,"['Man of Steel', 'Batman v Superman: Dawn of Justice', 'Justice League', 'The Man from U.N.C.L.E.']","['Actor', 'Additional Crew', 'Producer']","['Academy of Science Fiction Fantasy & Horror Films USA Nom', 'Critics Choice Awards Nom', ""Kids' Choice Awards USA Nom"", 'MTV Movie + TV Awards Win', 'Razzie Awards Nom']"
Mickey Rourke,1952,"['Sin City', 'The Wrestler', 'Angel Heart', 'Iron Man 2']","['Actor', 'Writer', 'Producer']","['Academy Awards USA Nom', 'Academy of Science Fiction Fantasy & Horror Films USA Win', 'Boston Society of Film Critics Awards Win', 'BAFTA Awards Win', 'Critics Choice Awards Nom']"
Stephen Dorff,1973,"['Blade', 'Somewhere', 'Immortals', 'World Trade Center']","['Actor', 'Producer', 'Writer']","['Academy of Science Fiction Fantasy & Horror Films USA Nom', 'Blockbuster Entertainment Awards Win', 'MTV Movie + TV Awards Win', 'ShoWest Convention USA Win', 'Young Artist Awards Nom']"
Freida Pinto,1984,"['Slumdog Millionaire', 'Rise of the Planet of the Apes', 'Immortals', 'Knight of Cups']","['Actress', 'Producer', 'Soundtrack']","['BAFTA Awards Nom', 'MTV Movie + TV Awards Nom', 'Palm Springs International Film Festival Win', 'Screen Actors Guild Awards Win', 'Teen Choice Awards Nom']"
Luke Evans,1979,"['Dracula Untold', 'Beauty and the Beast', 'The Hobbit: The Desolation of Smaug', 'Fast & Furious 6']","['Actor', 'Producer', 'Soundtrack']","['Acapulco Black Film Festival Nom', 'British Independent Film Awards Nom', 'Monte-Carlo TV Festival Nom', 'MTV Movie + TV Awards Nom', 'Teen Choice Awards Win']"
John Hurt,1940,"['1984', 'Alien', 'The Elephant Man', 'Midnight Express']","['Actor', 'Soundtrack']","['Academy Awards USA Nom', 'Australian Film Institute Nom', 'Berlin International Film Festival Win', 'Bodil Awards Nom', 'Boston Society of Film Critics Awards Nom']"
Greg Bryk,1972,"[""Shoot 'Em Up"", 'Saw V', 'A History of Violence', ""Poor Boy's Game""]","['Actor', 'Producer', 'Stunts']","['Gemini Awards Nom', 'Vancouver Film Critics Circle Win', 'Hamilton Film Festival CA Nom']"
James Purefoy,1964,"['Rome', '2005–2007 • 22 eps', 'Hap Collins', 'TV Series', '7.0']","['Actor', 'Producer']","['Academy of Science Fiction Fantasy & Horror Films USA Nom', 'Temecula Valley International Film Festival Win', 'TV Guide Awards Nom']"
Brian Cox,1946,"['Succession', '2018–2023 • 39 eps', '2003', '2004', '2002']","['Actor', 'Producer', 'Director']","['Boston Society of Film Critics Awards Win', 'BAFTA Awards Nom', 'BAFTA Awards Scotland Nom', 'Critics Choice Awards Nom', 'Sitges - Catalonian International Film Festival Win']"
Kate Mara,1983,"['Fantastic Four', 'Happythankyoumoreplease', 'Shooter', 'The Martian']","['Actress', 'Producer', 'Soundtrack']","['Primetime Emmy Awards Nom', 'Film Independent Spirit Awards Nom', 'Razzie Awards Nom', 'Women in Film Crystal Awards Win', 'MovieGuide Awards Nom']"
Derek Jacobi,1938,"['Gosford Park', 'Gladiator', 'Dead Again', 'Anonymous']","['Actor', 'Producer', 'Soundtrack']","['BAFTA Awards Nom', 'Critics Choice Awards Win', 'Edinburgh International Film Festival Win', 'Primetime Emmy Awards Win', 'Evening Standard British Film Awards Win']"
Paul Giamatti,1967,"['Sideways', 'Cinderella Man', 'American Splendor', 'The Holdovers']","['Actor', 'Producer', 'Director']","['Academy Awards USA Nom', 'Annie Awards Nom', 'Blockbuster Entertainment Awards Nom', 'Boston Society of Film Critics Awards Win', 'BAFTA Awards Nom']"
Charles Dance,1946,"['Gosford Park', 'The Imitation Game', 'Game of Thrones', '2011–2015 • 27 eps', '1993']","['Actor', 'Producer', 'Director']","['BAFTA Awards Nom', ""International Cinematographers' Film Festival Manaki Brothers Win"", 'Critics Choice Awards Win', 'Broadcasting Press Guild Awards Win', 'Sitges - Catalonian International Film Festival Win']"
Jason Flemyng,1966,"['The Curious Case of Benjamin Button', 'Lock, Stock and Two Smoking Barrels', 'Deep Rising', 'The League of Extraordinary Gentlemen']","['Actor', 'Producer', 'Director']","['Critics Choice Awards Nom', 'Brussels International Festival of Fantasy Film (BIFFF) Nom', 'Screen Actors Guild Awards Nom', 'Southampton International Film Festival Nom', 'Gold Derby Awards Nom']"
Jamie Foreman,1958,"['Layer Cake', 'Oliver Twist', 'Inkheart', 'Elizabeth']","['Actor', 'Writer', 'Producer']","['British Soap Awards Nom', 'TV Quick Awards UK Nom']"
Mackenzie Crook,1971,"['Pirates of the Caribbean: The Curse of the Black Pearl', ""Pirates of the Caribbean: At World's End"", 'Detectorists', '2014–2022 • 20 eps', '2006']","['Actor', 'Writer', 'Director']","['BAFTA Awards Win', 'British Comedy Awards Nom', 'Broadcasting Press Guild Awards Nom', 'Screen Actors Guild Awards Nom', ""Writers' Guild of Great Britain Win""]"
Tom Cruise,1962,"['Top Gun', 'The Last Samurai', 'Minority Report', 'Jerry Maguire']","['Actor', 'Producer', 'Director']","['Academy Awards USA Nom', 'Academy of Science Fiction Fantasy & Horror Films USA Win', 'Bambi Awards Win', 'Blockbuster Entertainment Awards Nom', 'BAFTA Awards Nom']"
Paula Patton,1975,"['Precious', 'Mission: Impossible - Ghost Protocol', 'Deja Vu', 'Warcraft: The Beginning']","['Actress', 'Producer', 'Additional Crew']","['Academy of Science Fiction Fantasy & Horror Films USA Nom', 'Acapulco Black Film Festival Nom', 'Boston Society of Film Critics Awards Win', 'Image Awards (NAACP) Nom', 'Screen Actors Guild Awards Nom']"
Simon Pegg,1970,"['Shaun of the Dead', ""The World's End"", 'Hot Fuzz', 'Star Trek']","['Actor', 'Writer', 'Producer']","['Academy of Science Fiction Fantasy & Horror Films USA Nom', 'American Comedy Awards USA Nom', 'Boston Society of Film Critics Awards Win', 'Bram Stoker Awards Win', 'BAFTA Awards Nom']"
Jeremy Renner,1971,"['The Hurt Locker', 'The Town', 'Wind River', 'Avengers Assemble']","['Actor', 'Producer', 'Sound Department']","['Academy Awards USA Nom', 'Academy of Science Fiction Fantasy & Horror Films USA Nom', 'Boston Society of Film Critics Awards Win', 'BAFTA Awards Nom', 'Critics Choice Awards Nom']"
Michael Nyqvist,1960,"['Mission: Impossible - Ghost Protocol', 'John Wick', 'The Girl with the Dragon Tattoo', 'Together']","['Actor', 'Producer']","['Chicago International Film Festival Win', 'German Film Awards Nom', 'Gijón International Film Festival Win', 'Guldbagge Awards Win', 'International Emmy Awards Nom']"
Vladimir Mashkov,1963,"['Mission: Impossible - Ghost Protocol', 'Daddy', 'Behind Enemy Lines', 'Three Seconds']","['Actor', 'Producer', 'Director']","['Geneva Film Festival Win', 'Moscow International Film Festival Win', 'Nika Awards Win', 'Kinoshok - Open CIS and Baltic Film Festival Win', 'San Raphael Russian Cinema Festival Win']"
Samuli Edelmann,1968,"['Mission: Impossible - Ghost Protocol', 'Private Eye Vares', 'Riisuttu mies', 'Häjyt']","['Actor', 'Writer', 'Composer']","['Jussi Awards Nom', 'Tallinn Black Nights Film Festival Win', 'Kultainen Venla Nom']"
Ivan Shvedoff,1969,"['Mission: Impossible - Ghost Protocol', 'Babylon Berlin', '2017 • 9 eps', '2001', '2000']","['Actor', 'Producer', 'Sound Department']","['Grimme Award Win', 'Brussels European Film Festival Win']"
Anil Kapoor,1956,"['Slumdog Millionaire', 'Animal', 'Race 3', '24', '2013–2016 • 48 eps']","['Actor', 'Producer', 'Music Department']","['Filmfare Awards Nom', 'Awards of the International Indian Film Academy Win', 'Zee Cine Awards Nom', 'National Film Awards India Win', 'Screen Actors Guild Awards Win']"
Léa Seydoux,1985,"['Blue Is the Warmest Colour', 'Spectre', 'No Time to Die', 'Midnight in Paris']","['Actress', 'Additional Crew', 'Soundtrack']","['BAFTA Awards Nom', 'Cannes Film Festival Win', 'César Awards France Nom', 'Chicago Film Critics Association Awards Nom', 'European Film Awards Nom']"
Nicolas Cage,1964,"['Face/Off', 'Leaving Las Vegas', 'The Rock', 'Next']","['Actor', 'Producer', 'Director']","['Academy Awards USA Nom', 'Academy of Science Fiction Fantasy & Horror Films USA Win', 'American Comedy Awards USA Nom', 'Annie Awards Nom', 'Blockbuster Entertainment Awards Win']"
Violante Placido,1976,"['The American', 'Ghost Rider: Spirit of Vengeance', 'Lezioni di cioccolato', ""L'anima gemella""]","['Actress', 'Composer']","['David di Donatello Awards Nom', 'Italian National Syndicate of Film Journalists Nom', 'Venice Film Festival Win', 'Monte-Carlo Comedy Film Festival Win', 'Golden Globes Italy Nom']"
Ciarán Hinds,1953,"['Belfast', 'The Woman in Black', 'Tinker Tailor Soldier Spy', 'Harry Potter and the Deathly Hallows: Part 2']","['Actor', 'Soundtrack']","['Academy Awards USA Nom', 'BAFTA Awards Nom', 'British Independent Film Awards Nom', 'Critics Choice Awards Nom', 'Dallas-Fort Worth Film Critics Association Awards Nom']"
Idris Elba,1972,"['Beasts of No Nation', 'The Losers', 'Thor: Ragnarok', 'Mandela: Long Walk to Freedom']","['Actor', 'Producer', 'Writer']","['Academy of Science Fiction Fantasy & Horror Films USA Nom', 'Acapulco Black Film Festival Nom', 'Berlin International Film Festival Nom', 'BET Awards Nom', 'BAFTA Awards Nom']"
Spencer Wilding,1972,"['Rogue One', 'Victor Frankenstein', 'The Legend of Hercules', 'Stardust']","['Actor', 'Stunts', 'Producer']","[""Kids' Choice Awards USA Nom""]"
Jacek Koman,1956,"['Moulin Rouge!', 'Children of Men', 'Defiance', 'Top of the Lake', '2013 • 2 eps']","['Actor', 'Soundtrack']","['Online Film & Television Association Win', 'Australian Academy of Cinema and Television Arts (AACTA) Awards Nom']"
Anthony Head,1954,"['Buffy the Vampire Slayer', '1997–2003 • 123 eps', '2008', '2005', 'Sir Walter Elliot']","['Actor', 'Soundtrack']","['Academy of Science Fiction Fantasy & Horror Films USA Nom', 'Monte-Carlo TV Festival Nom', 'Screen Actors Guild Awards Nom', 'Online Film & Television Association Win', 'International Online Cinema Awards (INOCA) Win']"
Channing Tatum,1980,"['21 Jump Street', 'White House Down', '22 Jump Street', 'Foxcatcher']","['Actor', 'Producer', 'Director']","['Critics Choice Awards Nom', 'Family Film Awards Nom', 'Gijón International Film Festival Win', 'Gotham Awards Win', 'Hollywood Film Awards Win']"
Denis O'Hare,1962,"['Dallas Buyers Club', 'The Proposal', 'Garden State', 'The Pyramid']","['Actor', 'Writer', 'Producer']","['Critics Choice Awards Win', 'Primetime Emmy Awards Nom', 'Satellite Awards Win', 'Screen Actors Guild Awards Nom', 'Online Film & Television Association Nom']"
Paul Ritter,1966,"['Quantum of Solace', 'Hannibal Rising', 'Harry Potter and the Half-Blood Prince', 'The Libertine']","['Actor', 'Soundtrack']","['BAFTA Awards Nom', 'CinEuphoria Awards Win', 'Online Film & Television Association Nom']"
Emily Browning,1988,"['A Series of Unfortunate Events', 'Sucker Punch', 'Sleeping Beauty', 'Pompeii']","['Actress', 'Soundtrack']","['Film Critics Circle of Australia Awards Nom', 'Australian Film Institute Win', 'Critics Choice Awards Nom', 'Hamptons International Film Festival Win', 'Sundance Film Festival Win']"
Abbie Cornish,1982,"['Bright Star', 'Three Billboards Outside Ebbing, Missouri', 'Candy', 'Sucker Punch']","['Actress', 'Producer']","['Film Critics Circle of Australia Awards Win', 'Australian Film Institute Nom', 'Boston Society of Film Critics Awards Win', 'British Independent Film Awards Nom', 'Chicago Film Critics Association Awards Nom']"
Jena Malone,1984,"['The Neon Demon', 'Contact', 'The Hunger Games: Mockingjay - Part 2', 'The Hunger Games: Catching Fire']","['Actress', 'Producer', 'Music Department']","['Academy of Science Fiction Fantasy & Horror Films USA Nom', 'Blockbuster Entertainment Awards Nom', 'CableACE Awards Nom', 'Golden Globes USA Nom', 'Satellite Awards Nom']"
Vanessa Hudgens,1988,"['High School Musical 3: Senior Year', 'Spring Breakers', 'Beastly', 'Journey 2: The Mysterious Island']","['Actress', 'Producer', 'Soundtrack']","['Heartland International Film Festival Win', 'Imagen Foundation Awards Nom', ""Kids' Choice Awards USA Nom"", 'MTV Movie + TV Awards Nom', ""People's Choice Awards USA Nom""]"
Jamie Chung,1983,"['Big Hero 6', 'The Gifted', '2017–2019 • 29 eps', 'Valerie Vale', 'Eden']","['Actress', 'Producer']","['Screen Actors Guild Awards Nom', 'Seattle International Film Festival Win', 'ShoWest Convention USA Win', 'SXSW Film Festival Win', 'Young Hollywood Awards Win']"
Carla Gugino,1971,"['Watchmen', ""Gerald's Game"", 'American Gangster', 'Sucker Punch']","['Actress', 'Producer', 'Soundtrack']","['Academy of Science Fiction Fantasy & Horror Films USA Nom', 'Blockbuster Entertainment Awards Nom', 'Screen Actors Guild Awards Nom', 'Teen Choice Awards Nom', 'Capri Hollywood Win']"
Oscar Isaac,1979,"['Ex Machina', 'Inside Llewyn Davis', 'A Most Violent Year', 'Star Wars: Episode VIII - The Last Jedi']","['Actor', 'Producer', 'Soundtrack']","['Academy of Science Fiction Fantasy & Horror Films USA Win', 'ALMA Awards Nom', 'Film Critics Circle of Australia Awards Nom', 'Australian Film Institute Win', 'Critics Choice Awards Nom']"
Jon Hamm,1971,"['Mad Men', '2007–2015 • 92 eps', '2010', '2014', '2018']","['Actor', 'Producer', 'Director']","['Annie Awards Nom', 'Primetime Emmy Awards Win', 'Golden Globes USA Nom', 'Satellite Awards Nom', 'Monte-Carlo TV Festival Win']"
Scott Glenn,1939,"['The Hunt for Red October', 'The Bourne Legacy', 'Backdraft', 'The Silence of the Lambs']","['Actor', 'Producer', 'Stunts']",['Academy of Science Fiction Fantasy & Horror Films USA Nom']
Richard Cetrone,1961,"['Batman v Superman: Dawn of Justice', 'Solo: A Star Wars Story', 'Captain America: Civil War', 'Wonder Woman']","['Stunts', 'Actor']","['Screen Actors Guild Awards Nom', 'Taurus World Stunt Awards Nom']"
Michael Angarano,1987,"['Sky High', 'The Forbidden Kingdom', 'Wild Card', 'Almost Famous']","['Actor', 'Director', 'Writer']","['Primetime Emmy Awards Nom', 'Satellite Awards Win', 'Method Fest Win', 'TV Guide Awards Win', 'Young Artist Awards Nom']"
Nicholas Braun,1988,"['Succession', '2018–2023 • 39 eps', '2016', '2005', '2012']","['Actor', 'Writer', 'Producer']","['Critics Choice Awards Nom', 'Primetime Emmy Awards Nom', 'San Diego Film Critics Society Awards Win', 'Screen Actors Guild Awards Win', 'TV Guide Awards Nom']"
Anna Gunn,1968,"['Breaking Bad', '2008–2013 • 62 eps', '2016', '2012', '2016']","['Actress', 'Soundtrack']","['Academy of Science Fiction Fantasy & Horror Films USA Nom', 'Primetime Emmy Awards Win', 'Satellite Awards Nom', 'Milano International Film Festival Awards (MIFF Awards) Nom', 'Monte-Carlo TV Festival Nom']"
Matt Jones,1981,"['Bob Hearts Abishola', '2019–2024 • 87 eps', 'Baxter', 'Badger', 'TV Series']","['Actor', 'Director', 'Producer']","['Annie Awards Nom', 'SXSW Film Festival Win', ""Film Club's The Lost Weekend Win""]"
Paul Bettany,1971,"['WandaVision', '2021 • 9 eps']","['Actor', 'Producer', 'Writer']","['Academy of Science Fiction Fantasy & Horror Films USA Nom', 'BAFTA Awards Nom', 'British Independent Film Awards Nom', 'Critics Choice Awards Nom', 'Camerimage Nom']"
Karl Urban,1972,"['Star Trek', 'The Lord of the Rings: The Two Towers', 'The Lord of the Rings: The Return of the King', 'Doom']","['Actor', 'Producer', 'Additional Crew']","['Boston Society of Film Critics Awards Win', 'Critics Choice Awards Win', 'National Board of Review USA Win', 'New Zealand Film and TV Awards (I) Nom', 'Screen Actors Guild Awards Win']"
Cam Gigandet,1982,"['Twilight', 'Never Back Down', 'Priest', 'The Roommate']","['Actor', 'Soundtrack']","['MTV Movie + TV Awards Win', 'Teen Choice Awards Nom', 'Young Hollywood Awards Win', 'Scream Awards Nom']"
Maggie Q,1979,"['Divergent', 'The Protégé', 'Insurgent', 'Priest']","['Actress', 'Producer']","['Hawaii International Film Festival Win', 'Razzie Awards Nom', 'Teen Choice Awards Nom', 'IGN Summer Movie Awards Nom', 'Critics Choice Super Awards Nom']"
Lily Collins,1989,"['The Mortal Instruments: City of Bones', 'Love, Rosie', 'Mirror Mirror', 'Abduction']","['Actress', 'Producer', 'Executive']","['Costume Designers Guild Awards Win', 'Primetime Emmy Awards Nom', 'Golden Globes USA Nom', 'Hollywood Film Awards Win', 'MTV Movie + TV Awards Nom']"
Brad Dourif,1950,"['The Lord of the Rings: The Two Towers', ""One Flew Over the Cuckoo's Nest"", 'Mississippi Burning', 'Dune']",['Actor'],"['Academy Awards USA Nom', 'Academy of Science Fiction Fantasy & Horror Films USA Nom', 'BAFTA Awards Win', 'Chicago Film Critics Association Awards Nom', 'Primetime Emmy Awards Nom']"
Stephen Moyer,1969,"['True Blood', '2008–2014 • 81 eps', '2011', '2011', '2000']","['Actor', 'Producer', 'Director']","['Academy of Science Fiction Fantasy & Horror Films USA Win', 'Edinburgh International Film Festival Nom', 'Satellite Awards Nom', 'Screen Actors Guild Awards Nom', 'Teen Choice Awards Nom']"
Christopher Plummer,1929,"['Beginners', 'The Insider', 'Remember', 'All the Money in the World']","['Actor', 'Producer', 'Music Department']","['Academy Awards USA Nom', 'Annie Awards Nom', 'Boston Society of Film Critics Awards Win', 'BAFTA Awards Nom', 'Critics Choice Awards Win']"
Alan Dale,1947,"['Priest', 'Star Trek: Nemesis', 'Indiana Jones and the Kingdom of the Crystal Skull', 'Captain America: The Winter Soldier']","['Actor', 'Additional Crew']","['Academy of Science Fiction Fantasy & Horror Films USA Nom', 'Screen Actors Guild Awards Nom', 'Gold Derby Awards Nom']"
Mädchen Amick,1970,"['Dream Lover', 'Twin Peaks', '1989–1991 • 30 eps', '1992', 'Alice CooperAlice SmithElaina Alexis']","['Actress', 'Director', 'Producer']","['Academy of Science Fiction Fantasy & Horror Films USA Nom', 'Soap Opera Digest Awards Nom']"
Jason Momoa,1979,"['Aquaman', 'Aquaman and the Lost Kingdom', 'The Bad Batch', 'Fast X']","['Actor', 'Producer', 'Writer']","[""Kids' Choice Awards USA Nom"", 'MTV Movie + TV Awards Nom', ""People's Choice Awards USA Nom"", 'Screen Actors Guild Awards Nom', 'Teen Choice Awards Nom']"
Stephen Lang,1952,"['Avatar', ""Don't Breathe"", 'Avatar: The Way of Water', 'Manhunter']","['Actor', 'Producer', 'Writer']","['Academy of Science Fiction Fantasy & Horror Films USA Nom', 'MTV Movie + TV Awards Nom', 'Phoenix Film Festival Win', 'Teen Choice Awards Nom', 'New York VisionFest Win']"
Rachel Nichols,1980,"['G.I. Joe: The Rise of Cobra', 'Star Trek', 'The Amityville Horror', 'Continuum', '2012–2015 • 42 eps']","['Actress', 'Producer']","['Academy of Science Fiction Fantasy & Horror Films USA Nom', 'Leo Awards Nom', 'Method Fest Win', 'MTV Movie + TV Awards Nom', 'Teen Choice Awards Nom']"
Ron Perlman,1950,"['Hand of God', '2014–2017 • 20 eps', '2008', '2004', 'Vincent']","['Actor', 'Producer', 'Director']","['Sitges - Catalonian International Film Festival Win', 'Primetime Emmy Awards Nom', 'Genie Awards Nom', 'Golden Apple Awards Win', 'Golden Globes USA Win']"
Rose McGowan,1973,"['Planet Terror', 'Jawbreaker', 'Grindhouse', 'Charmed', '2001–2006 • 112 eps']","['Actress', 'Producer', 'Director']","['Academy of Science Fiction Fantasy & Horror Films USA Nom', 'Film Independent Spirit Awards Nom', 'MTV Movie + TV Awards Nom', 'San Francisco International Film Festival Win', 'Sundance Film Festival Nom']"
Bob Sapp,1973,"['The Longest Yard', 'Elektra', 'Conan the Barbarian', 'Big Stan']",['Actor'],['Teen Choice Awards Nom']
Leo Howard,1997,"['Conan the Barbarian', 'Shorts', 'G.I. Joe: The Rise of Cobra', ""Kickin' It"", '2011–2015 • 84 eps']","['Actor', 'Director']","['Young Artist Awards Win', 'Cedar Rapids Independent Film Festival Win']"
Steven O'Donnell,1963,"['Shakespeare in Love', 'Spice World', 'Conan the Barbarian', ""A Knight's Tale""]",['Actor'],[]
Nonso Anozie,1978,"['Cinderella', 'Conan the Barbarian', 'Happy-Go-Lucky', 'The Last Legion']","['Actor', 'Producer']","['BAFTA Awards Nom', ""Children's & Family Emmy Awards Nom""]"
Chris Hemsworth,1983,"['Snow White and the Huntsman', 'Avengers Assemble', 'Thor: Ragnarok', 'Star Trek']","['Actor', 'Producer', 'Soundtrack']","['Australian Movie Convention Win', 'Boston Society of Film Critics Awards Win', 'BAFTA Awards Nom', 'Critics Choice Awards Nom', ""Kids' Choice Awards USA Nom""]"
Natalie Portman,1981,"['Black Swan', 'V for Vendetta', 'Jackie', 'Closer']","['Actress', 'Producer', 'Director']","['Academy Awards USA Nom', 'Academy of Science Fiction Fantasy & Horror Films USA Nom', 'Blockbuster Entertainment Awards Nom', 'Boston Society of Film Critics Awards Nom', 'BAFTA Awards Nom']"
Tom Hiddleston,1981,"['Avengers Assemble', 'Thor', 'Thor: The Dark World', 'Thor: Ragnarok']","['Actor', 'Producer', 'Soundtrack']","['Academy of Science Fiction Fantasy & Horror Films USA Nom', 'BAFTA Awards Nom', 'British Independent Film Awards Nom', 'Critics Choice Awards Nom', 'Primetime Emmy Awards Nom']"
Anthony Hopkins,1937,"['The Silence of the Lambs', 'Nixon', 'Hitchcock', ""The World's Fastest Indian""]","['Actor', 'Composer', 'Producer']","['Academy Awards USA Win', 'Academy of Science Fiction Fantasy & Horror Films USA Nom', 'Boston Society of Film Critics Awards Win', 'BAFTA Awards Win', 'BAFTA Awards Wales Nom']"
Kat Dennings,1986,"[""Nick and Norah's Infinite Playlist"", 'Thor', 'Thor: The Dark World', 'Charlie Bartlett']","['Actress', 'Producer', 'Soundtrack']","['Satellite Awards Nom', 'MTV Movie + TV Awards Nom', ""People's Choice Awards USA Nom"", 'Teen Choice Awards Nom', 'Crystal Reel Awards Win']"
Clark Gregg,1962,"['Avengers Assemble', 'Agents of S.H.I.E.L.D.', '2013–2020 • 136 eps', 'Richard Campbell', 'Lord High Charlie']","['Actor', 'Director', 'Writer']","['Academy of Science Fiction Fantasy & Horror Films USA Win', 'Florida Film Critics Circle Awards Win', 'Film Independent Spirit Awards Nom', 'Locarno International Film Festival Nom', 'National Board of Review USA Win']"
Colm Feore,1958,"['Chicago', 'Face/Off', 'Thor', 'The Chronicles of Riddick']","['Actor', 'Writer']","['Academy of Science Fiction Fantasy & Horror Films USA Nom', 'Banff Television Festival Win', 'Critics Choice Awards Win', 'Gemini Awards Nom', 'Genie Awards Nom']"
Idris Elba,1972,"['Beasts of No Nation', 'The Losers', 'Thor: Ragnarok', 'Mandela: Long Walk to Freedom']","['Actor', 'Producer', 'Writer']","['Academy of Science Fiction Fantasy & Horror Films USA Nom', 'Acapulco Black Film Festival Nom', 'Berlin International Film Festival Nom', 'BET Awards Nom', 'BAFTA Awards Nom']"
Ray Stevenson,1964,"['The Three Musketeers', 'Thor', 'Kill the Irishman', ""Cirque du Freak: The Vampire's Assistant""]","['Actor', 'Soundtrack']",['Academy of Science Fiction Fantasy & Horror Films USA Nom']
Nicolas Cage,1964,"['Face/Off', 'Leaving Las Vegas', 'The Rock', 'Next']","['Actor', 'Producer', 'Director']","['Academy Awards USA Nom', 'Academy of Science Fiction Fantasy & Horror Films USA Win', 'American Comedy Awards USA Nom', 'Annie Awards Nom', 'Blockbuster Entertainment Awards Win']"
Ron Perlman,1950,"['Hand of God', '2014–2017 • 20 eps', '2008', '2004', 'Vincent']","['Actor', 'Producer', 'Director']","['Sitges - Catalonian International Film Festival Win', 'Primetime Emmy Awards Nom', 'Genie Awards Nom', 'Golden Apple Awards Win', 'Golden Globes USA Win']"
Stephen Graham,1973,"['This Is England', 'Boiling Point', 'Snatch', ""Pirates of the Caribbean: Salazar's Revenge""]","['Actor', 'Producer', 'Writer']","['Biarritz International Festival of Audiovisual Programming Win', 'BAFTA Awards Nom', 'British Independent Film Awards Win', 'Broadcasting Press Guild Awards Win', 'Satellite Awards Nom']"
Ulrich Thomsen,1963,"['The Celebration', ""Adam's Apples"", 'The International', 'Brothers']","['Actor', 'Producer', 'Director']","['Bodil Awards Nom', 'European Film Awards Nom', 'Fantasporto Win', 'Mar del Plata Film Festival Win', 'Monte-Carlo TV Festival Win']"
Claire Foy,1984,"['First Man', ""The Girl in the Spider's Web"", 'All of Us Strangers', 'Women Talking']","['Actress', 'Producer']","['Boston Society of Film Critics Awards Win', 'BAFTA Awards Nom', 'British Independent Film Awards Nom', 'Critics Choice Awards Nom', 'Broadcasting Press Guild Awards Win']"
Robert Sheehan,1988,"['The Umbrella Academy', '2019–2024 • 32 eps', '2013', 'Vladek Klimov', 'TV Series']","['Actor', 'Producer', 'Soundtrack']","['BAFTA Awards Nom', 'Irish Film and Television Awards Nom', 'Milano International Film Festival Awards (MIFF Awards) Nom', 'Monte-Carlo TV Festival Nom', 'IGN Summer Movie Awards Nom']"
Christopher Lee,1922,"['Star Wars: Episode II - Attack of the Clones', 'The Lord of the Rings: The Two Towers', 'The Wicker Man', 'The Lord of the Rings: The Fellowship of the Ring']","['Actor', 'Additional Crew', 'Producer']","['Academy of Science Fiction Fantasy & Horror Films USA Nom', 'Bram Stoker Awards Win', 'BAFTA Awards Win', 'Sitges - Catalonian International Film Festival Win', 'Evening Standard British Film Awards Win']"
Jason Statham,1967,"['Crank', 'Fast & Furious 7', 'Spy', 'The Meg']","['Actor', 'Producer', 'Stunts']","['Critics Choice Awards Nom', 'Razzie Awards Nom', 'Teen Choice Awards Nom', 'Alliance of Women Film Journalists Nom', 'Shorty Awards Nom']"
Ben Foster,1980,"['Hell or High Water', '3:10 to Yuma', 'The Messenger', 'Leave No Trace']","['Actor', 'Producer', 'Director']","['Academy of Science Fiction Fantasy & Horror Films USA Nom', 'Boston Society of Film Critics Awards Nom', 'Critics Choice Awards Nom', 'Chicago Film Critics Association Awards Nom', 'Dallas-Fort Worth Film Critics Association Awards Nom']"
Tony Goldwyn,1960,"['Ghost', 'The Last Samurai', 'Oppenheimer', 'The Mechanic']","['Actor', 'Director', 'Writer']","['Academy of Science Fiction Fantasy & Horror Films USA Nom', 'Cleveland International Film Festival Nom', 'Miami Film Festival Nom', 'Palm Springs International Film Festival Win', 'Philadelphia Film Festival Win']"
Donald Sutherland,1935,"['The Hunger Games: Catching Fire', 'Pride & Prejudice', 'Klute', 'M*A*S*H']","['Actor', 'Producer', 'Writer']","['Academy Awards USA Win', 'Academy of Science Fiction Fantasy & Horror Films USA Nom', 'Blockbuster Entertainment Awards Nom', 'BAFTA Awards Nom', 'Critics Choice Awards Win']"
Jeff Chase,1968,"['Escape Plan 3', 'The Domestics', 'Star Trek Into Darkness', 'The Mechanic']","['Actor', 'Stunts']",['Screen Actors Guild Awards Nom']
Chris Evans,1981,"['Avengers Assemble', 'Captain America: The First Avenger', 'Captain America: Civil War', 'Avengers: Age of Ultron']","['Actor', 'Producer', 'Director']","['Academy of Science Fiction Fantasy & Horror Films USA Nom', 'Critics Choice Awards Nom', ""Kids' Choice Awards USA Nom"", 'MTV Movie + TV Awards Nom', ""People's Choice Awards USA Nom""]"
Hayley Atwell,1982,"['Captain America: The First Avenger', 'The Duchess', 'Mission: Impossible - Dead Reckoning Part One', 'Captain America: The Winter Soldier']","['Actress', 'Soundtrack']","['Academy of Science Fiction Fantasy & Horror Films USA Nom', 'British Independent Film Awards Nom', 'Broadcasting Press Guild Awards Nom', 'Gemini Awards Nom', 'Golden Globes USA Nom']"
Sebastian Stan,1982,"['Captain America: The Winter Soldier', 'Avengers: Endgame', 'Captain America: Civil War', 'Captain America: The First Avenger']","['Actor', 'Producer', 'Soundtrack']","['Berlin International Film Festival Win', 'Critics Choice Awards Nom', 'Primetime Emmy Awards Nom', 'Golden Globes USA Nom', ""Kids' Choice Awards USA Nom""]"
Tommy Lee Jones,1946,"['The Fugitive', 'No Country for Old Men', 'The Homesman', 'Lincoln']","['Actor', 'Director', 'Writer']","['Academy Awards USA Nom', 'Blockbuster Entertainment Awards Nom', 'BAFTA Awards Nom', 'Critics Choice Awards Nom', 'CableACE Awards Nom']"
Hugo Weaving,1960,"['The Lord of the Rings: The Return of the King', 'The Lord of the Rings: The Fellowship of the Ring', 'V for Vendetta', 'The Lord of the Rings: The Two Towers']","['Actor', 'Producer', 'Soundtrack']","['Film Critics Circle of Australia Awards Nom', 'Australian Film Institute Nom', 'Blockbuster Entertainment Awards Nom', 'Critics Choice Awards Win', 'Satellite Awards Win']"
Dominic Cooper,1978,"[""The Devil's Double"", 'Captain America: The First Avenger', 'My Week with Marilyn', 'Abraham Lincoln: Vampire Hunter']","['Actor', 'Producer', 'Soundtrack']","['Academy of Science Fiction Fantasy & Horror Films USA Nom', 'British Independent Film Awards Nom', 'Satellite Awards Nom', 'London Critics Circle Film Awards Nom', 'Screen Actors Guild Awards Nom']"
Richard Armitage,1971,"['The Hobbit: An Unexpected Journey', 'The Hobbit: The Battle of the Five Armies', 'The Hobbit: The Desolation of Smaug', 'Into the Storm']","['Actor', 'Producer', 'Writer']","['Academy of Science Fiction Fantasy & Horror Films USA Win', 'Monte-Carlo TV Festival Nom', 'SFX Awards UK Nom', 'TV Quick Awards UK Nom', 'Empire Awards UK Nom']"
Stanley Tucci,1960,"['Big Night', 'Spotlight', 'The Lovely Bones', 'Captain America: The First Avenger']","['Actor', 'Producer', 'Writer']","['Academy Awards USA Nom', 'Academy of Science Fiction Fantasy & Horror Films USA Nom', 'Aspen Shortsfest Win', 'Bogota Film Festival Nom', 'Boston Society of Film Critics Awards Nom']"
Samuel L. Jackson,1948,"['Pulp Fiction', 'The Hateful Eight', 'Snakes on a Plane', 'Captain Marvel']","['Actor', 'Producer', 'Additional Crew']","['Academy Awards USA Nom', 'Academy of Science Fiction Fantasy & Horror Films USA Nom', 'Acapulco Black Film Festival Nom', 'Annie Awards Nom', 'Bambi Awards Win']"
Toby Jones,1966,"['Tinker Tailor Soldier Spy', 'Snow White and the Huntsman', 'The Painted Veil', 'The Hunger Games']","['Actor', 'Writer', 'Producer']","['Academy of Science Fiction Fantasy & Horror Films USA Nom', 'Biarritz International Festival of Audiovisual Programming Win', 'BAFTA Awards Win', 'British Independent Film Awards Nom', 'Critics Choice Awards Nom']"
Daniel Craig,1968,"['Casino Royale', 'No Time to Die', 'Skyfall', 'Spectre']","['Actor', 'Producer', 'Soundtrack']","['Academy of Science Fiction Fantasy & Horror Films USA Nom', 'Berlin International Film Festival Win', 'BAFTA Awards Nom', 'British Independent Film Awards Win', 'Critics Choice Awards Nom']"
Buck Taylor,1938,"['Cowboys & Aliens', 'Gettysburg', 'Hell or High Water', 'Tombstone']","['Actor', 'Art Department', 'Additional Crew']","['Western Heritage Awards Win', 'Golden Boot Awards Win']"
Matthew Taylor,1970,"['The Last Castle', 'Cowboys & Aliens', 'Deja Vu', 'Deep Blue Sea']","['Stunts', 'Actor', 'Second Unit or Assistant Director']","['Primetime Emmy Awards Nom', 'Screen Actors Guild Awards Win', 'Taurus World Stunt Awards Nom']"
Clancy Brown,1959,"['The Shawshank Redemption', 'Starship Troopers', 'The SpongeBob Movie: Sponge Out of Water', 'Cowboys & Aliens']","['Actor', 'Producer', 'Soundtrack']","['Fangoria Chainsaw Awards Win', 'Indiana Film Journalists Association US Win', 'Fright Meter Awards Nom', 'FilmQuest Win', 'Awards Circuit Community Awards Nom']"
Paul Dano,1984,"['There Will Be Blood', 'Little Miss Sunshine', '12 Years a Slave', 'Love & Mercy']","['Actor', 'Producer', 'Director']","['Academy of Science Fiction Fantasy & Horror Films USA Nom', 'Boston Society of Film Critics Awards Win', 'BAFTA Awards Nom', 'Critics Choice Awards Nom', 'Cannes Film Festival Nom']"
Adam Beach,1972,"['Windtalkers', 'Flags of Our Fathers', 'Joe Dirt', 'Suicide Squad']","['Actor', 'Producer', 'Additional Crew']","['Critics Choice Awards Nom', 'Gemini Awards Nom', 'Golden Globes USA Nom', 'Satellite Awards Nom', 'Image Awards (NAACP) Nom']"
Sam Rockwell,1968,"['Moon', 'Three Billboards Outside Ebbing, Missouri', 'Confessions of a Dangerous Mind', 'Seven Psychopaths']","['Actor', 'Producer', 'Director']","['Academy Awards USA Nom', 'Academy of Science Fiction Fantasy & Horror Films USA Nom', 'Berlin International Film Festival Win', 'Boston Society of Film Critics Awards Nom', 'BAFTA Awards Nom']"
Adrien Brody,1973,"['The Pianist', 'The Grand Budapest Hotel', 'Detachment', 'Midnight in Paris']","['Actor', 'Producer', 'Composer']","['Academy Awards USA Win', 'Boston Society of Film Critics Awards Win', 'BAFTA Awards Nom', 'César Awards France Win', 'Chicago Film Critics Association Awards Nom']"
Forest Whitaker,1961,"['The Last King of Scotland', 'The Butler', 'Battlefield Earth', 'Black Panther']","['Actor', 'Producer', 'Director']","['Academy Awards USA Win', 'Acapulco Black Film Festival Nom', 'Biarritz International Festival of Audiovisual Programming Win', 'BET Awards Nom', 'Blockbuster Entertainment Awards Win']"
Cam Gigandet,1982,"['Twilight', 'Never Back Down', 'Priest', 'The Roommate']","['Actor', 'Soundtrack']","['MTV Movie + TV Awards Win', 'Teen Choice Awards Nom', 'Young Hollywood Awards Win', 'Scream Awards Nom']"
Clifton Collins Jr.,1970,"['Star Trek', 'Capote', 'Traffic', 'Brothers']","['Actor', 'Producer', 'Director']","['ALMA Awards Nom', 'Boston Society of Film Critics Awards Win', 'Denver International Film Festival Win', 'Primetime Emmy Awards Nom', 'Satellite Awards Nom']"
Fisher Stevens,1963,"['Short Circuit', 'Hackers', 'Short Circuit 2', 'Super Mario Bros.']","['Actor', 'Producer', 'Director']","['Academy Awards USA Win', 'Academy of Science Fiction Fantasy & Horror Films USA Nom', 'Cannes Film Festival Nom', 'Chicago International Film Festival Nom', 'Primetime Emmy Awards Nom']"
Travis Fimmel,1979,"['Warcraft: The Beginning', 'Vikings', '2013–2017 • 45 eps', '2012', '2019']","['Actor', 'Producer']","['IGN Summer Movie Awards Nom', 'Australian Academy of Cinema and Television Arts (AACTA) Awards Nom', 'Critics Choice Super Awards Nom', 'Pena de Prata Nom']"
Timothy Hutton,1960,"['Ordinary People', 'Leverage', '2008–2012 • 77 eps', '1996', '2006']","['Actor', 'Producer', 'Director']","['Academy Awards USA Win', 'Academy of Science Fiction Fantasy & Horror Films USA Nom', 'Berlin International Film Festival Win', 'BAFTA Awards Nom', ""Chicago International Children's Film Festival Win""]"
Mira Sorvino,1967,"['Mighty Aphrodite', 'The Replacement Killers', 'The Final Cut', ""Romy and Michele's High School Reunion""]","['Actress', 'Producer', 'Soundtrack']","['Academy Awards USA Win', 'Academy of Science Fiction Fantasy & Horror Films USA Nom', 'BAFTA Awards Nom', 'Critics Choice Awards Win', 'Chicago Film Critics Association Awards Nom']"
Mario Van Peebles,1957,"[""How to Get the Man's Foot Outta Your Ass"", 'Heartbreak Ridge', 'Jaws: The Revenge', 'Panther']","['Actor', 'Director', 'Producer']","['Directors Guild of America USA Nom', 'Gijón International Film Festival Nom', 'Image Awards (NAACP) Nom', 'Film Independent Spirit Awards Nom', 'Locarno International Film Festival Win']"
India Ennenga,1994,"['Treme', '2010–2013 • 33 eps', '2019', 'Camille WinshipYoung Lena', 'Scout Havers']","['Actress', 'Writer', 'Soundtrack']",['Chelsea Film Festival Win']
Laila Robins,1959,"['Planes, Trains & Automobiles', 'Eye in the Sky', 'True Crime', 'An Innocent Man']",['Actress'],['Screen Actors Guild Awards Nom']
Stockard Channing,1944,"['Practical Magic', 'Grease', 'Six Degrees of Separation', 'Where the Heart Is']","['Actress', 'Soundtrack']","['Academy Awards USA Nom', 'Blockbuster Entertainment Awards Win', 'CableACE Awards Nom', 'Chicago Film Critics Association Awards Nom', 'Daytime Emmy Awards Win']"
Chris Sarandon,1942,['The Nightmare Before Christmas'],"['Actor', 'Soundtrack', 'Producer']","['Academy Awards USA Nom', 'Academy of Science Fiction Fantasy & Horror Films USA Nom', 'Golden Globes USA Nom', 'New York Film Critics Circle Awards Nom', 'Fangoria Chainsaw Awards Nom']"
Joan Jett,1958,"['Light of Day', 'Guardians of the Galaxy', 'Tank Girl', 'Ready Player One']","['Actress', 'Music Department', 'Composer']","[""Critics' Choice Documentary Awards Win""]"
Naomi Watts,1968,"['Mulholland Drive', 'King Kong', 'Birdman or (The Unexpected Virtue of Ignorance)', 'The Impossible']","['Actress', 'Producer', 'Soundtrack']","['Academy Awards USA Nom', 'Academy of Science Fiction Fantasy & Horror Films USA Nom', 'Film Critics Circle of Australia Awards Nom', 'Australian Film Institute Nom', 'Bambi Awards Win']"
Anand Tiwari,1983,"['Slumdog Millionaire', 'Fair Game', 'Go Goa Gone', 'Bandish Bandits', '2020 • 11 eps']","['Producer', 'Actor', 'Director']","['Screen Awards IN Nom', 'Filmfare OTT Awards Nom']"
Sean Penn,1960,"['Mystic River', '21 Grams', 'Milk', 'Dead Man Walking']","['Actor', 'Producer', 'Director']","['Academy Awards USA Win', 'Film Critics Circle of Australia Awards Nom', 'Berlin International Film Festival Nom', 'Bodil Awards Nom', 'Boston Society of Film Critics Awards Win']"
Ty Burrell,1967,"['Modern Family', '2009–2020 • 250 eps', '2008', '2016', '2014']","['Actor', 'Producer', 'Writer']","['American Comedy Awards USA Nom', 'Primetime Emmy Awards Nom', 'Satellite Awards Nom', ""Kids' Choice Awards USA Win"", 'Monte-Carlo TV Festival Win']"
Jessica Hecht,1965,"['Whatever Works', 'Friends', '1994–2000 • 13 eps', '2005', '2007']","['Actress', 'Soundtrack']","['Primetime Emmy Awards Nom', 'Phoenix Film Festival Win']"
Norbert Leo Butz,1967,"['Dan in Real Life', 'Fair Game', 'Give or Take', 'Disconnect']","['Actor', 'Soundtrack']","['Grammy Awards Nom', 'FilmOut San Diego US Win', 'Out on Film Atlanta US Win']"
Rebecca Rigg,1967,"['Fair Game', 'Jerry Maguire', 'Fatty Finn', 'The Sentinel', '1997 • 1 ep']","['Actress', 'Soundtrack']",['Australian Film Institute Nom']
Steve Buscemi,1957,"['Fargo', 'Ghost World', 'Reservoir Dogs', 'The Death of Stalin']","['Actor', 'Director', 'Producer']","['Academy of Science Fiction Fantasy & Horror Films USA Nom', 'American Comedy Awards USA Nom', 'Boston Society of Film Critics Awards Nom', 'British Independent Film Awards Nom', 'Cannes Film Festival Nom']"
Holland Taylor,1943,"['Legally Blonde', 'The Wedding Date', 'The Practice', '1998–2003 • 29 eps', 'Evelyn Harper']","['Actress', 'Writer', 'Soundtrack']","['Primetime Emmy Awards Nom', 'TV Land Awards Win', 'Online Film & Television Association Win', 'The Queerties Win', 'Pena de Prata Nom']"
Rob Schneider,1963,"['Deuce Bigalow: Male Gigolo', 'The Hot Chick', 'The Animal', 'Deuce Bigalow: European Gigolo']","['Actor', 'Writer', 'Producer']","['Blockbuster Entertainment Awards Nom', 'Primetime Emmy Awards Nom', 'MTV Movie + TV Awards Nom', 'Razzie Awards Nom', 'Teen Choice Awards Nom']"
Peter Riegert,1947,"['The Mask', ""National Lampoon's Animal House"", 'Local Hero', 'Oscar']","['Actor', 'Director', 'Writer']","['Academy Awards USA Nom', 'Primetime Emmy Awards Nom', 'Marco Island Film Festival Win', 'Screen Actors Guild Awards Win', 'Hang Onto Your Shorts Film Festival NJ Nom']"
George Dzundza,1945,"['Crimson Tide', 'Basic Instinct', 'The Deer Hunter', 'Dangerous Minds']","['Actor', 'Second Unit or Assistant Director', 'Soundtrack']","['Venice Film Festival Win', 'Gold Derby Awards Nom']"
Jack McGee,1949,"['The Fighter', 'Gangster Squad', 'Moneyball', 'Basic Instinct']",['Actor'],"['Boston Society of Film Critics Awards Win', 'San Diego Film Critics Society Awards Nom', 'Screen Actors Guild Awards Nom', 'Central Ohio Film Critics Association Win', 'Washington DC Area Film Critics Association Awards Nom']"
James McAvoy,1979,"['Filth', 'Split', 'Atonement', 'The Last King of Scotland']","['Actor', 'Director', 'Producer']","['BAFTA Awards Nom', 'BAFTA Awards Scotland Win', 'British Comedy Awards Nom', 'British Independent Film Awards Win', 'Cannes Film Festival Win']"
Robin Wright,1966,"['Forrest Gump', 'Beowulf', 'Unbreakable', 'The Princess Bride']","['Actress', 'Producer', 'Director']","['Academy of Science Fiction Fantasy & Horror Films USA Nom', 'Blockbuster Entertainment Awards Nom', 'British Independent Film Awards Nom', 'Critics Choice Awards Nom', 'Daytime Emmy Awards Nom']"
Kevin Kline,1947,"['Wild Wild West', 'A Fish Called Wanda', 'Dave', 'French Kiss']","['Actor', 'Director', 'Producer']","['Academy Awards USA Win', 'American Comedy Awards USA Nom', 'Blockbuster Entertainment Awards Nom', 'BAFTA Awards Nom', 'Critics Choice Awards Nom']"
Evan Rachel Wood,1987,"['Thirteen', 'Whatever Works', 'Westworld', '2016–2022 • 35 eps', '2007']","['Actress', 'Director', 'Writer']","['Academy of Science Fiction Fantasy & Horror Films USA Nom', 'Bratislava International Film Festival Win', 'Critics Choice Awards Nom', 'Cannes Film Festival Win', 'Primetime Emmy Awards Nom']"
Tom Wilkinson,1948,"['Michael Clayton', 'In the Bedroom', 'The Full Monty', 'The Grand Budapest Hotel']","['Actor', 'Soundtrack']","['Academy Awards USA Nom', 'Film Critics Circle of Australia Awards Nom', 'BAFTA Awards Nom', 'British Independent Film Awards Nom', 'Critics Choice Awards Nom']"
Justin Long,1978,"['Die Hard 4.0', 'Jeepers Creepers', 'Tusk', 'Galaxy Quest']","['Actor', 'Producer', 'Writer']","['Academy of Science Fiction Fantasy & Horror Films USA Nom', ""Kids' Choice Awards USA Nom"", 'MTV Movie + TV Awards Nom', 'Teen Choice Awards Nom', 'US Comedy Arts Festival Win']"
Danny Huston,1962,"['The Constant Gardener', '21 Grams', 'The Aviator', 'Children of Men']","['Actor', 'Director', 'Camera and Electrical Department']","['Academy of Science Fiction Fantasy & Horror Films USA Nom', 'Edinburgh International Film Festival Nom', 'Golden Globes USA Nom', 'Satellite Awards Win', 'Film Independent Spirit Awards Nom']"
James Badge Dale,1978,"['The Departed', '13 Hours', 'World War Z', 'Iron Man 3']",['Actor'],"['Academy of Science Fiction Fantasy & Horror Films USA Nom', 'Method Fest Nom', 'National Board of Review USA Win', 'Phoenix Film Festival Win', 'Prism Awards Nom']"
Colm Meaney,1953,"['Star Trek: Deep Space Nine', '1993–1999 • 173 eps', '2004', '1992', '1997']","['Actor', 'Producer', 'Soundtrack']","['Academy of Science Fiction Fantasy & Horror Films USA Nom', 'Chicago International Film Festival Win', 'Gemini Awards Nom', 'Golden Globes USA Nom', 'Irish Film and Television Awards Nom']"
Alexis Bledel,1981,"['Gilmore Girls', '2000–2007 • 154 eps', '2005', '2005', '2002']","['Actress', 'Producer', 'Soundtrack']","['Academy of Science Fiction Fantasy & Horror Films USA Nom', 'ALMA Awards Nom', 'Critics Choice Awards Nom', 'Primetime Emmy Awards Nom', 'Satellite Awards Nom']"
Mark Wahlberg,1971,"['The Fighter', 'Boogie Nights', 'The Departed', 'Ted']","['Producer', 'Actor', 'Composer']","['Academy Awards USA Nom', 'Blockbuster Entertainment Awards Nom', 'Boston Society of Film Critics Awards Win', 'BAFTA Awards Win', 'Critics Choice Awards Win']"
Christian Bale,1974,"['The Dark Knight', 'Batman Begins', 'American Hustle', 'The Dark Knight Rises']","['Actor', 'Producer', 'Editorial Department']","['Academy Awards USA Nom', 'Academy of Science Fiction Fantasy & Horror Films USA Nom', 'Boston Society of Film Critics Awards Win', 'BAFTA Awards Nom', 'Critics Choice Awards Win']"
Amy Adams,1974,"['Arrival', 'Enchanted', 'The Fighter', 'American Hustle']","['Actress', 'Producer', 'Executive']","['Academy Awards USA Nom', 'Academy of Science Fiction Fantasy & Horror Films USA Nom', 'Boston Society of Film Critics Awards Win', 'BAFTA Awards Nom', 'Critics Choice Awards Nom']"
Melissa Leo,1960,"['The Fighter', 'Prisoners', 'Frozen River', 'Conviction']","['Actress', 'Producer']","['Academy Awards USA Win', 'Academy of Science Fiction Fantasy & Horror Films USA Nom', 'Boston Society of Film Critics Awards Win', 'Critics Choice Awards Win', 'Chicago Film Critics Association Awards Nom']"
Jack McGee,1949,"['The Fighter', 'Gangster Squad', 'Moneyball', 'Basic Instinct']",['Actor'],"['Boston Society of Film Critics Awards Win', 'San Diego Film Critics Society Awards Nom', 'Screen Actors Guild Awards Nom', 'Central Ohio Film Critics Association Win', 'Washington DC Area Film Critics Association Awards Nom']"
Melissa McMeekin,1972,"['The Holdovers', 'The Fighter', 'American Hustle', 'Visionary']","['Actress', 'Producer']","['Flagler Film Festival Win', 'Imagine Magazine Imaginnaire Awards US Win']"
Ken Duken,1979,"['Max Manus: Man of War', 'Inglourious Basterds', 'Fate: The Winx Saga', '2021–2022 • 6 eps', 'Ali Zeller']","['Actor', 'Producer', 'Director']","['Grimme Award Win', 'Bavarian TV Awards Nom', 'German Television Awards Nom', 'Max Ophüls Festival Nom', 'Monte-Carlo TV Festival Nom']"
Stipe Erceg,1974,"['The Edukators', 'Unknown', 'The Baader Meinhof Complex', 'Yugotrip']","['Actor', 'Producer']","['Grimme Award Win', 'Max Ophüls Festival Win', 'Munich Film Festival Win', 'Hessian TV Award Win', 'New Faces Awards Germany Nom']"
Vinzenz Kiefer,1979,"['The Baader Meinhof Complex', 'Speed Racer', 'Alarm für Cobra 11 - Die Autobahnpolizei', '2009–2015 • 32 eps', '2016']",['Actor'],"['Bambi Awards Nom', 'Günter Strack TV Award Win', 'Undine Awards Austria Nom']"
Casey Affleck,1975,"['Manchester by the Sea', 'Light of My Life', 'A Ghost Story', 'The Assassination of Jesse James by the Coward Robert Ford']","['Actor', 'Director', 'Writer']","['Academy Awards USA Win', 'Berlin International Film Festival Nom', 'Boston Society of Film Critics Awards Win', 'BAFTA Awards Win', 'Critics Choice Awards Win']"
Kate Hudson,1979,"['Almost Famous', 'How to Lose a Guy in 10 Days', 'Bride Wars', ""Fool's Gold""]","['Actress', 'Producer', 'Director']","['Academy Awards USA Nom', 'American Comedy Awards USA Nom', 'Blockbuster Entertainment Awards Win', 'BAFTA Awards Nom', 'Critics Choice Awards Win']"
Jessica Alba,1981,"['Fantastic Four', 'Sin City', 'Fantastic 4: Rise of the Silver Surfer', 'Machete']","['Actress', 'Producer', 'Cinematographer']","['Academy of Science Fiction Fantasy & Horror Films USA Nom', 'ALMA Awards Win', 'Critics Choice Awards Nom', 'Golden Globes USA Nom', 'Imagen Foundation Awards Nom']"
Ned Beatty,1937,"['Network', 'Deliverance', 'Shooter', 'Superman']","['Actor', 'Soundtrack']","['Academy Awards USA Nom', 'Primetime Emmy Awards Nom', 'Golden Globes USA Nom', 'MTV Movie + TV Awards Nom', 'RiverRun International Film Festival Win']"
Elias Koteas,1961,"['The Thin Red Line', 'Shooter', 'Teenage Mutant Hero Turtles', 'Crash']","['Actor', 'Producer']","['Critics Choice Awards Nom', 'Genie Awards Win', 'Satellite Awards Win', 'Phoenix Film Festival Win', 'Screen Actors Guild Awards Nom']"
Tom Bower,1938,"['Die Hard 2', 'The Hills Have Eyes', 'Out of the Furnace', 'The Killer Inside Me']","['Actor', 'Producer']","['Film Independent Spirit Awards Nom', 'North Hollywood Cinefest Nom', 'Golden State Film Festival Win']"
Simon Baker,1969,"['Margin Call', 'The Mentalist', '2008–2015 • 151 eps', '2006', '2005']","['Actor', 'Producer', 'Director']","['Film Critics Circle of Australia Awards Win', 'Australian Film Institute Nom', 'Primetime Emmy Awards Nom', 'Golden Globes USA Nom', 'Gotham Awards Nom']"
Bill Pullman,1953,"['Independence Day', 'Independence Day: Resurgence', 'Spaceballs', 'Lost Highway']","['Actor', 'Director', 'Producer']","['Academy of Science Fiction Fantasy & Horror Films USA Nom', 'Critics Choice Awards Nom', 'Denver International Film Festival Win', 'Satellite Awards Nom', 'Locarno International Film Festival Win']"
Brent Briscoe,1961,"['A Simple Plan', 'Mulholland Drive', 'The Green Mile', 'Sling Blade']","['Actor', 'Writer', 'Additional Crew']",[]
Matthew Maher,1971,"['Gone Baby Gone', 'Captain Marvel', ""It's Kind of a Funny Story"", 'Dogma']","['Actor', 'Additional Crew']",['Chlotrudis Awards Nom']
Natalie Portman,1981,"['Black Swan', 'V for Vendetta', 'Jackie', 'Closer']","['Actress', 'Producer', 'Director']","['Academy Awards USA Nom', 'Academy of Science Fiction Fantasy & Horror Films USA Nom', 'Blockbuster Entertainment Awards Nom', 'Boston Society of Film Critics Awards Nom', 'BAFTA Awards Nom']"
Mila Kunis,1983,"['Black Swan', 'Jupiter Ascending', 'Forgetting Sarah Marshall', 'Bad Moms']","['Actress', 'Producer', 'Makeup Department']","['Academy of Science Fiction Fantasy & Horror Films USA Win', 'Annie Awards Nom', 'Critics Choice Awards Nom', 'Dallas-Fort Worth Film Critics Association Awards Nom', 'Golden Globes USA Nom']"
Vincent Cassel,1966,"['Black Swan', 'Mesrine Part 2: Public Enemy Number 1', 'La haine', 'Mesrine Part 1: Killer Instinct']","['Actor', 'Producer', 'Director']","['César Awards France Nom', 'European Film Awards Nom', 'Valenciennes International Festival of Action and Adventure Films Win', 'Irish Film and Television Awards Nom', 'Screen Actors Guild Awards Nom']"
Barbara Hershey,1948,"['Black Swan', 'Hannah and Her Sisters', 'Falling Down', 'Insidious']","['Actress', 'Soundtrack']","['Academy Awards USA Nom', 'Avoriaz Fantastic Film Festival Win', 'BAFTA Awards Nom', 'Cannes Film Festival Win', 'Chicago Film Critics Association Awards Nom']"
Winona Ryder,1971,"['Little Women', 'Mermaids', 'Girl, Interrupted', 'Alien Resurrection']","['Actress', 'Producer', 'Director']","['Academy Awards USA Nom', 'Academy of Science Fiction Fantasy & Horror Films USA Nom', 'Blockbuster Entertainment Awards Nom', 'Boston Society of Film Critics Awards Win', 'BAFTA Awards Nom']"
Benjamin Millepied,1977,"['Black Swan', 'Carmen', 'Dune: Part Two', 'Hearts & Arrows']","['Director', 'Additional Crew', 'Producer']","['Miami Film Festival Nom', 'Toronto International Film Festival Nom', 'CinEuphoria Awards Nom', 'Hollywood Music In Media Awards (HMMA) Nom']"
Kristina Anapau,1979,"['Black Swan', 'True Blood', '2011–2012 • 5 eps', 'Megan Marston', 'Video']","['Actress', 'Producer', 'Writer']",['Phoenix Film Festival Win']
Sebastian Stan,1982,"['Captain America: The Winter Soldier', 'Avengers: Endgame', 'Captain America: Civil War', 'Captain America: The First Avenger']","['Actor', 'Producer', 'Soundtrack']","['Berlin International Film Festival Win', 'Critics Choice Awards Nom', 'Primetime Emmy Awards Nom', 'Golden Globes USA Nom', ""Kids' Choice Awards USA Nom""]"
