,1,2
1,tt1464590,Michael Ciriaco
2,tt1464590,Brea Grant
3,tt1464590,Hollis McLachlan
4,tt1464590,David N. Donihue
5,tt1464590,Ellyse Deanna
6,tt1468703,Brendan Michael Coughlin
7,tt1468703,Patrick Scott Lewis
8,tt1468703,Katie Lowes
9,tt1468703,Bill Rampley
10,tt1468703,Mary Alexandra Stiefvater
11,tt1470023,Will Forte
12,tt1470023,Kristen Wiig
13,tt1470023,Ryan Phillippe
14,tt1470023,Val Kilmer
15,tt1470023,Powers Boothe
16,tt1470023,Maya Rudolph
17,tt1470023,Rhys Coiro
18,tt1470023,Andy Mackenzie
19,tt1470023,Jasper Cole
20,tt1470023,Timothy V. Murphy
21,tt1479398,Lou Diamond Phillips
22,tt1479398,Estella Warren
23,tt1479398,Deborah Kara Unger
24,tt1479398,Jordana Largy
25,tt1479398,Kendall Cross
26,tt1479398,Michael Kopsa
27,tt1479398,Emma Lahana
28,tt1514054,Michael Jacques
29,tt1514054,Neil Bernard
30,tt1336619,Larry Laverty
31,tt1336619,Crystal Lewis
32,tt1320296,Kedar Williams-Stirling
33,tt1320296,Adam Deacon
34,tt1320296,Ashley Thomas
35,tt1320296,Michael Socha
36,tt1320296,Kaya Scodelario
37,tt1320296,Jennie Jacques
38,tt1320296,Jerome Holder
39,tt1320296,Colin Salmon
40,tt0800054,Ron Palillo
41,tt0800054,James E. Foley
42,tt0800054,Keston John
43,tt1001526,Will Ferrell
44,tt1001526,Brad Pitt
45,tt1001526,Tina Fey
46,tt1001526,Jonah Hill
47,tt1001526,David Cross
48,tt1001526,Ben Stiller
49,tt1001526,Justin Theroux
50,tt1001526,Tom McGrath
51,tt0429493,Liam Neeson
52,tt0429493,Bradley Cooper
53,tt0429493,Jessica Biel
54,tt0429493,Quinton 'Rampage' Jackson
55,tt0429493,Sharlto Copley
56,tt0429493,Patrick Wilson
57,tt0429493,Gerald McRaney
58,tt0429493,Henry Czerny
59,tt0429493,Yul Vazquez
60,tt0429493,Brian Bloom
61,tt0473075,Jake Gyllenhaal
62,tt0473075,Gemma Arterton
63,tt0473075,Ben Kingsley
64,tt0473075,Alfred Molina
65,tt0473075,Steve Toussaint
66,tt0473075,Toby Kebbell
67,tt0473075,Richard Coyle
68,tt0473075,Ronald Pickup
69,tt0473075,Reece Ritchie
70,tt0473075,Gísli Örn Garðarsson
71,tt0477080,Denzel Washington
72,tt0477080,Chris Pine
73,tt0477080,Rosario Dawson
74,tt0477080,Ethan Suplee
75,tt0477080,Kevin Dunn
76,tt0477080,Kevin Corrigan
77,tt0477080,Kevin Chapman
78,tt0477080,Lew Temple
79,tt0477080,T.J. Miller
80,tt0477080,Jessy Schram
81,tt0480255,Jeffrey Dean Morgan
82,tt0480255,Zoe Saldana
83,tt0480255,Chris Evans
84,tt0480255,Idris Elba
85,tt0480255,Columbus Short
86,tt0480255,Óscar Jaenada
87,tt0480255,Jason Patric
88,tt0480255,Holt McCallany
89,tt0480255,Peter Macdissi
90,tt0480255,Peter Francis James
91,tt0800320,Sam Worthington
92,tt0800320,Liam Neeson
93,tt0800320,Ralph Fiennes
94,tt0800320,Jason Flemyng
95,tt0800320,Gemma Arterton
96,tt0800320,Alexa Davalos
97,tt0800320,Tine Stapelfeldt
98,tt0800320,Mads Mikkelsen
99,tt0800320,Luke Evans
100,tt0800320,Izabella Miko
101,tt0914823,Jeremy London
102,tt0914823,Bret Roberts
103,tt0914823,Sally Kirkland
104,tt0914823,Heather Marie Marsden
105,tt0914823,Matthew Currie Holmes
106,tt0914823,Elizabeth Sung
107,tt0914823,Art Evans
108,tt0938283,Noah Ringer
109,tt0938283,Dev Patel
110,tt0938283,Nicola Peltz Beckham
111,tt0938283,Jackson Rathbone
112,tt0938283,Shaun Toub
113,tt0938283,Aasif Mandvi
114,tt0938283,Cliff Curtis
115,tt0938283,Seychelle Gabriel
116,tt0938283,Katharine Houghton
117,tt0938283,Francis Guinan
118,tt0944835,Angelina Jolie
119,tt0944835,Liev Schreiber
120,tt0944835,Chiwetel Ejiofor
121,tt0944835,Daniel Olbrychski
122,tt0944835,August Diehl
123,tt0944835,Hunt Block
124,tt0944835,Andre Braugher
125,tt0944835,Olek Krupa
126,tt0944835,Cassidy Hinkle
127,tt0963966,Nicolas Cage
128,tt0963966,Jay Baruchel
129,tt0963966,Alfred Molina
130,tt0963966,Teresa Palmer
131,tt0963966,Toby Kebbell
132,tt0963966,Omar Benson Miller
133,tt0963966,Monica Bellucci
134,tt0963966,Alice Krige
135,tt0963966,Jake Cherry
136,tt0963966,James A. Stephens
137,tt1032751,Jang Dong-gun
138,tt1032751,Kate Bosworth
139,tt1032751,Geoffrey Rush
140,tt1032751,Danny Huston
141,tt1032751,Tony Cox
142,tt1032751,Lung Ti
143,tt1032751,Rod Lousich
144,tt1032751,Matt Gillanders
145,tt1037705,Denzel Washington
146,tt1037705,Gary Oldman
147,tt1037705,Mila Kunis
148,tt1037705,Ray Stevenson
149,tt1037705,Jennifer Beals
150,tt1037705,Evan Jones
151,tt1037705,Joe Pingue
152,tt1037705,Frances de la Tour
153,tt1037705,Michael Gambon
154,tt1037705,Tom Waits
155,tt1038686,Paul Bettany
156,tt1038686,Lucas Black
157,tt1038686,Tyrese Gibson
158,tt1038686,Adrianne Palicki
159,tt1038686,Charles S. Dutton
160,tt1038686,Jon Tenney
161,tt1038686,Kevin Durand
162,tt1038686,Willa Holland
163,tt1038686,Kate Walsh
164,tt1038686,Dennis Quaid
165,tt1053424,Jude Law
166,tt1053424,Forest Whitaker
167,tt1053424,Alice Braga
168,tt1053424,Liev Schreiber
169,tt1053424,Carice van Houten
170,tt1053424,Chandler Canterbury
171,tt1053424,Joe Pingue
172,tt1053424,Liza Lapira
173,tt1053424,Tiffany Espensen
174,tt1053424,Yvette Nicole Brown
175,tt1075747,Josh Brolin
176,tt1075747,John Malkovich
177,tt1075747,Megan Fox
178,tt1075747,Michael Fassbender
179,tt1075747,Will Arnett
180,tt1075747,John Gallagher Jr.
181,tt1075747,Tom Wopat
182,tt1075747,Michael Shannon
183,tt1075747,Wes Bentley
184,tt1075747,Julia Jones
185,tt0493949,Joey King
186,tt0493949,Selena Gomez
187,tt0493949,John Corbett
188,tt0493949,Bridget Moynahan
189,tt0493949,Ginnifer Goodwin
190,tt0493949,Josh Duhamel
191,tt0493949,Jason Spevack
192,tt0493949,Sierra McCormick
193,tt0493949,Sandra Oh
194,tt0493949,Kate Zenna
195,tt0758752,Jake Gyllenhaal
196,tt0758752,Anne Hathaway
197,tt0758752,Oliver Platt
198,tt0758752,Hank Azaria
199,tt0758752,Josh Gad
200,tt0758752,Gabriel Macht
201,tt0758752,Judy Greer
202,tt0758752,George Segal
203,tt0758752,Jill Clayburgh
204,tt0758752,Kate Jennings Grant
205,tt0775543,Anthony Mackie
206,tt0775543,Kerry Washington
207,tt0775543,Ron Simons
208,tt0775543,Tariq Trotter
209,tt0780653,Simon Merrells
210,tt0780653,Gemma Whelan
211,tt0780653,Emily Blunt
212,tt0780653,Benicio Del Toro
213,tt0780653,Mario Marin-Borquez
214,tt0780653,Asa Butterfield
215,tt0780653,Anthony Hopkins
216,tt0780653,Art Malik
217,tt0798817,Sam Riley
218,tt0798817,Alice Barrett
219,tt0798817,Gaby Hoffmann
220,tt0798817,Jason Statham
221,tt0798817,Mickey Rourke
222,tt0798817,Emmanuelle Chriqui
223,tt0798817,Michael Berry Jr.
224,tt0817177,Madeline Carroll
225,tt0817177,Callan McAuliffe
226,tt0817177,Rebecca De Mornay
227,tt0817177,Anthony Edwards
228,tt0817177,John Mahoney
229,tt0817177,Penelope Ann Miller
230,tt0817177,Aidan Quinn
231,tt0817177,Kevin Weisman
232,tt0817177,Morgan Lily
233,tt0817177,Ryan Ketzner
234,tt0842926,Julianne Moore
235,tt0842926,Annette Bening
236,tt0842926,Mark Ruffalo
237,tt0842926,Mia Wasikowska
238,tt0842926,Josh Hutcherson
239,tt0842926,Yaya DaCosta
240,tt0842926,Kunal Sharma
241,tt0842926,Eddie Hassell
242,tt0842926,Zosia Mamet
243,tt0842926,Joaquín Garrido
244,tt0840361,Ben Affleck
245,tt0840361,Rebecca Hall
246,tt0840361,Jon Hamm
247,tt0840361,Jeremy Renner
248,tt0840361,Blake Lively
249,tt0840361,George Carroll
250,tt0840361,Owen Burke
251,tt0840361,Titus Welliver
252,tt0840361,Pete Postlethwaite
253,tt0840361,Chris Cooper
254,tt0889573,Jason Bateman
255,tt0889573,Jennifer Aniston
256,tt0889573,Jeff Goldblum
257,tt0889573,Juliette Lewis
258,tt0889573,Todd Louiso
259,tt0889573,Scott Elrod
260,tt0889573,Patrick Wilson
261,tt0889573,Rebecca Naomi Jones
262,tt0889573,Kelli Barrett
263,tt0892318,Amanda Seyfried
264,tt0892318,Marcia DeBonis
265,tt0892318,Gael García Bernal
266,tt0892318,Luisa Ranieri
267,tt0892318,Marina Massironi
268,tt0892318,Lidia Biondi
269,tt0896872,Rachel Weisz
270,tt0896872,Vanessa Redgrave
271,tt0896872,Monica Bellucci
272,tt0896872,David Strathairn
273,tt0896872,Nikolaj Lie Kaas
274,tt0896872,Roxana Condurache
275,tt0896872,Paula Schramm
276,tt0896872,Alexandru Potocean
277,tt0896872,William Hope
278,tt0902247,Ron Perlman
279,tt0902247,Leelee Sobieski
280,tt0902247,Jim Hanks
281,tt0902247,Lorin McCraley
282,tt0902247,Matthew Yang King
283,tt0902247,Sam Hargrave
284,tt0902247,Garrett Wang
285,tt0902247,Dean Cochran
286,tt11866324,Amber Midthunder
287,tt11866324,Dane DiLiegro
288,tt11866324,Stormee Kipp
289,tt11866324,Michelle Thrush
290,tt11866324,Julian Black Antelope
291,tt11866324,Stefany Mathias
292,tt11866324,Nelson Leis
293,tt0935075,Nicole Kidman
294,tt0935075,Aaron Eckhart
295,tt0935075,Dianne Wiest
296,tt0935075,Miles Teller
297,tt0935075,Tammy Blanchard
298,tt0935075,Sandra Oh
299,tt0935075,Giancarlo Esposito
300,tt0935075,Jon Tenney
301,tt0935075,Stephen Mailer
302,tt0935075,Mike Doyle
303,tt0947798,Natalie Portman
304,tt0947798,Mila Kunis
305,tt0947798,Vincent Cassel
306,tt0947798,Barbara Hershey
307,tt0947798,Winona Ryder
308,tt0947798,Benjamin Millepied
309,tt0947798,Ksenia Solo
310,tt0947798,Kristina Anapau
311,tt0947798,Janet Montgomery
312,tt0947798,Sebastian Stan
313,tt0954947,Casey Affleck
314,tt0954947,Kate Hudson
315,tt0954947,Jessica Alba
316,tt0954947,Ned Beatty
317,tt0954947,Elias Koteas
318,tt0954947,Tom Bower
319,tt0954947,Simon Baker
320,tt0954947,Bill Pullman
321,tt0954947,Brent Briscoe
322,tt0954947,Matthew Maher
323,tt2363363,Ken Duken
324,tt2363363,Dagny Dewath
325,tt2363363,Matthias Koeberlin
326,tt2363363,Stipe Erceg
327,tt2363363,Thomas Thieme
328,tt2363363,Vinzenz Kiefer
329,tt2363363,David Steffen
330,tt2363363,Melanie Blocksdorf
331,tt0964517,Mark Wahlberg
332,tt0964517,Christian Bale
333,tt0964517,Amy Adams
334,tt0964517,Melissa Leo
335,tt0964517,Jack McGee
336,tt0964517,Melissa McMeekin
337,tt0964517,Bianca Hunter
338,tt0964517,Erica McDermott
339,tt0964517,Jill Quigg
340,tt0968264,James McAvoy
341,tt0968264,Robin Wright
342,tt0968264,Kevin Kline
343,tt0968264,Evan Rachel Wood
344,tt0968264,Tom Wilkinson
345,tt0968264,Justin Long
346,tt0968264,Danny Huston
347,tt0968264,James Badge Dale
348,tt0968264,Colm Meaney
349,tt0968264,Alexis Bledel
350,tt0970926,Steve Buscemi
351,tt0970926,Holland Taylor
352,tt0970926,Rob Schneider
353,tt0970926,Samantha Smith
354,tt0970926,Peter Riegert
355,tt0970926,Marcus Giamatti
356,tt0970926,George Dzundza
357,tt0970926,Jack McGee
358,tt0970926,Brandon Molale
359,tt0458339,Chris Evans
360,tt0458339,Hayley Atwell
361,tt0458339,Sebastian Stan
362,tt0458339,Tommy Lee Jones
363,tt0458339,Hugo Weaving
364,tt0458339,Dominic Cooper
365,tt0458339,Richard Armitage
366,tt0458339,Stanley Tucci
367,tt0458339,Samuel L. Jackson
368,tt0458339,Toby Jones
369,tt0472399,Jason Statham
370,tt0472399,Ben Foster
371,tt0472399,Tony Goldwyn
372,tt0472399,Donald Sutherland
373,tt0472399,Jeff Chase
375,tt0990407,Seth Rogen
376,tt0990407,Jay Chou
377,tt0990407,Cameron Diaz
378,tt0990407,Tom Wilkinson
379,tt0990407,Christoph Waltz
380,tt0990407,David Harbour
381,tt0990407,Edward James Olmos
382,tt0990407,Jamie Harris
383,tt0990407,Chad L. Coleman
384,tt0990407,Edward Furlong
385,tt0810913,Adam Sandler
386,tt0810913,Al Pacino
387,tt0810913,Katie Holmes
388,tt0810913,Eugenio Derbez
389,tt0810913,David Spade
390,tt0810913,Nick Swardson
391,tt0810913,Tim Meadows
392,tt0810913,Allen Covert
393,tt0770703,Anna Faris
394,tt0770703,Chris Evans
395,tt0770703,Ari Graynor
396,tt0770703,Blythe Danner
397,tt0770703,Ed Begley Jr.
398,tt0770703,Oliver Jackson-Cohen
399,tt0770703,Heather Burns
400,tt0770703,Eliza Coupe
401,tt0770703,Kate Simses
402,tt0770703,Tika Sumpter
403,tt0480687,Owen Wilson
404,tt0480687,Jason Sudeikis
405,tt0480687,Jenna Fischer
406,tt0480687,Christina Applegate
407,tt0480687,Nicky Whelan
408,tt0480687,Richard Jenkins
409,tt0480687,Stephen Merchant
410,tt0480687,Larry Joe Campbell
411,tt0480687,Bruce Thomas
412,tt0480687,Tyler Hoechlin
413,tt0471042,Ben Stiller
414,tt0471042,Eddie Murphy
415,tt0471042,Casey Affleck
416,tt0471042,Alan Alda
417,tt0471042,Matthew Broderick
418,tt0471042,Stephen McKinley Henderson
419,tt0471042,Judd Hirsch
420,tt0471042,Téa Leoni
421,tt0471042,Michael Peña
422,tt0471042,Gabourey Sidibe
423,tt0472181,Hank Azaria
424,tt0472181,Neil Patrick Harris
425,tt0472181,Jayma Mays
426,tt0472181,Sofía Vergara
427,tt0472181,Tim Gunn
428,tt0472181,Madison McKinley
429,tt0472181,Meg Phillips
430,tt0448694,Antonio Banderas
431,tt0448694,Salma Hayek
432,tt0448694,Zach Galifianakis
433,tt0448694,Billy Bob Thornton
434,tt0448694,Amy Sedaris
435,tt0448694,Constance Marie
436,tt0448694,Guillermo del Toro
437,tt0448694,Mike Mitchell
438,tt0448694,Ryan Crego
439,tt0377981,James McAvoy
440,tt0377981,Emily Blunt
441,tt0377981,Ashley Jensen
442,tt0377981,Michael Caine
443,tt0377981,Matt Lucas
444,tt0377981,Jim Cummings
445,tt0377981,Maggie Smith
446,tt0377981,Jason Statham
447,tt0377981,Ozzy Osbourne
448,tt0377981,Stephen Merchant
449,tt1285241,Shah Rukh Khan
450,tt1285241,Priyanka Chopra Jonas
451,tt1285241,Boman Irani
452,tt1285241,Lara Dutta
453,tt1285241,Kunal Kapoor
454,tt1285241,Om Puri
455,tt1285241,Nawab Shah
456,tt1285241,Alyy Khan
457,tt1285241,Florian Lukas
458,tt1270798,James McAvoy
459,tt1270798,Laurence Belcher
460,tt1270798,Michael Fassbender
461,tt1270798,Bill Milner
462,tt1270798,Kevin Bacon
463,tt1270798,Rose Byrne
464,tt1270798,Jennifer Lawrence
465,tt1270798,Beth Goddard
466,tt1270798,Morgan Lily
467,tt1270798,Oliver Platt
468,tt1253864,Henry Cavill
469,tt1253864,Mickey Rourke
470,tt1253864,Stephen Dorff
471,tt1253864,Freida Pinto
472,tt1253864,Luke Evans
473,tt1253864,John Hurt
474,tt1253864,Joseph Morgan
475,tt1253864,Greg Bryk
476,tt1233301,James Purefoy
477,tt1233301,Brian Cox
478,tt1233301,Kate Mara
479,tt1233301,Derek Jacobi
480,tt1233301,Paul Giamatti
481,tt1233301,Charles Dance
482,tt1233301,Jason Flemyng
483,tt1233301,Jamie Foreman
484,tt1233301,Mackenzie Crook
485,tt1229238,Tom Cruise
486,tt1229238,Paula Patton
487,tt1229238,Simon Pegg
488,tt1229238,Jeremy Renner
489,tt1229238,Michael Nyqvist
490,tt1229238,Vladimir Mashkov
491,tt1229238,Samuli Edelmann
492,tt1229238,Ivan Shvedoff
493,tt1229238,Anil Kapoor
494,tt1229238,Léa Seydoux
495,tt1071875,Nicolas Cage
496,tt1071875,Violante Placido
497,tt1071875,Ciarán Hinds
498,tt1071875,Idris Elba
499,tt1071875,Johnny Whitworth
500,tt1071875,Spencer Wilding
501,tt1071875,Jacek Koman
502,tt1071875,Anthony Head
503,tt1034389,Channing Tatum
504,tt1034389,Denis O'Hare
505,tt1034389,Paul Ritter
506,tt1034389,Zsolt László
507,tt1034389,Julian Lewis Jones
508,tt1034389,Aladár Laklóth
509,tt1034389,Marcell Miklós
510,tt0978764,Emily Browning
511,tt0978764,Abbie Cornish
512,tt0978764,Jena Malone
513,tt0978764,Vanessa Hudgens
514,tt0978764,Jamie Chung
515,tt0978764,Carla Gugino
516,tt0978764,Oscar Isaac
517,tt0978764,Jon Hamm
518,tt0978764,Scott Glenn
519,tt0978764,Richard Cetrone
520,tt0873886,Michael Angarano
521,tt0873886,Deborah Aquila
522,tt0873886,Nicholas Braun
523,tt0873886,Ronnie Connell
524,tt0873886,Kaylee DeFer
525,tt0873886,Joey Figueroa
526,tt0873886,Kyle Gallner
527,tt0873886,Anna Gunn
528,tt0873886,Matt Jones
529,tt0873886,John Lacy
530,tt0822847,Paul Bettany
531,tt0822847,Karl Urban
532,tt0822847,Cam Gigandet
533,tt0822847,Maggie Q
534,tt0822847,Lily Collins
535,tt0822847,Brad Dourif
536,tt0822847,Stephen Moyer
537,tt0822847,Christopher Plummer
538,tt0822847,Alan Dale
539,tt0822847,Mädchen Amick
540,tt0816462,Jason Momoa
541,tt0816462,Stephen Lang
542,tt0816462,Rachel Nichols
543,tt0816462,Ron Perlman
544,tt0816462,Rose McGowan
545,tt0816462,Bob Sapp
546,tt0816462,Leo Howard
547,tt0816462,Steven O'Donnell
548,tt0816462,Nonso Anozie
549,tt0800369,Chris Hemsworth
550,tt0800369,Natalie Portman
551,tt0800369,Tom Hiddleston
552,tt0800369,Anthony Hopkins
553,tt0800369,Stellan Skarsgård
554,tt0800369,Kat Dennings
555,tt0800369,Clark Gregg
556,tt0800369,Colm Feore
557,tt0800369,Idris Elba
558,tt0800369,Ray Stevenson
559,tt0479997,Nicolas Cage
560,tt0479997,Ron Perlman
561,tt0479997,Stephen Campbell Moore
562,tt0479997,Stephen Graham
563,tt0479997,Ulrich Thomsen
564,tt0479997,Claire Foy
565,tt0479997,Robert Sheehan
566,tt0479997,Christopher Lee
567,tt0472399,Jason Statham
568,tt0472399,Ben Foster
569,tt0472399,Tony Goldwyn
570,tt0472399,Donald Sutherland
571,tt0472399,Jeff Chase
572,tt0472399,Mini Anden
573,tt0472399,James Logan
574,tt0472399,Eddie J. Fernandez
575,tt0472399,John McConnell
576,tt0458339,Chris Evans
577,tt0458339,Hayley Atwell
578,tt0458339,Sebastian Stan
579,tt0458339,Tommy Lee Jones
580,tt0458339,Hugo Weaving
581,tt0458339,Dominic Cooper
582,tt0458339,Richard Armitage
583,tt0458339,Stanley Tucci
584,tt0458339,Samuel L. Jackson
585,tt0458339,Toby Jones
586,tt0409847,Daniel Craig
587,tt0409847,Abigail Spencer
588,tt0409847,Buck Taylor
589,tt0409847,Matthew Taylor
590,tt0409847,Cooper Taylor
591,tt0409847,Clancy Brown
592,tt0409847,Paul Dano
593,tt0409847,Chris Browning
594,tt0409847,Adam Beach
595,tt0409847,Sam Rockwell
596,tt0997152,Adrien Brody
597,tt0997152,Forest Whitaker
598,tt0997152,Cam Gigandet
599,tt0997152,Clifton Collins Jr.
600,tt0997152,Fisher Stevens
601,tt0997152,Travis Fimmel
602,tt0997152,David Banner
603,tt0997152,Jason Lew
604,tt0997152,Damien Leake
605,tt0984210,Timothy Hutton
606,tt0984210,Mira Sorvino
607,tt0984210,Dana Delany
608,tt0984210,Mario Van Peebles
609,tt0984210,India Ennenga
610,tt0984210,Laila Robins
611,tt0984210,Stockard Channing
612,tt0984210,Nadia Dassouki
613,tt0984210,Chris Sarandon
614,tt0984210,Joan Jett
615,tt0977855,Naomi Watts
616,tt0977855,Sonya Davison
617,tt0977855,Vanessa Chong
618,tt0977855,Anand Tiwari
619,tt0977855,Sean Penn
620,tt0977855,Ty Burrell
621,tt0977855,Jessica Hecht
622,tt0977855,Norbert Leo Butz
623,tt0977855,Rebecca Rigg
624,tt0970926,Steve Buscemi
625,tt0970926,Holland Taylor
626,tt0970926,Rob Schneider
627,tt0970926,Samantha Smith
628,tt0970926,Peter Riegert
629,tt0970926,Marcus Giamatti
630,tt0970926,George Dzundza
631,tt0970926,Jack McGee
632,tt0970926,Brandon Molale
633,tt0968264,James McAvoy
634,tt0968264,Robin Wright
635,tt0968264,Kevin Kline
636,tt0968264,Evan Rachel Wood
637,tt0968264,Tom Wilkinson
638,tt0968264,Justin Long
639,tt0968264,Danny Huston
640,tt0968264,James Badge Dale
641,tt0968264,Colm Meaney
642,tt0968264,Alexis Bledel
643,tt0964517,Mark Wahlberg
644,tt0964517,Christian Bale
645,tt0964517,Amy Adams
646,tt0964517,Melissa Leo
647,tt0964517,Jack McGee
648,tt0964517,Melissa McMeekin
649,tt0964517,Bianca Hunter
650,tt0964517,Erica McDermott
651,tt0964517,Jill Quigg
652,tt2363363,Ken Duken
653,tt2363363,Dagny Dewath
654,tt2363363,Matthias Koeberlin
655,tt2363363,Stipe Erceg
656,tt2363363,Thomas Thieme
657,tt2363363,Vinzenz Kiefer
658,tt2363363,David Steffen
659,tt2363363,Melanie Blocksdorf
660,tt0954947,Casey Affleck
661,tt0954947,Kate Hudson
662,tt0954947,Jessica Alba
663,tt0954947,Ned Beatty
664,tt0954947,Elias Koteas
665,tt0954947,Tom Bower
666,tt0954947,Simon Baker
667,tt0954947,Bill Pullman
668,tt0954947,Brent Briscoe
669,tt0954947,Matthew Maher
670,tt0947798,Natalie Portman
671,tt0947798,Mila Kunis
672,tt0947798,Vincent Cassel
673,tt0947798,Barbara Hershey
674,tt0947798,Winona Ryder
675,tt0947798,Benjamin Millepied
676,tt0947798,Ksenia Solo
677,tt0947798,Kristina Anapau
678,tt0947798,Janet Montgomery
679,tt0947798,Sebastian Stan
