Unnamed: 0,0,1
0,tt10429158,Aamu Milonoff
1,tt10429158,Linnea Skog
2,tt10429158,Elina Knihtilä
3,tt10429158,Jani Volanen
4,tt10429158,Minna Haapkylä
5,tt10429158,Juho Milonoff
6,tt0323808,Henry Garrett
7,tt0323808,James Mapes
8,tt0323808,Lesley Mackie
9,tt0323808,Clive Russell
10,tt0323808,Graham McTavish
11,tt0323808,Bill Murdoch
12,tt0323808,Christopher Fosh
13,tt0433035,Hugh Jackman
14,tt0433035,Dakota Goyo
15,tt0433035,Evangeline Lilly
16,tt0433035,Anthony Mackie
17,tt0433035,Kevin Durand
18,tt0433035,Hope Davis
19,tt0433035,James Rebhorn
20,tt0433035,Karl Yune
21,tt0433035,Olga Fonda
22,tt0433035,John Gatins
23,tt0448022,Rachel Nichols
24,tt0448022,Jackson Hurst
25,tt0448022,Anjanette Comer
26,tt0448022,Linda Emond
27,tt0448022,Buck Henry
28,tt0448022,Judith Ivey
29,tt0448022,Kaiulani Lee
30,tt0448022,Rocco Sisto
31,tt0466893,Anna Paquin
32,tt0466893,J. Smith-Cameron
33,tt0466893,Mark Ruffalo
34,tt0466893,Jeannie Berlin
35,tt0466893,Jean Reno
36,tt0466893,Sarah Steele
37,tt0466893,John Gallagher Jr.
38,tt0466893,Allison Janney
39,tt0466893,Kieran Culkin
40,tt0477302,Tom Hanks
41,tt0477302,Thomas Horn
42,tt0480239,Taylor Schilling
43,tt0480239,Grant Bowler
44,tt0480239,Matthew Marsden
45,tt0480239,Edi Gathegi
46,tt0480239,Jsu Garcia
47,tt0480239,Graham Beckel
48,tt0480239,Jon Polito
49,tt0480239,Patrick Fischler
50,tt0480239,Rebecca Wisocky
51,tt0480239,Michael Lerner
52,tt0490847,Fabian Carrillo
53,tt0490847,Richard Tyson
54,tt0490847,Robert LaSardo
55,tt0490847,Brooke Lewis Bellas
56,tt0780504,Ryan Gosling
57,tt0780504,Carey Mulligan
58,tt0780504,Bryan Cranston
59,tt0780504,Albert Brooks
60,tt0780504,Oscar Isaac
61,tt0780504,Christina Hendricks
62,tt0780504,Ron Perlman
63,tt0780504,Jeff Wolfe
64,tt0847180,Mimoh Chakraborty
65,tt0847180,Prem Chopra
66,tt0847180,Sudhir S. Dayma
67,tt0847180,Govinda
68,tt0847180,Jaaved Jaaferi
69,tt0847180,Razak Khan
70,tt0847180,Shehzad Khan
71,tt0847180,Alyona Khmara
72,tt0847180,Ravi Kishan
73,tt0847180,Mimoh Chakraborty
74,tt0847180,Prem Chopra
75,tt0847180,Sudhir S. Dayma
76,tt0847180,Govinda
77,tt0847180,Jaaved Jaaferi
78,tt0847180,Shehzad Khan
79,tt0847180,Alyona Khmara
80,tt0847180,Ravi Kishan
81,tt0881320,Richard Roxburgh
82,tt0881320,Ioan Gruffudd
83,tt0881320,Rhys Wakefield
84,tt0881320,Dan Wyllie
85,tt0881320,Christopher James Baker
86,tt0881320,Allison Cratchley
87,tt0881320,Andrew Hansen
88,tt0893412,Camilla Belle
89,tt0893412,Alexa PenaVega
90,tt0893412,Luis Rosales
91,tt0893412,Alexis Ayala
92,tt0893412,Norma Reyna
93,tt0893412,Adriana Barraza
94,tt0970179,Ben Kingsley
0,tt1228705,Robert Downey Jr.
1,tt1228705,Gwyneth Paltrow
2,tt1228705,Don Cheadle
3,tt1228705,Scarlett Johansson
4,tt1228705,Sam Rockwell
5,tt1228705,Mickey Rourke
6,tt1228705,Samuel L. Jackson
7,tt1228705,Clark Gregg
8,tt1228705,John Slattery
9,tt1228705,Garry Shandling
10,tt1243957,Johnny Depp
11,tt1243957,Angelina Jolie
12,tt1243957,Paul Bettany
13,tt1243957,Timothy Dalton
14,tt1243957,Steven Berkoff
15,tt1243957,Rufus Sewell
16,tt1243957,Christian De Sica
17,tt1243957,Alessio Boni
18,tt1243957,Daniele Pecci
19,tt1245526,Bruce Willis
20,tt1245526,Mary-Louise Parker
21,tt1245526,Heidi von Palleske
22,tt1245526,Jefferson Brown
23,tt1245526,Karl Urban
24,tt1245526,Chris Owens
25,tt1245526,Rebecca Pidgeon
26,tt1245526,Morgan Freeman
27,tt1245526,Jaqueline Fleming
28,tt1245526,Randy Wade Kelley
29,tt1261862,Dolph Lundgren
30,tt1261862,Stefanie von Pfetten
31,tt1261862,Samantha Ferris
32,tt1261862,David James Lewis
33,tt1261862,Lindsay Maxwell
34,tt1261862,John Tench
35,tt1261862,Bo Svenson
36,tt1261862,Katelyn Mager
37,tt1261862,Monique Ganderton
38,tt1262983,Laura Buckles
39,tt1262983,Tim Simek
40,tt1262983,Ernie Ventry
41,tt1262983,James Markham Hall Jr.
42,tt1270835,Danielle Harris
43,tt1270835,Tony Todd
44,tt1270835,Kane Hodder
45,tt1270835,Parry Shen
46,tt1270835,Tom Holland
47,tt1270835,R.A. Mihailoff
48,tt1270835,AJ Bowen
49,tt1270835,Alexis Kendra
50,tt1270835,Ed Ackerman
51,tt1272018,Aleksandr Baluev
52,tt1272018,Yury Belyayev
53,tt1272018,Bogdan Benyuk
54,tt1272018,Aleksandr Golubev
55,tt1272018,Aleksandr Klyukvin
56,tt1272018,Vladimir Mashkov
57,tt1305797,Rajinikanth
58,tt1305797,Aishwarya Rai Bachchan
59,tt1305797,Danny Denzongpa
60,tt1305797,Santhanam
61,tt1305797,Cochin Hanifa
62,tt1305797,Kalabhavan Mani
63,tt1305797,Devadarshini Chetan
64,tt10009030,Gabrielle Elyse
65,tt10009030,J.J. Nolan
66,tt10009030,Austin Fryberger
67,tt10009030,Nick Gomez
68,tt10009030,Rich Fulcher
69,tt10009030,Ashley Argota Torres
70,tt10009030,Amy Landecker
71,tt10009030,Alex Skinner
72,tt10011336,Tsai Chin
73,tt10011336,Hsiao-Yuan Ha
74,tt10011336,Michael Tow
75,tt10011336,Wai Ching Ho
76,tt10011336,Lyman Chen
77,tt10013072,William Cooper
78,tt10022384,Emma Rigby
79,tt10022384,David Bamber
80,tt0810836,Kelly Macdonald
81,tt0810836,Garrett Hedlund
82,tt0810836,David Wenham
83,tt0810836,Fern Nicholson
84,tt0810836,Aaron Pedersen
85,tt0810836,George Mason
86,tt10300704,Samuthirakani
87,tt10300704,Natarajan Subramaniam
88,tt10300704,Riythvika Panneerselvam
89,tt10300704,Yogi Babu
90,tt10308500,Hirofumi Araki
91,tt15345308,John Early
92,tt15345308,Charles Rogers
93,tt10463692,James Balsamo
94,tt10463692,Ash T
95,tt10463692,Mike Baez
96,tt10463692,Kreskin
97,tt10463692,Brian Wickens
98,tt10463692,John Amplas
99,tt10463692,Al Burke
100,tt10463692,Gary the Retard
101,tt10463692,Bill Weeden
102,tt10580094,Raaj Suriyan
103,tt10054316,Pauly Shore
104,tt10054316,Mike Castle
105,tt10054316,Aimee Teegarden
106,tt10054316,Billy Zane
107,tt10054316,Bobby Lee
108,tt10054316,Punkie Johnson
109,tt10054316,Steve-O
110,tt10054316,Erik Griffin
111,tt10054316,Lou Ferrigno Jr.
112,tt10054316,Charlotte McKinney
113,tt10060772,Sam Harris
114,tt10060772,Todd Schroeder
115,tt10077544,Candela Peña
116,tt10077544,Sergi López
117,tt10077544,Nathalie Poza
118,tt10077544,Ramón Barea
119,tt10077544,Paula Usero
120,tt10077544,Xavo Giménez
121,tt10077544,María Maroto
122,tt10100678,Thomas Ancora
123,tt10100678,Baptiste Sornin
124,tt10100678,Tania Garbarski
125,tt10100678,Sean Dhondt
126,tt10100678,Vincent Londez
127,tt10111180,Chad Brummett
128,tt10111180,Sofia Embid
129,tt10111180,Katy Erin
130,tt10111180,Sabrina Garcia
131,tt10111180,Christina Gopal
132,tt10111180,Jason E. Hill
133,tt10126434,Josh Ruben
134,tt10126434,Aya Cash
135,tt10126434,Chris Redd
136,tt10126434,Rebecca Drysdale
137,tt10126434,Lauren Sick
138,tt10260692,Luke Barnett
139,tt10260692,Tanner Thomason
140,tt10260692,Lance Reddick
141,tt10260692,Jason Alexander
142,tt10260692,Margaret Cho
143,tt10260692,David Koechner
144,tt10260692,Christoph Sanders
145,tt10260692,Carly Craig
146,tt10260692,Richard Riehle
147,tt10260692,Marlon Young
148,tt10280276,Varun Dhawan
149,tt10280276,Sara Ali Khan
150,tt10280276,Paresh Rawal
151,tt10280276,Jaaved Jaaferi
152,tt10280276,Rajpal Naurang Yadav
153,tt10280276,Johny Lever
154,tt10280276,Bharti Achrekar
155,tt10280276,Anil Dhawan
156,tt10280276,Sahil Vaid
157,tt10280276,Shikha Talsania
158,tt10309906,Ayushmann Khurrana
159,tt10309906,Jitendra Kumar
160,tt10309906,Gajraj Rao
161,tt10309906,Neena Gupta
162,tt10309906,Manu Rishi Chadha
163,tt10309906,Sunita Rajwar
164,tt10309906,Maanvi Gagroo
165,tt10309906,Pankhuri Awasthi
166,tt0920462,Alexandra Daddario
167,tt0920462,Takehiro Hira
168,tt0920462,Carice van Houten
169,tt0920462,Misuzu Kanno
170,tt0920462,Kate Easton
171,tt0920462,Mariko Tsutsui
172,tt10023172,Laetitia Dosch
173,tt10023172,Sergei Polunin
174,tt10023172,Caroline Ducey
175,tt10023172,Grégoire Colin
176,tt10023172,Slimane Dazi
177,tt10023172,Dounia Sichov
178,tt10023022,Adrien Brody
179,tt10023022,Glenn Fleshler
180,tt10023022,Richie Merritt
181,tt10023022,Chandler DuPont
182,tt10023022,Mykelti Williamson
183,tt10023022,John Bianco
184,tt10023022,RZA
185,tt10023022,Gerard Cordero
186,tt10023022,Alex Corrado
187,tt10032266,Alena Yiv
188,tt10032266,Shira Haas
189,tt10039524,Andrea Riseborough
190,tt10039524,Michael Landes
191,tt10039524,Shereen Reda
192,tt10039524,Ahmed Talaat
193,tt10065694,Arabella Landrum
194,tt10065694,Jena Malone
195,tt10065694,Eric Lange
196,tt10065694,Janelle Monáe
197,tt10065694,Tongayi Chirisa
198,tt10065694,Jack Huston
199,tt10065694,Kiersey Clemons
200,tt10065694,Robert Aramayo
201,tt10102402,Ion Sapdaru
202,tt10102402,Ioana Chitu
203,tt10102402,Maria Junghetu
204,tt10102402,Lucian Pavel
205,tt10102402,Melinda Pitz
206,tt10110614,Aris Servetalis
207,tt10110614,Sofia Georgovassili
208,tt10110614,Argyris Bakirtzis
209,tt10110614,Costas Xikominos
210,tt10132976,Oulaya Amamra
211,tt10132976,André Wilms
212,tt10132976,Souheila Yacoub
213,tt10132976,Stefan Crepon
214,tt10147910,Ploy Sornarin
215,tt10151656,Campbell Scott
216,tt10151656,Agnes Bruckner
217,tt10151656,George Gerdes
218,tt10151656,Leith M. Burke
219,tt10151656,April Grace
220,tt10151656,Ian Hart
221,tt10151656,Currie Graham
222,tt10151656,Kathryn Leigh Scott
223,tt10151656,Kevin Jackson
224,tt10152722,Agnieszka Grochowska
225,tt10152722,Marthe Keller
226,tt10152722,André Jung
227,tt10152722,Birgit Minichmayr
228,tt10152722,Jacob Matschenz
229,tt10152722,Anatole Taubman
230,tt10152722,Cezary Pazura
231,tt10152722,Agata Rzeszewska
232,tt10161886,Meryl Streep
233,tt10161886,James Corden
234,tt10161886,Nicole Kidman
235,tt10161886,Kerry Washington
236,tt10161886,Keegan-Michael Key
237,tt10161886,Andrew Rannells
238,tt10161886,Ariana DeBose
239,tt10161886,Jo Ellen Pellman
240,tt10161886,Tracey Ullman
241,tt10161886,Kevin Chamberlin
242,tt10183816,Nick Purcha
243,tt10183816,Camila Mendes
244,tt10183816,Jessie T. Usher
245,tt10183816,Sean Owen Roberts
246,tt10183816,Trevor Lerner
247,tt10183816,Elliott Gould
248,tt10183816,Cam Gigandet
249,tt10183816,Michael P. Northey
250,tt10189514,Suriya
251,tt10189514,Aparna Balamurali
252,tt10189514,Paresh Rawal
253,tt10189514,Urvashi
254,tt10189514,Mohan Babu
255,tt10189514,Krishnakumar Balasubramanian
256,tt10189514,Vivek Prasanna
257,tt10189514,Kaali Venkat
258,tt10198064,Joseph Benjamin
259,tt10198064,Keturah King
260,tt10198064,Felix Omozusi
261,tt10198064,Kei-Landa Rembert
262,tt0293429,Lewis Tan
263,tt0293429,Jessica McNamee
264,tt0293429,Josh Lawson
265,tt0293429,Joe Taslim
266,tt0293429,Mehcad Brooks
267,tt0293429,Matilda Kimber
268,tt0293429,Laura Brent
269,tt0293429,Tadanobu Asano
270,tt0293429,Hiroyuki Sanada
271,tt10358782,Kotono Mitsuishi
272,tt10358782,Hiroshi Kamiya
273,tt10358782,Kazuya Nakai
274,tt10358782,Yûichi Nakamura
275,tt10358782,Steve Blum
276,tt10358782,Johnny Yong Bosch
277,tt10483386,John Abraham
278,tt10483386,Emraan Hashmi
279,tt10483386,Mahesh Manjrekar
280,tt10483386,Suniel Shetty
281,tt10483386,Kajal Aggarwal
282,tt10483386,Prateik Patil Babbar
283,tt10483386,Gulshan Grover
284,tt10483386,Amole Gupte
285,tt10483386,Rohit Roy
286,tt10483386,Samir Soni
287,tt11286210,Regina Hall
288,tt11286210,Zoe Renee
289,tt11286210,Julia Nightingale
290,tt11286210,Talia Ryder
291,tt11286210,Ella Hunt
292,tt11286210,Anna Van Patten
293,tt11286210,Will Hochman
294,tt10782740,Alex Murphy
295,tt10872600,Tom Holland
296,tt10872600,Zendaya
297,tt10872600,Benedict Cumberbatch
298,tt10872600,Jacob Batalon
299,tt10872600,Jon Favreau
300,tt10872600,Jamie Foxx
301,tt10872600,Willem Dafoe
302,tt10872600,Alfred Molina
303,tt10872600,Benedict Wong
304,tt10872600,Tony Revolori
305,tt10469804,Anthony Bajon
306,tt10469804,Noémie Lvovsky
307,tt10888594,Salman Khan
308,tt10888594,Disha Patani
309,tt10888594,Randeep Hooda
310,tt10888594,Jackie Shroff
311,tt10888594,Pravin Tarde
312,tt10888594,Gautam Gulati
313,tt10888594,Sangay Tsheltrim
314,tt10888594,Govind Namdeo
315,tt10888594,Sudhanshu Pandey
316,tt10888594,Arjun Kanungo
317,tt11242718,Ali Larter
318,tt11242718,Ralph Ineson
319,tt11242718,Ron Perlman
320,tt11242718,Tahmoh Penikett
321,tt11242718,Kyle Schmid
322,tt11242718,Dakota Daulby
323,tt11242718,Paul Belsito
324,tt11242718,Tom Stevens
325,tt11242718,Gregory Fawcett
326,tt11260832,Akshay Kumar
327,tt11260832,Huma Qureshi
328,tt11260832,Vaani Kapoor
329,tt11260832,Lara Dutta
330,tt11260832,Adil Hussain
331,tt11260832,Kavi Raz
332,tt11260832,Mamik Singh
333,tt11260832,Denzil Smith
334,tt11306518,Ashok Galla
335,tt11306518,Nidhhi Agerwal
336,tt11306518,Jagapathi Babu
337,tt11306518,V.K. Naresh
338,tt11306518,Vennela Kishore
339,tt11306518,Brahmaji
340,tt11306518,Satya
341,tt11306518,Ravi Kishan
342,tt11306518,Mime Gopi
343,tt11503178,Nagarjuna Akkineni
344,tt11503178,Dia Mirza
345,tt11503178,Saiyami Kher
346,tt11503178,Atul Kulkarni
347,tt11636880,Jasper Pääkkönen
348,tt11636880,Sverrir Gudnason
349,tt11636880,Cathy Belton
350,tt11636880,Pertti Sveholm
351,tt11636880,Juhan Ulfsak
352,tt11636880,Dragomir Mrsic
353,tt11650226,Con O'Neill
354,tt11650226,Sarah-Jane Potts
355,tt11650226,Anton Valensi
356,tt11650226,Philip Bulcock
357,tt11650226,Ricky Grover
358,tt11650226,Annabel Wright
359,tt11799110,Mickey Rourke
360,tt11799110,Michael Jai White
361,tt11799110,James Russo
362,tt11799110,Gillian White
363,tt11799110,Jessica Uberuaga
364,tt11799110,Paul Sloan
365,tt11799110,Nick Vallelonga
366,tt11799110,Chris Browning
367,tt0870154,Dwayne Johnson
368,tt0870154,Emily Blunt
369,tt0870154,Edgar Ramírez
370,tt0870154,Jack Whitehall
371,tt0870154,Jesse Plemons
372,tt0870154,Paul Giamatti
373,tt0870154,Veronica Falcón
374,tt0870154,Dani Rovira
375,tt0870154,Quim Gutiérrez
376,tt0870154,Dan Dargan Carter
377,tt10098288,Rajkummar Rao
378,tt10098288,Janhvi Kapoor
379,tt10098288,Varun Sharma
380,tt10098288,Alexx O'Nell
381,tt10098288,Manav Vij
382,tt10098288,Sarita Joshi
383,tt10160896,David Arquette
384,tt10160896,Baron Davis
385,tt10160896,Snoop Dogg
386,tt10160896,Tasie Lawrence
387,tt10228134,Kate Beckinsale
388,tt10228134,Jai Courtney
389,tt10228134,Stanley Tucci
390,tt10228134,Bobby Cannavale
391,tt10228134,Laverne Cox
392,tt10228134,David Bradley
393,tt10228134,Susan Sarandon
394,tt10228134,Lewis Ian Bray
395,tt10498792,Ron Lynch
396,tt10498792,Jenny Zigrino
397,tt10498792,Jack De Sena
398,tt10498792,Mary Lynn Rajskub
399,tt10498792,Fred Armisen
400,tt10569922,Saif Ali Khan
401,tt10569922,Rani Mukerji
402,tt10569922,Siddhant Chaturvedi
403,tt10569922,Sharvari Wagh
404,tt10569922,Pankaj Tripathi
405,tt10569922,Prem Chopra
406,tt10569922,Govardhan Asrani
407,tt10569922,Yashpal Sharma
408,tt10569922,Brijendra Kala
409,tt10569922,Rajiv Gupta
0,tt10638320,Baburaj
1,tt10638320,Lal
2,tt10638320,Lenaa
3,tt10649008,Al Weaver
4,tt10649008,Morgan Watkins
5,tt10649008,Sinead Matthews
6,tt10649008,Tessa Peake-Jones
7,tt10649008,Cathy Conneff
8,tt10649008,Karen Connell
9,tt10649008,Gabrielle Creevy
10,tt10689780,Fred De Loof
11,tt10689780,François Neycken
12,tt10689780,Arthur Lafère
13,tt10689780,Quentin Marteau
14,tt10712928,James Maslow
15,tt10712928,Ciara Hanna
16,tt10712928,Mike Bash
17,tt10712928,Zebedee Row
18,tt10712928,Jaclyn Betham
19,tt10810850,Liza Lapira
20,tt10810850,Dante Basco
21,tt10810850,Dionysio Basco
22,tt10810850,Derek Basco
23,tt10810850,Darion Basco
24,tt10810850,Solenn Heussaff
25,tt10810850,Tirso Cruz III
26,tt10810850,Cheryl Tsai
27,tt10810850,Arianna Basco
28,tt10895576,Kriti Sanon
29,tt10895576,Pankaj Tripathi
30,tt10895576,Sai Tamhankar
31,tt10895576,Manoj Pahwa
32,tt10895576,Supriya Pathak
33,tt10895576,Aidan Whytock
34,tt10926320,Francesca Reale
35,tt10926320,Jaboukie Young-White
36,tt10926320,Taylor Hill
37,tt10926320,Jerry Ferrara
38,tt10023286,Richard Jenkins
39,tt10023286,Jayne Houdyshell
40,tt10023286,Amy Schumer
41,tt10023286,Beanie Feldstein
42,tt10023286,Steven Yeun
43,tt10023286,June Squibb
44,tt10037014,Katherine Heigl
45,tt10037014,Harry Connick Jr.
46,tt10037014,Madison Iseman
47,tt10037014,Israel Broussard
48,tt10037014,Eugenie Bondurant
49,tt10037014,Julia Vasi
50,tt10037014,Enuka Okuma
51,tt10037014,Ashley Abrams
52,tt10042788,Pierfrancesco Favino
53,tt10042788,Kelly Reilly
54,tt10042788,Jean Reno
55,tt10042788,Cara Theobold
56,tt10042788,Kris Marshall
57,tt10042788,Deepak Verma
58,tt10042788,Marie Mouté
59,tt10051000,Asia Argento
60,tt10051000,Sandrine Blancke
61,tt10062338,Romola Garai
62,tt10062338,Alex Lawther
63,tt10062338,Peter Van den Begin
64,tt10062338,Michael Pas
65,tt10062338,Isabelle de Hertogh
66,tt10077034,Lena Headey
67,tt10077034,Sally Collett
68,tt10077034,Martin Owen
69,tt10077034,Rafferty Law
70,tt10077034,Leigh Francis
71,tt10077034,Rita Ora
72,tt10308878,Andy Garcia
73,tt10308878,Emory Cohen
74,tt10308878,Megan Fox
75,tt10308878,Lucy Hale
76,tt10308878,Frederick Schmidt
77,tt10308878,Shiloh Fernandez
78,tt10308878,Oscar Isaac
79,tt10308878,Sergio Rizzuto
80,tt10308878,Michael Benjamin Hernandez
81,tt10648342,Chris Hemsworth
82,tt10648342,Natalie Portman
83,tt10648342,Christian Bale
84,tt10648342,Tessa Thompson
85,tt10648342,Taika Waititi
86,tt10648342,Russell Crowe
87,tt10648342,Jaimie Alexander
88,tt10648342,Idris Elba
89,tt10648342,Chris Pratt
90,tt10648342,Dave Bautista
91,tt10687116,Kid Cudi
92,tt10687116,Jessica Williams
93,tt10687116,Laura Harrier
94,tt10687116,Ty Dolla $ign
95,tt10687116,Timothée Chalamet
96,tt10687116,Vanessa Hudgens
97,tt10687116,Christopher Abbott
98,tt10687116,Keith David
99,tt10687116,Arturo Castro
100,tt10687116,Jaden Smith
0,tt0990407,Seth Rogen
1,tt0990407,Jay Chou
2,tt0990407,Cameron Diaz
3,tt0990407,Tom Wilkinson
4,tt0990407,Christoph Waltz
5,tt0990407,David Harbour
6,tt0990407,Edward James Olmos
7,tt0990407,Jamie Harris
8,tt0990407,Chad L. Coleman
9,tt0990407,Edward Furlong
10,tt0810913,Adam Sandler
11,tt0810913,Al Pacino
12,tt0810913,Katie Holmes
13,tt0810913,Eugenio Derbez
14,tt0810913,David Spade
15,tt0810913,Nick Swardson
16,tt0810913,Tim Meadows
17,tt0810913,Allen Covert
18,tt0770703,Anna Faris
19,tt0770703,Chris Evans
20,tt0770703,Ari Graynor
21,tt0770703,Blythe Danner
22,tt0770703,Ed Begley Jr.
23,tt0770703,Oliver Jackson-Cohen
24,tt0770703,Heather Burns
25,tt0770703,Eliza Coupe
26,tt0770703,Kate Simses
27,tt0770703,Tika Sumpter
28,tt0480687,Owen Wilson
29,tt0480687,Jason Sudeikis
30,tt0480687,Jenna Fischer
31,tt0480687,Christina Applegate
32,tt0480687,Nicky Whelan
33,tt0480687,Richard Jenkins
34,tt0480687,Stephen Merchant
35,tt0480687,Larry Joe Campbell
36,tt0480687,Bruce Thomas
37,tt0480687,Tyler Hoechlin
38,tt0471042,Ben Stiller
39,tt0471042,Eddie Murphy
40,tt0471042,Casey Affleck
41,tt0471042,Alan Alda
42,tt0471042,Matthew Broderick
43,tt0471042,Stephen McKinley Henderson
44,tt0471042,Judd Hirsch
45,tt0471042,Téa Leoni
46,tt0471042,Michael Peña
47,tt0471042,Gabourey Sidibe
48,tt0472181,Hank Azaria
49,tt0472181,Neil Patrick Harris
50,tt0472181,Jayma Mays
51,tt0472181,Sofía Vergara
52,tt0472181,Tim Gunn
53,tt0472181,Madison McKinley
54,tt0472181,Meg Phillips
55,tt0448694,Antonio Banderas
56,tt0448694,Salma Hayek
57,tt0448694,Zach Galifianakis
58,tt0448694,Billy Bob Thornton
59,tt0448694,Amy Sedaris
60,tt0448694,Constance Marie
61,tt0448694,Guillermo del Toro
62,tt0448694,Mike Mitchell
63,tt0448694,Ryan Crego
64,tt0377981,James McAvoy
65,tt0377981,Emily Blunt
66,tt0377981,Ashley Jensen
67,tt0377981,Michael Caine
68,tt0377981,Matt Lucas
69,tt0377981,Jim Cummings
70,tt0377981,Maggie Smith
71,tt0377981,Jason Statham
72,tt0377981,Ozzy Osbourne
73,tt0377981,Stephen Merchant
74,tt1285241,Shah Rukh Khan
75,tt1285241,Priyanka Chopra Jonas
76,tt1285241,Boman Irani
77,tt1285241,Lara Dutta
78,tt1285241,Kunal Kapoor
79,tt1285241,Om Puri
80,tt1285241,Nawab Shah
81,tt1285241,Alyy Khan
82,tt1285241,Florian Lukas
83,tt1270798,James McAvoy
84,tt1270798,Laurence Belcher
85,tt1270798,Michael Fassbender
86,tt1270798,Bill Milner
87,tt1270798,Kevin Bacon
88,tt1270798,Rose Byrne
89,tt1270798,Jennifer Lawrence
90,tt1270798,Beth Goddard
91,tt1270798,Morgan Lily
92,tt1270798,Oliver Platt
93,tt1253864,Henry Cavill
94,tt1253864,Mickey Rourke
95,tt1253864,Stephen Dorff
96,tt1253864,Freida Pinto
97,tt1253864,Luke Evans
98,tt1253864,John Hurt
99,tt1253864,Joseph Morgan
100,tt1253864,Greg Bryk
101,tt1233301,James Purefoy
102,tt1233301,Brian Cox
103,tt1233301,Kate Mara
104,tt1233301,Derek Jacobi
105,tt1233301,Paul Giamatti
106,tt1233301,Charles Dance
107,tt1233301,Jason Flemyng
108,tt1233301,Jamie Foreman
109,tt1233301,Mackenzie Crook
110,tt1229238,Tom Cruise
111,tt1229238,Paula Patton
112,tt1229238,Simon Pegg
113,tt1229238,Jeremy Renner
114,tt1229238,Michael Nyqvist
115,tt1229238,Vladimir Mashkov
116,tt1229238,Samuli Edelmann
117,tt1229238,Ivan Shvedoff
118,tt1229238,Anil Kapoor
119,tt1229238,Léa Seydoux
120,tt1071875,Nicolas Cage
121,tt1071875,Violante Placido
122,tt1071875,Ciarán Hinds
123,tt1071875,Idris Elba
124,tt1071875,Johnny Whitworth
125,tt1071875,Spencer Wilding
126,tt1071875,Jacek Koman
127,tt1071875,Anthony Head
128,tt1034389,Channing Tatum
129,tt1034389,Denis O'Hare
130,tt1034389,Paul Ritter
131,tt1034389,Zsolt László
132,tt1034389,Julian Lewis Jones
133,tt1034389,Aladár Laklóth
134,tt1034389,Marcell Miklós
135,tt0978764,Emily Browning
136,tt0978764,Abbie Cornish
137,tt0978764,Jena Malone
138,tt0978764,Vanessa Hudgens
139,tt0978764,Jamie Chung
140,tt0978764,Carla Gugino
141,tt0978764,Oscar Isaac
142,tt0978764,Jon Hamm
143,tt0978764,Scott Glenn
144,tt0978764,Richard Cetrone
145,tt0873886,Michael Angarano
146,tt0873886,Deborah Aquila
147,tt0873886,Nicholas Braun
148,tt0873886,Ronnie Connell
149,tt0873886,Kaylee DeFer
150,tt0873886,Joey Figueroa
151,tt0873886,Kyle Gallner
152,tt0873886,Anna Gunn
153,tt0873886,Matt Jones
154,tt0873886,John Lacy
155,tt0822847,Paul Bettany
156,tt0822847,Karl Urban
157,tt0822847,Cam Gigandet
158,tt0822847,Maggie Q
159,tt0822847,Lily Collins
160,tt0822847,Brad Dourif
161,tt0822847,Stephen Moyer
162,tt0822847,Christopher Plummer
163,tt0822847,Alan Dale
164,tt0822847,Mädchen Amick
165,tt0816462,Jason Momoa
166,tt0816462,Stephen Lang
167,tt0816462,Rachel Nichols
168,tt0816462,Ron Perlman
169,tt0816462,Rose McGowan
170,tt0816462,Bob Sapp
171,tt0816462,Leo Howard
172,tt0816462,Steven O'Donnell
173,tt0816462,Nonso Anozie
174,tt0800369,Chris Hemsworth
175,tt0800369,Natalie Portman
176,tt0800369,Tom Hiddleston
177,tt0800369,Anthony Hopkins
178,tt0800369,Stellan Skarsgård
179,tt0800369,Kat Dennings
180,tt0800369,Clark Gregg
181,tt0800369,Colm Feore
182,tt0800369,Idris Elba
183,tt0800369,Ray Stevenson
184,tt0479997,Nicolas Cage
185,tt0479997,Ron Perlman
186,tt0479997,Stephen Campbell Moore
187,tt0479997,Stephen Graham
188,tt0479997,Ulrich Thomsen
189,tt0479997,Claire Foy
190,tt0479997,Robert Sheehan
191,tt0479997,Christopher Lee
192,tt0472399,Jason Statham
193,tt0472399,Ben Foster
194,tt0472399,Tony Goldwyn
195,tt0472399,Donald Sutherland
196,tt0472399,Jeff Chase
197,tt0472399,Mini Anden
198,tt0472399,James Logan
199,tt0472399,Eddie J. Fernandez
200,tt0472399,John McConnell
201,tt0458339,Chris Evans
202,tt0458339,Hayley Atwell
203,tt0458339,Sebastian Stan
204,tt0458339,Tommy Lee Jones
205,tt0458339,Hugo Weaving
206,tt0458339,Dominic Cooper
207,tt0458339,Richard Armitage
208,tt0458339,Stanley Tucci
209,tt0458339,Samuel L. Jackson
210,tt0458339,Toby Jones
211,tt0409847,Daniel Craig
212,tt0409847,Abigail Spencer
213,tt0409847,Buck Taylor
214,tt0409847,Matthew Taylor
215,tt0409847,Cooper Taylor
216,tt0409847,Clancy Brown
217,tt0409847,Paul Dano
218,tt0409847,Chris Browning
219,tt0409847,Adam Beach
220,tt0409847,Sam Rockwell
221,tt0997152,Adrien Brody
222,tt0997152,Forest Whitaker
223,tt0997152,Cam Gigandet
224,tt0997152,Clifton Collins Jr.
225,tt0997152,Fisher Stevens
226,tt0997152,Travis Fimmel
227,tt0997152,David Banner
228,tt0997152,Jason Lew
229,tt0997152,Damien Leake
230,tt0984210,Timothy Hutton
231,tt0984210,Mira Sorvino
232,tt0984210,Dana Delany
233,tt0984210,Mario Van Peebles
234,tt0984210,India Ennenga
235,tt0984210,Laila Robins
236,tt0984210,Stockard Channing
237,tt0984210,Nadia Dassouki
238,tt0984210,Chris Sarandon
239,tt0984210,Joan Jett
240,tt0977855,Naomi Watts
241,tt0977855,Sonya Davison
242,tt0977855,Vanessa Chong
243,tt0977855,Anand Tiwari
244,tt0977855,Sean Penn
245,tt0977855,Ty Burrell
246,tt0977855,Jessica Hecht
247,tt0977855,Norbert Leo Butz
248,tt0977855,Rebecca Rigg
249,tt0970926,Steve Buscemi
250,tt0970926,Holland Taylor
251,tt0970926,Rob Schneider
252,tt0970926,Samantha Smith
253,tt0970926,Peter Riegert
254,tt0970926,Marcus Giamatti
255,tt0970926,George Dzundza
256,tt0970926,Jack McGee
257,tt0970926,Brandon Molale
258,tt0968264,James McAvoy
259,tt0968264,Robin Wright
260,tt0968264,Kevin Kline
261,tt0968264,Evan Rachel Wood
262,tt0968264,Tom Wilkinson
263,tt0968264,Justin Long
264,tt0968264,Danny Huston
265,tt0968264,James Badge Dale
266,tt0968264,Colm Meaney
267,tt0968264,Alexis Bledel
268,tt0964517,Mark Wahlberg
269,tt0964517,Christian Bale
270,tt0964517,Amy Adams
271,tt0964517,Melissa Leo
272,tt0964517,Jack McGee
273,tt0964517,Melissa McMeekin
274,tt0964517,Bianca Hunter
275,tt0964517,Erica McDermott
276,tt0964517,Jill Quigg
277,tt2363363,Ken Duken
278,tt2363363,Dagny Dewath
279,tt2363363,Matthias Koeberlin
280,tt2363363,Stipe Erceg
281,tt2363363,Thomas Thieme
282,tt2363363,Vinzenz Kiefer
283,tt2363363,David Steffen
284,tt2363363,Melanie Blocksdorf
285,tt0954947,Casey Affleck
286,tt0954947,Kate Hudson
287,tt0954947,Jessica Alba
288,tt0954947,Ned Beatty
289,tt0954947,Elias Koteas
290,tt0954947,Tom Bower
291,tt0954947,Simon Baker
292,tt0954947,Bill Pullman
293,tt0954947,Brent Briscoe
294,tt0954947,Matthew Maher
295,tt0947798,Natalie Portman
296,tt0947798,Mila Kunis
297,tt0947798,Vincent Cassel
298,tt0947798,Barbara Hershey
299,tt0947798,Winona Ryder
300,tt0947798,Benjamin Millepied
301,tt0947798,Ksenia Solo
302,tt0947798,Kristina Anapau
303,tt0947798,Janet Montgomery
304,tt0947798,Sebastian Stan
0,tt1464590,Michael Ciriaco
1,tt1464590,Brea Grant
2,tt1464590,Hollis McLachlan
3,tt1464590,David N. Donihue
4,tt1464590,Ellyse Deanna
5,tt1468703,Brendan Michael Coughlin
6,tt1468703,Patrick Scott Lewis
7,tt1468703,Katie Lowes
8,tt1468703,Bill Rampley
9,tt1468703,Mary Alexandra Stiefvater
10,tt1470023,Will Forte
11,tt1470023,Kristen Wiig
12,tt1470023,Ryan Phillippe
13,tt1470023,Val Kilmer
14,tt1470023,Powers Boothe
15,tt1470023,Maya Rudolph
16,tt1470023,Rhys Coiro
17,tt1470023,Andy Mackenzie
18,tt1470023,Jasper Cole
19,tt1470023,Timothy V. Murphy
20,tt1479398,Lou Diamond Phillips
21,tt1479398,Estella Warren
22,tt1479398,Deborah Kara Unger
23,tt1479398,Jordana Largy
24,tt1479398,Kendall Cross
25,tt1479398,Michael Kopsa
26,tt1479398,Emma Lahana
27,tt1514054,Michael Jacques
28,tt1514054,Neil Bernard
29,tt1336619,Larry Laverty
30,tt1336619,Crystal Lewis
31,tt1320296,Kedar Williams-Stirling
32,tt1320296,Adam Deacon
33,tt1320296,Ashley Thomas
34,tt1320296,Michael Socha
35,tt1320296,Kaya Scodelario
36,tt1320296,Jennie Jacques
37,tt1320296,Jerome Holder
38,tt1320296,Colin Salmon
39,tt0800054,Ron Palillo
40,tt0800054,James E. Foley
41,tt0800054,Keston John
42,tt1001526,Will Ferrell
43,tt1001526,Brad Pitt
44,tt1001526,Tina Fey
45,tt1001526,Jonah Hill
46,tt1001526,David Cross
47,tt1001526,Ben Stiller
48,tt1001526,Justin Theroux
49,tt1001526,Tom McGrath
50,tt0429493,Liam Neeson
51,tt0429493,Bradley Cooper
52,tt0429493,Jessica Biel
53,tt0429493,Quinton 'Rampage' Jackson
54,tt0429493,Sharlto Copley
55,tt0429493,Patrick Wilson
56,tt0429493,Gerald McRaney
57,tt0429493,Henry Czerny
58,tt0429493,Yul Vazquez
59,tt0429493,Brian Bloom
60,tt0473075,Jake Gyllenhaal
61,tt0473075,Gemma Arterton
62,tt0473075,Ben Kingsley
63,tt0473075,Alfred Molina
64,tt0473075,Steve Toussaint
65,tt0473075,Toby Kebbell
66,tt0473075,Richard Coyle
67,tt0473075,Ronald Pickup
68,tt0473075,Reece Ritchie
69,tt0473075,Gísli Örn Garðarsson
70,tt0477080,Denzel Washington
71,tt0477080,Chris Pine
72,tt0477080,Rosario Dawson
73,tt0477080,Ethan Suplee
74,tt0477080,Kevin Dunn
75,tt0477080,Kevin Corrigan
76,tt0477080,Kevin Chapman
77,tt0477080,Lew Temple
78,tt0477080,T.J. Miller
79,tt0477080,Jessy Schram
80,tt0480255,Jeffrey Dean Morgan
81,tt0480255,Zoe Saldana
82,tt0480255,Chris Evans
83,tt0480255,Idris Elba
84,tt0480255,Columbus Short
85,tt0480255,Óscar Jaenada
86,tt0480255,Jason Patric
87,tt0480255,Holt McCallany
88,tt0480255,Peter Macdissi
89,tt0480255,Peter Francis James
90,tt0800320,Sam Worthington
91,tt0800320,Liam Neeson
92,tt0800320,Ralph Fiennes
93,tt0800320,Jason Flemyng
94,tt0800320,Gemma Arterton
95,tt0800320,Alexa Davalos
96,tt0800320,Tine Stapelfeldt
97,tt0800320,Mads Mikkelsen
98,tt0800320,Luke Evans
99,tt0800320,Izabella Miko
100,tt0914823,Jeremy London
101,tt0914823,Bret Roberts
102,tt0914823,Sally Kirkland
103,tt0914823,Heather Marie Marsden
104,tt0914823,Matthew Currie Holmes
105,tt0914823,Elizabeth Sung
106,tt0914823,Art Evans
107,tt0938283,Noah Ringer
108,tt0938283,Dev Patel
109,tt0938283,Nicola Peltz Beckham
110,tt0938283,Jackson Rathbone
111,tt0938283,Shaun Toub
112,tt0938283,Aasif Mandvi
113,tt0938283,Cliff Curtis
114,tt0938283,Seychelle Gabriel
115,tt0938283,Katharine Houghton
116,tt0938283,Francis Guinan
117,tt0944835,Angelina Jolie
118,tt0944835,Liev Schreiber
119,tt0944835,Chiwetel Ejiofor
120,tt0944835,Daniel Olbrychski
121,tt0944835,August Diehl
122,tt0944835,Hunt Block
123,tt0944835,Andre Braugher
124,tt0944835,Olek Krupa
125,tt0944835,Cassidy Hinkle
126,tt0963966,Nicolas Cage
127,tt0963966,Jay Baruchel
128,tt0963966,Alfred Molina
129,tt0963966,Teresa Palmer
130,tt0963966,Toby Kebbell
131,tt0963966,Omar Benson Miller
132,tt0963966,Monica Bellucci
133,tt0963966,Alice Krige
134,tt0963966,Jake Cherry
135,tt0963966,James A. Stephens
136,tt1032751,Jang Dong-gun
137,tt1032751,Kate Bosworth
138,tt1032751,Geoffrey Rush
139,tt1032751,Danny Huston
140,tt1032751,Tony Cox
141,tt1032751,Lung Ti
142,tt1032751,Rod Lousich
143,tt1032751,Matt Gillanders
144,tt1037705,Denzel Washington
145,tt1037705,Gary Oldman
146,tt1037705,Mila Kunis
147,tt1037705,Ray Stevenson
148,tt1037705,Jennifer Beals
149,tt1037705,Evan Jones
150,tt1037705,Joe Pingue
151,tt1037705,Frances de la Tour
152,tt1037705,Michael Gambon
153,tt1037705,Tom Waits
154,tt1038686,Paul Bettany
155,tt1038686,Lucas Black
156,tt1038686,Tyrese Gibson
157,tt1038686,Adrianne Palicki
158,tt1038686,Charles S. Dutton
159,tt1038686,Jon Tenney
160,tt1038686,Kevin Durand
161,tt1038686,Willa Holland
162,tt1038686,Kate Walsh
163,tt1038686,Dennis Quaid
164,tt1053424,Jude Law
165,tt1053424,Forest Whitaker
166,tt1053424,Alice Braga
167,tt1053424,Liev Schreiber
168,tt1053424,Carice van Houten
169,tt1053424,Chandler Canterbury
170,tt1053424,Joe Pingue
171,tt1053424,Liza Lapira
172,tt1053424,Tiffany Espensen
173,tt1053424,Yvette Nicole Brown
174,tt1075747,Josh Brolin
175,tt1075747,John Malkovich
176,tt1075747,Megan Fox
177,tt1075747,Michael Fassbender
178,tt1075747,Will Arnett
179,tt1075747,John Gallagher Jr.
180,tt1075747,Tom Wopat
181,tt1075747,Michael Shannon
182,tt1075747,Wes Bentley
183,tt1075747,Julia Jones
184,tt0493949,Joey King
185,tt0493949,Selena Gomez
186,tt0493949,John Corbett
187,tt0493949,Bridget Moynahan
188,tt0493949,Ginnifer Goodwin
189,tt0493949,Josh Duhamel
190,tt0493949,Jason Spevack
191,tt0493949,Sierra McCormick
192,tt0493949,Sandra Oh
193,tt0493949,Kate Zenna
194,tt0758752,Jake Gyllenhaal
195,tt0758752,Anne Hathaway
196,tt0758752,Oliver Platt
197,tt0758752,Hank Azaria
198,tt0758752,Josh Gad
199,tt0758752,Gabriel Macht
200,tt0758752,Judy Greer
201,tt0758752,George Segal
202,tt0758752,Jill Clayburgh
203,tt0758752,Kate Jennings Grant
204,tt0775543,Anthony Mackie
205,tt0775543,Kerry Washington
206,tt0775543,Ron Simons
207,tt0775543,Tariq Trotter
208,tt0780653,Simon Merrells
209,tt0780653,Gemma Whelan
210,tt0780653,Emily Blunt
211,tt0780653,Benicio Del Toro
212,tt0780653,Mario Marin-Borquez
213,tt0780653,Asa Butterfield
214,tt0780653,Anthony Hopkins
215,tt0780653,Art Malik
216,tt0798817,Sam Riley
217,tt0798817,Alice Barrett
218,tt0798817,Gaby Hoffmann
219,tt0798817,Jason Statham
220,tt0798817,Mickey Rourke
221,tt0798817,Emmanuelle Chriqui
222,tt0798817,Michael Berry Jr.
223,tt0817177,Madeline Carroll
224,tt0817177,Callan McAuliffe
225,tt0817177,Rebecca De Mornay
226,tt0817177,Anthony Edwards
227,tt0817177,John Mahoney
228,tt0817177,Penelope Ann Miller
229,tt0817177,Aidan Quinn
230,tt0817177,Kevin Weisman
231,tt0817177,Morgan Lily
232,tt0817177,Ryan Ketzner
233,tt0842926,Julianne Moore
234,tt0842926,Annette Bening
235,tt0842926,Mark Ruffalo
236,tt0842926,Mia Wasikowska
237,tt0842926,Josh Hutcherson
238,tt0842926,Yaya DaCosta
239,tt0842926,Kunal Sharma
240,tt0842926,Eddie Hassell
241,tt0842926,Zosia Mamet
242,tt0842926,Joaquín Garrido
243,tt0840361,Ben Affleck
244,tt0840361,Rebecca Hall
245,tt0840361,Jon Hamm
246,tt0840361,Jeremy Renner
247,tt0840361,Blake Lively
248,tt0840361,George Carroll
249,tt0840361,Owen Burke
250,tt0840361,Titus Welliver
251,tt0840361,Pete Postlethwaite
252,tt0840361,Chris Cooper
253,tt0889573,Jason Bateman
254,tt0889573,Jennifer Aniston
255,tt0889573,Jeff Goldblum
256,tt0889573,Juliette Lewis
257,tt0889573,Todd Louiso
258,tt0889573,Scott Elrod
259,tt0889573,Patrick Wilson
260,tt0889573,Rebecca Naomi Jones
261,tt0889573,Kelli Barrett
262,tt0892318,Amanda Seyfried
263,tt0892318,Marcia DeBonis
264,tt0892318,Gael García Bernal
265,tt0892318,Luisa Ranieri
266,tt0892318,Marina Massironi
267,tt0892318,Lidia Biondi
268,tt0896872,Rachel Weisz
269,tt0896872,Vanessa Redgrave
270,tt0896872,Monica Bellucci
271,tt0896872,David Strathairn
272,tt0896872,Nikolaj Lie Kaas
273,tt0896872,Roxana Condurache
274,tt0896872,Paula Schramm
275,tt0896872,Alexandru Potocean
276,tt0896872,William Hope
277,tt0902247,Ron Perlman
278,tt0902247,Leelee Sobieski
279,tt0902247,Jim Hanks
280,tt0902247,Lorin McCraley
281,tt0902247,Matthew Yang King
282,tt0902247,Sam Hargrave
283,tt0902247,Garrett Wang
284,tt0902247,Dean Cochran
285,tt11866324,Amber Midthunder
286,tt11866324,Dane DiLiegro
287,tt11866324,Stormee Kipp
288,tt11866324,Michelle Thrush
289,tt11866324,Julian Black Antelope
290,tt11866324,Stefany Mathias
291,tt11866324,Nelson Leis
292,tt0935075,Nicole Kidman
293,tt0935075,Aaron Eckhart
294,tt0935075,Dianne Wiest
295,tt0935075,Miles Teller
296,tt0935075,Tammy Blanchard
297,tt0935075,Sandra Oh
298,tt0935075,Giancarlo Esposito
299,tt0935075,Jon Tenney
300,tt0935075,Stephen Mailer
301,tt0935075,Mike Doyle
302,tt0947798,Natalie Portman
303,tt0947798,Mila Kunis
304,tt0947798,Vincent Cassel
305,tt0947798,Barbara Hershey
306,tt0947798,Winona Ryder
307,tt0947798,Benjamin Millepied
308,tt0947798,Ksenia Solo
309,tt0947798,Kristina Anapau
310,tt0947798,Janet Montgomery
311,tt0947798,Sebastian Stan
312,tt0954947,Casey Affleck
313,tt0954947,Kate Hudson
314,tt0954947,Jessica Alba
315,tt0954947,Ned Beatty
316,tt0954947,Elias Koteas
317,tt0954947,Tom Bower
318,tt0954947,Simon Baker
319,tt0954947,Bill Pullman
320,tt0954947,Brent Briscoe
321,tt0954947,Matthew Maher
322,tt2363363,Ken Duken
323,tt2363363,Dagny Dewath
324,tt2363363,Matthias Koeberlin
325,tt2363363,Stipe Erceg
326,tt2363363,Thomas Thieme
327,tt2363363,Vinzenz Kiefer
328,tt2363363,David Steffen
329,tt2363363,Melanie Blocksdorf
330,tt0964517,Mark Wahlberg
331,tt0964517,Christian Bale
332,tt0964517,Amy Adams
333,tt0964517,Melissa Leo
334,tt0964517,Jack McGee
335,tt0964517,Melissa McMeekin
336,tt0964517,Bianca Hunter
337,tt0964517,Erica McDermott
338,tt0964517,Jill Quigg
339,tt0968264,James McAvoy
340,tt0968264,Robin Wright
341,tt0968264,Kevin Kline
342,tt0968264,Evan Rachel Wood
343,tt0968264,Tom Wilkinson
344,tt0968264,Justin Long
345,tt0968264,Danny Huston
346,tt0968264,James Badge Dale
347,tt0968264,Colm Meaney
348,tt0968264,Alexis Bledel
349,tt0970926,Steve Buscemi
350,tt0970926,Holland Taylor
351,tt0970926,Rob Schneider
352,tt0970926,Samantha Smith
353,tt0970926,Peter Riegert
354,tt0970926,Marcus Giamatti
355,tt0970926,George Dzundza
356,tt0970926,Jack McGee
357,tt0970926,Brandon Molale
358,tt0458339,Chris Evans
359,tt0458339,Hayley Atwell
360,tt0458339,Sebastian Stan
361,tt0458339,Tommy Lee Jones
362,tt0458339,Hugo Weaving
363,tt0458339,Dominic Cooper
364,tt0458339,Richard Armitage
365,tt0458339,Stanley Tucci
366,tt0458339,Samuel L. Jackson
367,tt0458339,Toby Jones
368,tt0472399,Jason Statham
369,tt0472399,Ben Foster
370,tt0472399,Tony Goldwyn
371,tt0472399,Donald Sutherland
372,tt0472399,Jeff Chase
0,tt10373344,James Purefoy
1,tt10373344,Dave Johns
2,tt10373344,Peter Hicks
3,tt10373344,Rory Wilton
4,tt10373344,Libby Walker
5,tt10535522,William Mapother
6,tt10535522,David Arquette
7,tt10535522,Amy Smart
8,tt10535522,Frances Fisher
9,tt10535522,Mariel Hemingway
10,tt10535522,Irene Bedard
11,tt10545696,Gérard Depardieu
12,tt10545696,Mélanie Bernier
13,tt10545696,Aurore Clément
14,tt10545696,Elizabeth Bourgine
15,tt10640346,J.C. Currais
16,tt10640346,Diego Calva
17,tt10640346,Jimmy Ortega
18,tt10640346,Shane Powers
19,tt10640346,Phoebe Tonkin
20,tt10640346,Troy Metcalf
21,tt10640346,Jovan Adepo
22,tt10640346,Telvin Griffin
23,tt10684644,Kevin Bacon
24,tt10684644,Colman Domingo
25,tt10684644,Laura Innes
26,tt10684644,Audrey Wasilewski
27,tt10684644,Malcolm Gets
28,tt10684644,Arlene Santana
29,tt10684644,Serene Branson
30,tt10684644,John Burke
31,tt10687220,Abhimanyu Dasani
32,tt10687220,Shilpa Shetty Kundra
33,tt10687220,Shirley Setia
34,tt10687220,Samir Soni
35,tt10687220,Abhimanyu Singh
36,tt10737918,Takumi Saitô
37,tt10737918,Masami Nagasawa
38,tt10737918,Hidetoshi Nishijima
39,tt10737918,Daiki Arioka
40,tt10737918,Ryô Iwamatsu
41,tt10789216,Tamara Taylor
42,tt10789216,Reece Noi
43,tt10789216,Fred Melamed
44,tt10789216,Jon Lindstrom
45,tt10789216,Susan Sullivan
46,tt10789216,Paulina Leija
47,tt10789216,Madeline Zima
48,tt10789216,Casey Adams
49,tt10811166,Mithun Chakraborty
50,tt10811166,Anupam Kher
51,tt10811166,Darshan Kumaar
52,tt10811166,Pallavi Joshi
53,tt10811166,Chinmay Mandlekar
54,tt10811166,Prakash Belawadi
55,tt10811166,Puneet Issar
56,tt10811166,Bhasha Sumbli
57,tt10811166,Mrinal Kulkarni
58,tt10931784,Anna Diop
59,tt10931784,Michelle Monaghan
60,tt10931784,Sinqua Walls
61,tt10931784,Morgan Spector
62,tt10931784,Leslie Uggams
63,tt10931784,Jahleel Kamara
64,tt10949122,Fahd Larhzaoui
65,tt10949122,Lubna Azabal
66,tt10949122,Slimane Dazi
67,tt10949122,Yahya Gaier
68,tt10949122,Emmanuel Ohene Boafo
69,tt10949122,Nasrdin Dchar
70,tt10949122,Walid Benmbarek
71,tt11013696,Katsiaryna Shulha
72,tt11013696,George Blagden
73,tt11013696,Edoardo Pesce
74,tt11013696,Paolo Calabresi
75,tt11013696,Carla Signoris
76,tt11013696,Marina Rocco
77,tt11013696,Kevin Guthrie
78,tt11013696,Stefano Fresi
79,tt11018264,Simon Baker
80,tt11018264,Morgan Davies
81,tt11018264,Josh Lawson
82,tt11018264,Yael Stone
83,tt11018264,Heather Mitchell
84,tt11018264,Remy Hii
85,tt11018264,John Waters
86,tt11018264,Julia Savage
87,tt11018264,Will McDonald
88,tt11018264,Rebecca Massey
89,tt11112808,Ranveer Singh
90,tt11112808,Varun Sharma
91,tt11112808,Pooja Hegde
92,tt11112808,Jacqueline Fernandez
93,tt11112808,Sanjay Mishra
94,tt11112808,Johny Lever
95,tt11112808,Anil Charanjeett
96,tt11112808,Mukesh Tiwari
97,tt11112808,Vrajesh Hirjee
98,tt11112808,Murli Sharma
99,tt11278608,Justin Chatwin
100,tt11278608,Malcolm McDowell
101,tt11278608,Terrence Howard
102,tt11278608,Jeremy Piven
103,tt11278608,Katie Douglas
104,tt11278608,Sally Kirkland
105,tt11278608,Lovie Simone
106,tt11278608,William Mark McCullough
107,tt11278608,Bill Dawes
108,tt11278608,Jay Huguley
109,tt11364112,Gracie Marie Bradley
110,tt11364112,Aleyse Shannon
111,tt11364112,Niecy Nash
112,tt11364112,Giancarlo Esposito
113,tt11364112,Micheal Ward
114,tt11364112,Sharon Stone
115,tt11364112,James Urbaniak
116,tt11364112,Andre Ozim
117,tt11939970,Miranda Nieman
118,tt11939970,Scott Hale
119,tt11939970,Kameron Hale
120,tt8005118,Jacob Latimore
121,tt8005118,Tosin Cole
122,tt8005118,Karen Obilom
123,tt8005118,D.C. Young Fly
124,tt8005118,Melvin Gregg
125,tt8005118,Allen Maldonado
126,tt8005118,Rotimi
127,tt8005118,Kid Cudi
128,tt8005118,Mya
129,tt11319074,Antoni Królikowski
130,tt11319074,Maciej Stuhr
131,tt11319074,Katarzyna Zawadzka
132,tt11319074,Andrzej Grabowski
133,tt11319074,Malgorzata Kozuchowska
134,tt11319074,Piotr Stramowski
135,tt11319074,Kamil Grosicki
136,tt11319074,Zbigniew Zamachowski
137,tt14160834,Colman Domingo
138,tt14160834,Aml Ameen
139,tt14160834,Glynn Turman
140,tt14160834,Chris Rock
141,tt14160834,Johnny Ramey
142,tt14160834,CCH Pounder
143,tt14160834,Michael Potts
144,tt14160834,Audra McDonald
145,tt14160834,Jeffrey Wright
146,tt14223946,Tomas Samir
147,tt14472156,Owen Wilson
148,tt14472156,Sonia Darmei Lopes
149,tt14472156,Lusia Strus
150,tt14472156,Wendi McLendon-Covey
151,tt14472156,Stephen Root
152,tt15021154,Ashraf Barhom
153,tt15021154,Jwan Alqatami
154,tt15021154,Olle Wirenhed
155,tt15021154,Antonis Tsiotsiopoulos
156,tt15021154,Andreas Zikoulis
157,tt15673502,Denizhan Akbaba
158,tt15673502,Baris Kiralioglu
159,tt21065476,Tom Sizemore
160,tt21065476,Robert LaSardo
161,tt23461428,Rajinikanth
162,tt23461428,Vishnu Vishal
163,tt23461428,K.S. Ravikumar
164,tt23461428,Dhanya Balakrishna
165,tt23461428,Kapil Dev
166,tt23461428,Nirosha
167,tt23461428,Thambi Ramaiah
