tt0990407,Seth Rogen
tt0990407,Jay Chou
tt0990407,Cameron Diaz
tt0990407,Tom Wilkinson
tt0990407,Christoph Waltz
tt0990407,David Harbour
tt0990407,Edward James Olmos
tt0990407,Jamie Harris
tt0990407,Chad L. Coleman
tt0990407,Edward Furlong
tt0810913,Adam Sandler
tt0810913,Al Pacino
tt0810913,Katie Holmes
tt0810913,Eugenio Derbez
tt0810913,David Spade
tt0810913,Nick Swardson
tt0810913,Tim Meadows
tt0810913,Allen Covert
tt0770703,Anna Faris
tt0770703,Chris Evans
tt0770703,Ari Graynor
tt0770703,Blythe Danner
tt0770703,Ed Begley Jr.
tt0770703,Oliver Jackson-Cohen
tt0770703,Heather Burns
tt0770703,Eliza Coupe
tt0770703,Kate Simses
tt0770703,Tika Sumpter
tt0480687,Owen Wilson
tt0480687,Jason Sudeikis
tt0480687,Jenna Fischer
tt0480687,Christina Applegate
tt0480687,Nicky Whelan
tt0480687,Richard Jenkins
tt0480687,Stephen Merchant
tt0480687,Larry Joe Campbell
tt0480687,Bruce Thomas
tt0480687,Tyler Hoechlin
tt0471042,Ben Stiller
tt0471042,Eddie Murphy
tt0471042,Casey Affleck
tt0471042,Alan Alda
tt0471042,Matthew Broderick
tt0471042,Stephen McKinley Henderson
tt0471042,Judd Hirsch
tt0471042,Téa Leoni
tt0471042,Michael Peña
tt0471042,Gabourey Sidibe
tt0472181,Hank Azaria
tt0472181,Neil Patrick Harris
tt0472181,Jayma Mays
tt0472181,Sofía Vergara
tt0472181,Tim Gunn
tt0472181,Madison McKinley
tt0472181,Meg Phillips
tt0448694,Antonio Banderas
tt0448694,Salma Hayek
tt0448694,Zach Galifianakis
tt0448694,Billy Bob Thornton
tt0448694,Amy Sedaris
tt0448694,Constance Marie
tt0448694,Guillermo del Toro
tt0448694,Mike Mitchell
tt0448694,Ryan Crego
tt0377981,James McAvoy
tt0377981,Emily Blunt
tt0377981,Ashley Jensen
tt0377981,Michael Caine
tt0377981,Matt Lucas
tt0377981,Jim Cummings
tt0377981,Maggie Smith
tt0377981,Jason Statham
tt0377981,Ozzy Osbourne
tt0377981,Stephen Merchant
tt1285241,Shah Rukh Khan
tt1285241,Priyanka Chopra Jonas
tt1285241,Boman Irani
tt1285241,Lara Dutta
tt1285241,Kunal Kapoor
tt1285241,Om Puri
tt1285241,Nawab Shah
tt1285241,Alyy Khan
tt1285241,Florian Lukas
tt1270798,James McAvoy
tt1270798,Laurence Belcher
tt1270798,Michael Fassbender
tt1270798,Bill Milner
tt1270798,Kevin Bacon
tt1270798,Rose Byrne
tt1270798,Jennifer Lawrence
tt1270798,Beth Goddard
tt1270798,Morgan Lily
tt1270798,Oliver Platt
tt1253864,Henry Cavill
tt1253864,Mickey Rourke
tt1253864,Stephen Dorff
tt1253864,Freida Pinto
tt1253864,Luke Evans
tt1253864,John Hurt
tt1253864,Joseph Morgan
tt1253864,Greg Bryk
tt1233301,James Purefoy
tt1233301,Brian Cox
tt1233301,Kate Mara
tt1233301,Derek Jacobi
tt1233301,Paul Giamatti
tt1233301,Charles Dance
tt1233301,Jason Flemyng
tt1233301,Jamie Foreman
tt1233301,Mackenzie Crook
tt1229238,Tom Cruise
tt1229238,Paula Patton
tt1229238,Simon Pegg
tt1229238,Jeremy Renner
tt1229238,Michael Nyqvist
tt1229238,Vladimir Mashkov
tt1229238,Samuli Edelmann
tt1229238,Ivan Shvedoff
tt1229238,Anil Kapoor
tt1229238,Léa Seydoux
tt1071875,Nicolas Cage
tt1071875,Violante Placido
tt1071875,Ciarán Hinds
tt1071875,Idris Elba
tt1071875,Johnny Whitworth
tt1071875,Spencer Wilding
tt1071875,Jacek Koman
tt1071875,Anthony Head
tt1034389,Channing Tatum
tt1034389,Denis O'Hare
tt1034389,Paul Ritter
tt1034389,Zsolt László
tt1034389,Julian Lewis Jones
tt1034389,Aladár Laklóth
tt1034389,Marcell Miklós
tt0978764,Emily Browning
tt0978764,Abbie Cornish
tt0978764,Jena Malone
tt0978764,Vanessa Hudgens
tt0978764,Jamie Chung
tt0978764,Carla Gugino
tt0978764,Oscar Isaac
tt0978764,Jon Hamm
tt0978764,Scott Glenn
tt0978764,Richard Cetrone
tt0873886,Michael Angarano
tt0873886,Deborah Aquila
tt0873886,Nicholas Braun
tt0873886,Ronnie Connell
tt0873886,Kaylee DeFer
tt0873886,Joey Figueroa
tt0873886,Kyle Gallner
tt0873886,Anna Gunn
tt0873886,Matt Jones
tt0873886,John Lacy
tt0822847,Paul Bettany
tt0822847,Karl Urban
tt0822847,Cam Gigandet
tt0822847,Maggie Q
tt0822847,Lily Collins
tt0822847,Brad Dourif
tt0822847,Stephen Moyer
tt0822847,Christopher Plummer
tt0822847,Alan Dale
tt0822847,Mädchen Amick
tt0816462,Jason Momoa
tt0816462,Stephen Lang
tt0816462,Rachel Nichols
tt0816462,Ron Perlman
tt0816462,Rose McGowan
tt0816462,Bob Sapp
tt0816462,Leo Howard
tt0816462,Steven O'Donnell
tt0816462,Nonso Anozie
tt0800369,Chris Hemsworth
tt0800369,Natalie Portman
tt0800369,Tom Hiddleston
tt0800369,Anthony Hopkins
tt0800369,Stellan Skarsgård
tt0800369,Kat Dennings
tt0800369,Clark Gregg
tt0800369,Colm Feore
tt0800369,Idris Elba
tt0800369,Ray Stevenson
tt0479997,Nicolas Cage
tt0479997,Ron Perlman
tt0479997,Stephen Campbell Moore
tt0479997,Stephen Graham
tt0479997,Ulrich Thomsen
tt0479997,Claire Foy
tt0479997,Robert Sheehan
tt0479997,Christopher Lee
tt0472399,Jason Statham
tt0472399,Ben Foster
tt0472399,Tony Goldwyn
tt0472399,Donald Sutherland
tt0472399,Jeff Chase
tt0472399,Mini Anden
tt0472399,James Logan
tt0472399,Eddie J. Fernandez
tt0472399,John McConnell
tt0458339,Chris Evans
tt0458339,Hayley Atwell
tt0458339,Sebastian Stan
tt0458339,Tommy Lee Jones
tt0458339,Hugo Weaving
tt0458339,Dominic Cooper
tt0458339,Richard Armitage
tt0458339,Stanley Tucci
tt0458339,Samuel L. Jackson
tt0458339,Toby Jones
tt0409847,Daniel Craig
tt0409847,Abigail Spencer
tt0409847,Buck Taylor
tt0409847,Matthew Taylor
tt0409847,Cooper Taylor
tt0409847,Clancy Brown
tt0409847,Paul Dano
tt0409847,Chris Browning
tt0409847,Adam Beach
tt0409847,Sam Rockwell
tt0997152,Adrien Brody
tt0997152,Forest Whitaker
tt0997152,Cam Gigandet
tt0997152,Clifton Collins Jr.
tt0997152,Fisher Stevens
tt0997152,Travis Fimmel
tt0997152,David Banner
tt0997152,Jason Lew
tt0997152,Damien Leake
tt0984210,Timothy Hutton
tt0984210,Mira Sorvino
tt0984210,Dana Delany
tt0984210,Mario Van Peebles
tt0984210,India Ennenga
tt0984210,Laila Robins
tt0984210,Stockard Channing
tt0984210,Nadia Dassouki
tt0984210,Chris Sarandon
tt0984210,Joan Jett
tt0977855,Naomi Watts
tt0977855,Sonya Davison
tt0977855,Vanessa Chong
tt0977855,Anand Tiwari
tt0977855,Sean Penn
tt0977855,Ty Burrell
tt0977855,Jessica Hecht
tt0977855,Norbert Leo Butz
tt0977855,Rebecca Rigg
tt0970926,Steve Buscemi
tt0970926,Holland Taylor
tt0970926,Rob Schneider
tt0970926,Samantha Smith
tt0970926,Peter Riegert
tt0970926,Marcus Giamatti
tt0970926,George Dzundza
tt0970926,Jack McGee
tt0970926,Brandon Molale
tt0968264,James McAvoy
tt0968264,Robin Wright
tt0968264,Kevin Kline
tt0968264,Evan Rachel Wood
tt0968264,Tom Wilkinson
tt0968264,Justin Long
tt0968264,Danny Huston
tt0968264,James Badge Dale
tt0968264,Colm Meaney
tt0968264,Alexis Bledel
tt0964517,Mark Wahlberg
tt0964517,Christian Bale
tt0964517,Amy Adams
tt0964517,Melissa Leo
tt0964517,Jack McGee
tt0964517,Melissa McMeekin
tt0964517,Bianca Hunter
tt0964517,Erica McDermott
tt0964517,Jill Quigg
tt2363363,Ken Duken
tt2363363,Dagny Dewath
tt2363363,Matthias Koeberlin
tt2363363,Stipe Erceg
tt2363363,Thomas Thieme
tt2363363,Vinzenz Kiefer
tt2363363,David Steffen
tt2363363,Melanie Blocksdorf
tt0954947,Casey Affleck
tt0954947,Kate Hudson
tt0954947,Jessica Alba
tt0954947,Ned Beatty
tt0954947,Elias Koteas
tt0954947,Tom Bower
tt0954947,Simon Baker
tt0954947,Bill Pullman
tt0954947,Brent Briscoe
tt0954947,Matthew Maher
tt0947798,Natalie Portman
tt0947798,Mila Kunis
tt0947798,Vincent Cassel
tt0947798,Barbara Hershey
tt0947798,Winona Ryder
tt0947798,Benjamin Millepied
tt0947798,Ksenia Solo
tt0947798,Kristina Anapau
tt0947798,Janet Montgomery
tt0947798,Sebastian Stan
