,0,1
0,tt1228705,Robert Downey Jr.
1,tt1228705,Gwyneth Paltrow
2,tt1228705,Don Cheadle
3,tt1228705,Scarlett Johansson
4,tt1228705,Sam Rockwell
5,tt1228705,Mickey Rourke
6,tt1228705,Samuel L. Jackson
7,tt1228705,Clark Gregg
8,tt1228705,John Slattery
9,tt1228705,Garry Shandling
10,tt1243957,Johnny Depp
11,tt1243957,Angelina Jolie
12,tt1243957,Paul Bettany
13,tt1243957,Timothy Dalton
14,tt1243957,Steven Berkoff
15,tt1243957,Rufus Sewell
16,tt1243957,Christian De Sica
17,tt1243957,Alessio Boni
18,tt1243957,Daniele Pecci
19,tt1245526,Bruce Willis
20,tt1245526,Mary-Louise Parker
21,tt1245526,Heidi von Palleske
22,tt1245526,Jefferson Brown
23,tt1245526,Karl Urban
24,tt1245526,Chris Owens
25,tt1245526,Rebecca Pidgeon
26,tt1245526,Morgan Freeman
27,tt1245526,Jaqueline Fleming
28,tt1245526,Randy Wade Kelley
29,tt1261862,Dolph Lundgren
30,tt1261862,Stefanie von Pfetten
31,tt1261862,Samantha Ferris
32,tt1261862,David James Lewis
33,tt1261862,Lindsay Maxwell
34,tt1261862,John Tench
35,tt1261862,Bo Svenson
36,tt1261862,Katelyn Mager
37,tt1261862,Monique Ganderton
38,tt1262983,Laura Buckles
39,tt1262983,Tim Simek
40,tt1262983,Ernie Ventry
41,tt1262983,James Markham Hall Jr.
42,tt1270835,Danielle Harris
43,tt1270835,Tony Todd
44,tt1270835,Kane Hodder
45,tt1270835,Parry Shen
46,tt1270835,Tom Holland
47,tt1270835,R.A. Mihailoff
48,tt1270835,AJ Bowen
49,tt1270835,Alexis Kendra
50,tt1270835,Ed Ackerman
51,tt1272018,Aleksandr Baluev
52,tt1272018,Yury Belyayev
53,tt1272018,Bogdan Benyuk
54,tt1272018,Aleksandr Golubev
55,tt1272018,Aleksandr Klyukvin
56,tt1272018,Vladimir Mashkov
57,tt1305797,Rajinikanth
58,tt1305797,Aishwarya Rai Bachchan
59,tt1305797,Danny Denzongpa
60,tt1305797,Santhanam
61,tt1305797,Cochin Hanifa
62,tt1305797,Kalabhavan Mani
63,tt1305797,Devadarshini Chetan
64,tt10009030,Gabrielle Elyse
65,tt10009030,J.J. Nolan
66,tt10009030,Austin Fryberger
67,tt10009030,Nick Gomez
68,tt10009030,Rich Fulcher
69,tt10009030,Ashley Argota Torres
70,tt10009030,Amy Landecker
71,tt10009030,Alex Skinner
72,tt10011336,Tsai Chin
73,tt10011336,Hsiao-Yuan Ha
74,tt10011336,Michael Tow
75,tt10011336,Wai Ching Ho
76,tt10011336,Lyman Chen
77,tt10013072,William Cooper
78,tt10022384,Emma Rigby
79,tt10022384,David Bamber
80,tt0810836,Kelly Macdonald
81,tt0810836,Garrett Hedlund
82,tt0810836,David Wenham
83,tt0810836,Fern Nicholson
84,tt0810836,Aaron Pedersen
85,tt0810836,George Mason
86,tt10300704,Samuthirakani
87,tt10300704,Natarajan Subramaniam
88,tt10300704,Riythvika Panneerselvam
89,tt10300704,Yogi Babu
90,tt10308500,Hirofumi Araki
91,tt15345308,John Early
92,tt15345308,Charles Rogers
93,tt10463692,James Balsamo
94,tt10463692,Ash T
95,tt10463692,Mike Baez
96,tt10463692,Kreskin
97,tt10463692,Brian Wickens
98,tt10463692,John Amplas
99,tt10463692,Al Burke
100,tt10463692,Gary the Retard
101,tt10463692,Bill Weeden
102,tt10580094,Raaj Suriyan
103,tt10054316,Pauly Shore
104,tt10054316,Mike Castle
105,tt10054316,Aimee Teegarden
106,tt10054316,Billy Zane
107,tt10054316,Bobby Lee
108,tt10054316,Punkie Johnson
109,tt10054316,Steve-O
110,tt10054316,Erik Griffin
111,tt10054316,Lou Ferrigno Jr.
112,tt10054316,Charlotte McKinney
113,tt10060772,Sam Harris
114,tt10060772,Todd Schroeder
115,tt10077544,Candela Peña
116,tt10077544,Sergi López
117,tt10077544,Nathalie Poza
118,tt10077544,Ramón Barea
119,tt10077544,Paula Usero
120,tt10077544,Xavo Giménez
121,tt10077544,María Maroto
122,tt10100678,Thomas Ancora
123,tt10100678,Baptiste Sornin
124,tt10100678,Tania Garbarski
125,tt10100678,Sean Dhondt
126,tt10100678,Vincent Londez
127,tt10111180,Chad Brummett
128,tt10111180,Sofia Embid
129,tt10111180,Katy Erin
130,tt10111180,Sabrina Garcia
131,tt10111180,Christina Gopal
132,tt10111180,Jason E. Hill
133,tt10126434,Josh Ruben
134,tt10126434,Aya Cash
135,tt10126434,Chris Redd
136,tt10126434,Rebecca Drysdale
137,tt10126434,Lauren Sick
138,tt10260692,Luke Barnett
139,tt10260692,Tanner Thomason
140,tt10260692,Lance Reddick
141,tt10260692,Jason Alexander
142,tt10260692,Margaret Cho
143,tt10260692,David Koechner
144,tt10260692,Christoph Sanders
145,tt10260692,Carly Craig
146,tt10260692,Richard Riehle
147,tt10260692,Marlon Young
148,tt10280276,Varun Dhawan
149,tt10280276,Sara Ali Khan
150,tt10280276,Paresh Rawal
151,tt10280276,Jaaved Jaaferi
152,tt10280276,Rajpal Naurang Yadav
153,tt10280276,Johny Lever
154,tt10280276,Bharti Achrekar
155,tt10280276,Anil Dhawan
156,tt10280276,Sahil Vaid
157,tt10280276,Shikha Talsania
158,tt10309906,Ayushmann Khurrana
159,tt10309906,Jitendra Kumar
160,tt10309906,Gajraj Rao
161,tt10309906,Neena Gupta
162,tt10309906,Manu Rishi Chadha
163,tt10309906,Sunita Rajwar
164,tt10309906,Maanvi Gagroo
165,tt10309906,Pankhuri Awasthi
166,tt0920462,Alexandra Daddario
167,tt0920462,Takehiro Hira
168,tt0920462,Carice van Houten
169,tt0920462,Misuzu Kanno
170,tt0920462,Kate Easton
171,tt0920462,Mariko Tsutsui
172,tt10023172,Laetitia Dosch
173,tt10023172,Sergei Polunin
174,tt10023172,Caroline Ducey
175,tt10023172,Grégoire Colin
176,tt10023172,Slimane Dazi
177,tt10023172,Dounia Sichov
178,tt10023022,Adrien Brody
179,tt10023022,Glenn Fleshler
180,tt10023022,Richie Merritt
181,tt10023022,Chandler DuPont
182,tt10023022,Mykelti Williamson
183,tt10023022,John Bianco
184,tt10023022,RZA
185,tt10023022,Gerard Cordero
186,tt10023022,Alex Corrado
187,tt10032266,Alena Yiv
188,tt10032266,Shira Haas
189,tt10039524,Andrea Riseborough
190,tt10039524,Michael Landes
191,tt10039524,Shereen Reda
192,tt10039524,Ahmed Talaat
193,tt10065694,Arabella Landrum
194,tt10065694,Jena Malone
195,tt10065694,Eric Lange
196,tt10065694,Janelle Monáe
197,tt10065694,Tongayi Chirisa
198,tt10065694,Jack Huston
199,tt10065694,Kiersey Clemons
200,tt10065694,Robert Aramayo
201,tt10102402,Ion Sapdaru
202,tt10102402,Ioana Chitu
203,tt10102402,Maria Junghetu
204,tt10102402,Lucian Pavel
205,tt10102402,Melinda Pitz
206,tt10110614,Aris Servetalis
207,tt10110614,Sofia Georgovassili
208,tt10110614,Argyris Bakirtzis
209,tt10110614,Costas Xikominos
210,tt10132976,Oulaya Amamra
211,tt10132976,André Wilms
212,tt10132976,Souheila Yacoub
213,tt10132976,Stefan Crepon
214,tt10147910,Ploy Sornarin
215,tt10151656,Campbell Scott
216,tt10151656,Agnes Bruckner
217,tt10151656,George Gerdes
218,tt10151656,Leith M. Burke
219,tt10151656,April Grace
220,tt10151656,Ian Hart
221,tt10151656,Currie Graham
222,tt10151656,Kathryn Leigh Scott
223,tt10151656,Kevin Jackson
224,tt10152722,Agnieszka Grochowska
225,tt10152722,Marthe Keller
226,tt10152722,André Jung
227,tt10152722,Birgit Minichmayr
228,tt10152722,Jacob Matschenz
229,tt10152722,Anatole Taubman
230,tt10152722,Cezary Pazura
231,tt10152722,Agata Rzeszewska
232,tt10161886,Meryl Streep
233,tt10161886,James Corden
234,tt10161886,Nicole Kidman
235,tt10161886,Kerry Washington
236,tt10161886,Keegan-Michael Key
237,tt10161886,Andrew Rannells
238,tt10161886,Ariana DeBose
239,tt10161886,Jo Ellen Pellman
240,tt10161886,Tracey Ullman
241,tt10161886,Kevin Chamberlin
242,tt10183816,Nick Purcha
243,tt10183816,Camila Mendes
244,tt10183816,Jessie T. Usher
245,tt10183816,Sean Owen Roberts
246,tt10183816,Trevor Lerner
247,tt10183816,Elliott Gould
248,tt10183816,Cam Gigandet
249,tt10183816,Michael P. Northey
250,tt10189514,Suriya
251,tt10189514,Aparna Balamurali
252,tt10189514,Paresh Rawal
253,tt10189514,Urvashi
254,tt10189514,Mohan Babu
255,tt10189514,Krishnakumar Balasubramanian
256,tt10189514,Vivek Prasanna
257,tt10189514,Kaali Venkat
258,tt10198064,Joseph Benjamin
259,tt10198064,Keturah King
260,tt10198064,Felix Omozusi
261,tt10198064,Kei-Landa Rembert
262,tt0293429,Lewis Tan
263,tt0293429,Jessica McNamee
264,tt0293429,Josh Lawson
265,tt0293429,Joe Taslim
266,tt0293429,Mehcad Brooks
267,tt0293429,Matilda Kimber
268,tt0293429,Laura Brent
269,tt0293429,Tadanobu Asano
270,tt0293429,Hiroyuki Sanada
271,tt10358782,Kotono Mitsuishi
272,tt10358782,Hiroshi Kamiya
273,tt10358782,Kazuya Nakai
274,tt10358782,Yûichi Nakamura
275,tt10358782,Steve Blum
276,tt10358782,Johnny Yong Bosch
277,tt10483386,John Abraham
278,tt10483386,Emraan Hashmi
279,tt10483386,Mahesh Manjrekar
280,tt10483386,Suniel Shetty
281,tt10483386,Kajal Aggarwal
282,tt10483386,Prateik Patil Babbar
283,tt10483386,Gulshan Grover
284,tt10483386,Amole Gupte
285,tt10483386,Rohit Roy
286,tt10483386,Samir Soni
287,tt11286210,Regina Hall
288,tt11286210,Zoe Renee
289,tt11286210,Julia Nightingale
290,tt11286210,Talia Ryder
291,tt11286210,Ella Hunt
292,tt11286210,Anna Van Patten
293,tt11286210,Will Hochman
294,tt10782740,Alex Murphy
295,tt10872600,Tom Holland
296,tt10872600,Zendaya
297,tt10872600,Benedict Cumberbatch
298,tt10872600,Jacob Batalon
299,tt10872600,Jon Favreau
300,tt10872600,Jamie Foxx
301,tt10872600,Willem Dafoe
302,tt10872600,Alfred Molina
303,tt10872600,Benedict Wong
304,tt10872600,Tony Revolori
305,tt10469804,Anthony Bajon
306,tt10469804,Noémie Lvovsky
307,tt10888594,Salman Khan
308,tt10888594,Disha Patani
309,tt10888594,Randeep Hooda
310,tt10888594,Jackie Shroff
311,tt10888594,Pravin Tarde
312,tt10888594,Gautam Gulati
313,tt10888594,Sangay Tsheltrim
314,tt10888594,Govind Namdeo
315,tt10888594,Sudhanshu Pandey
316,tt10888594,Arjun Kanungo
317,tt11242718,Ali Larter
318,tt11242718,Ralph Ineson
319,tt11242718,Ron Perlman
320,tt11242718,Tahmoh Penikett
321,tt11242718,Kyle Schmid
322,tt11242718,Dakota Daulby
323,tt11242718,Paul Belsito
324,tt11242718,Tom Stevens
325,tt11242718,Gregory Fawcett
326,tt11260832,Akshay Kumar
327,tt11260832,Huma Qureshi
328,tt11260832,Vaani Kapoor
329,tt11260832,Lara Dutta
330,tt11260832,Adil Hussain
331,tt11260832,Kavi Raz
332,tt11260832,Mamik Singh
333,tt11260832,Denzil Smith
334,tt11306518,Ashok Galla
335,tt11306518,Nidhhi Agerwal
336,tt11306518,Jagapathi Babu
337,tt11306518,V.K. Naresh
338,tt11306518,Vennela Kishore
339,tt11306518,Brahmaji
340,tt11306518,Satya
341,tt11306518,Ravi Kishan
342,tt11306518,Mime Gopi
343,tt11503178,Nagarjuna Akkineni
344,tt11503178,Dia Mirza
345,tt11503178,Saiyami Kher
346,tt11503178,Atul Kulkarni
347,tt11636880,Jasper Pääkkönen
348,tt11636880,Sverrir Gudnason
349,tt11636880,Cathy Belton
350,tt11636880,Pertti Sveholm
351,tt11636880,Juhan Ulfsak
352,tt11636880,Dragomir Mrsic
353,tt11650226,Con O'Neill
354,tt11650226,Sarah-Jane Potts
355,tt11650226,Anton Valensi
356,tt11650226,Philip Bulcock
357,tt11650226,Ricky Grover
358,tt11650226,Annabel Wright
359,tt11799110,Mickey Rourke
360,tt11799110,Michael Jai White
361,tt11799110,James Russo
362,tt11799110,Gillian White
363,tt11799110,Jessica Uberuaga
364,tt11799110,Paul Sloan
365,tt11799110,Nick Vallelonga
366,tt11799110,Chris Browning
367,tt0870154,Dwayne Johnson
368,tt0870154,Emily Blunt
369,tt0870154,Edgar Ramírez
370,tt0870154,Jack Whitehall
371,tt0870154,Jesse Plemons
372,tt0870154,Paul Giamatti
373,tt0870154,Veronica Falcón
374,tt0870154,Dani Rovira
375,tt0870154,Quim Gutiérrez
376,tt0870154,Dan Dargan Carter
377,tt10098288,Rajkummar Rao
378,tt10098288,Janhvi Kapoor
379,tt10098288,Varun Sharma
380,tt10098288,Alexx O'Nell
381,tt10098288,Manav Vij
382,tt10098288,Sarita Joshi
383,tt10160896,David Arquette
384,tt10160896,Baron Davis
385,tt10160896,Snoop Dogg
386,tt10160896,Tasie Lawrence
387,tt10228134,Kate Beckinsale
388,tt10228134,Jai Courtney
389,tt10228134,Stanley Tucci
390,tt10228134,Bobby Cannavale
391,tt10228134,Laverne Cox
392,tt10228134,David Bradley
393,tt10228134,Susan Sarandon
394,tt10228134,Lewis Ian Bray
395,tt10498792,Ron Lynch
396,tt10498792,Jenny Zigrino
397,tt10498792,Jack De Sena
398,tt10498792,Mary Lynn Rajskub
399,tt10498792,Fred Armisen
400,tt10569922,Saif Ali Khan
401,tt10569922,Rani Mukerji
402,tt10569922,Siddhant Chaturvedi
403,tt10569922,Sharvari Wagh
404,tt10569922,Pankaj Tripathi
405,tt10569922,Prem Chopra
406,tt10569922,Govardhan Asrani
407,tt10569922,Yashpal Sharma
408,tt10569922,Brijendra Kala
409,tt10569922,Rajiv Gupta
