,0,1,2,3,4
0,Brea Grant,1981,"['12 Hour Shift', 'Torn Hearts', 'Lucky', 'Pandora', '2019–2020 • 3 eps']","['Director', 'Writer', 'Actress']","['Daytime Emmy Awards Nom', 'Fantasia Film Festival Win', 'Tribeca Film Festival Nom', 'Fangoria Chainsaw Awards Nom', 'FilmQuest Nom']"
1,Patrick Scott Lewis,1980,"['Zodiac', 'Neon Bleed', 'Country Pirates', 'Bear']","['Actor', 'Writer', 'Director']","['Idyllwild International Festival of Cinema Nom', 'Scotland International Festival of Cinema Win']"
2,Katie Lowes,1982,"['Wreck-It Ralph', 'Zootropolis', 'Scandal', '2012–2018 • 124 eps', '2011']","['Actress', 'Producer', 'Soundtrack']",['TV Guide Awards Win']
3,Will Forte,1970,"['MacGruber', 'Nebraska', 'The Last Man on Earth', '2015–2018 • 66 eps', '2014']","['Actor', 'Writer', 'Producer']","['American Comedy Awards USA Nom', 'Primetime Emmy Awards Nom', 'Satellite Awards Nom', 'Film Independent Spirit Awards Nom', 'MTV Movie + TV Awards Nom']"
4,Kristen Wiig,1973,"['Bridesmaids', 'The Skeleton Twins', 'The Secret Life of Walter Mitty', 'Zoolander 2']","['Actress', 'Producer', 'Writer']","['Academy Awards USA Nom', 'American Comedy Awards USA Nom', 'Annie Awards Nom', 'BAFTA Awards Nom', 'Critics Choice Awards Nom']"
5,Ryan Phillippe,1974,"['Crash', 'Gosford Park', 'Cruel Intentions', '54']","['Actor', 'Producer', 'Director']","['Blockbuster Entertainment Awards Nom', 'Critics Choice Awards Win', 'Csapnivalo Awards Nom', 'Florida Film Critics Circle Awards Win', 'Satellite Awards Win']"
6,Val Kilmer,1959,"['The Doors', 'The Saint', 'Kiss Kiss Bang Bang', 'The Salton Sea']","['Actor', 'Producer', 'Director']","['Academy of Science Fiction Fantasy & Horror Films USA Nom', 'CableACE Awards Nom', 'Camerimage Win', 'Sitges - Catalonian International Film Festival Win', 'Chicago Film Critics Association Awards Nom']"
7,Powers Boothe,1948,"['Sudden Death', 'Sin City', 'Avengers Assemble', 'Tombstone']","['Actor', 'Soundtrack']","['CableACE Awards Nom', 'Primetime Emmy Awards Win', 'Satellite Awards Nom', 'Screen Actors Guild Awards Nom', 'Golden Boot Awards Win']"
8,Maya Rudolph,1972,"['Bridesmaids', 'Away We Go', 'The Way Way Back', 'Saturday Night Live', '2000–2020 • 162 eps']","['Actress', 'Producer', 'Writer']","['Ariel Awards Mexico Nom', 'Critics Choice Awards Nom', 'Chicago Film Critics Association Awards Nom', 'Primetime Emmy Awards Win', 'Satellite Awards Nom']"
9,Rhys Coiro,1979,"['Entourage', 'Straw Dogs', 'Entourage', '2004–2011 • 27 eps', '2009']","['Actor', 'Producer']",['Screen Actors Guild Awards Nom']
10,Lou Diamond Phillips,1962,"['Courage Under Fire', 'The Big Hit', 'Stand and Deliver', 'La Bamba']","['Actor', 'Director', 'Writer']","['ALMA Awards Win', 'Blockbuster Entertainment Awards Win', 'Daytime Emmy Awards Nom', 'Primetime Emmy Awards Nom', 'Golden Globes USA Nom']"
11,Estella Warren,1978,"['Planet of the Apes', 'Driven', 'Kangaroo Jack', 'Beauty and the Beast']",['Actress'],"['Razzie Awards Win', 'Maverick Movie Awards Nom', 'The Stinkers Bad Movie Awards Nom', 'Oniros Film Awards Win']"
12,Deborah Kara Unger,1966,"['The Game', 'The Way', 'Silent Hill', 'Thirteen']","['Actress', 'Producer', 'Additional Crew']","['Genie Awards Nom', 'Method Fest Win', 'Seattle International Film Festival Win', 'Oldenburg Film Festival Win', 'Málaga International Week of Fantastic Cinema Win']"
13,Jordana Largy,1989,"['Monster Trucks', 'Once Upon a Time in Wonderland', '2013 • 1 ep', '2017', '2010']","['Actress', 'Producer', 'Director']",['Leo Awards Nom']
14,Kendall Cross,1972,"['Virgin River', '2021 • 1 ep', 'Major Byrne', 'TV Series', '7.5']","['Actress', 'Producer', 'Additional Crew']",['Chicago Comedy Film Festival Win']
15,Michael Kopsa,1956,"['Fantastic Four', 'Apollo 18', 'Love Happens', 'Rise of the Planet of the Apes']","['Actor', 'Soundtrack']",['Behind the Voice Actors Awards Nom']
16,Emma Lahana,1984,"['Cloak & Dagger', '2018–2019 • 17 eps']","['Actress', 'Producer', 'Soundtrack']","[""Canadian Filmmakers' Festival Win""]"
17,Kedar Williams-Stirling,1994,"['Shank', 'Sex Education', '2019–2023 • 32 eps', 'Tom OkanaweTom', 'Lorenzo']","['Actor', 'Writer', 'Second Unit or Assistant Director']",['Pena de Prata Nom']
18,Adam Deacon,1983,"['Anuvahood', '4.3.2.1.', 'Shank', 'Righteous Villains']","['Actor', 'Director', 'Writer']","['BAFTA Awards Win', ""Irina Palm d'Or Nom"", 'Vegas Movie Awards Win']"
19,Ashley Thomas,1985,"['Them', '2021 • 10 eps', 'Paul Maddox', 'TV Series', '8.4']",['Actor'],"['Film Independent Spirit Awards Nom', 'Online Film & Television Association Nom', 'Lonely Wolf International Film Festival Nom', 'MOBO Awards Nom']"
20,Kaya Scodelario,1992,"[""Pirates of the Caribbean: Salazar's Revenge"", 'The Maze Runner', 'Crawl', 'Maze Runner: The Death Cure']",['Actress'],"['Monte-Carlo TV Festival Nom', 'Razzie Awards Nom', 'Teen Choice Awards Nom', 'TV Quick Awards UK Nom', 'Ashland Independent Film Festival Win']"
21,Ron Palillo,1949,"['Friday the 13th Part VI: Jason Lives', 'Welcome Back, Kotter', '1975–1979 • 95 eps', '1989', '1989']","['Actor', 'Writer', 'Soundtrack']",['CableACE Awards Nom']
22,Will Ferrell,1967,"['Talladega Nights: The Ballad of Ricky Bobby', 'Anchorman 2: The Legend Continues', 'Anchorman: The Legend of Ron Burgundy', 'Blades of Glory']","['Producer', 'Actor', 'Writer']","['Academy of Science Fiction Fantasy & Horror Films USA Nom', 'American Comedy Awards USA Win', 'Daytime Emmy Awards Nom', 'Primetime Emmy Awards Win', 'Golden Globes USA Nom']"
23,Brad Pitt,1963,"['Fight Club', 'Mr. & Mrs. Smith', 'Twelve Monkeys', 'Moneyball']","['Producer', 'Actor', 'Executive']","['Academy Awards USA Win', 'Academy of Science Fiction Fantasy & Horror Films USA Nom', 'Acapulco Black Film Festival Nom', 'Film Critics Circle of Australia Awards Nom', 'Blockbuster Entertainment Awards Win']"
24,Tina Fey,1970,"['Date Night', 'Mean Girls', '30 Rock', '2006–2013 • 138 eps', '2015']","['Writer', 'Actress', 'Producer']","['Critics Choice Awards Nom', 'Casting Society of America USA Win', 'Primetime Emmy Awards Nom', 'Golden Globes USA Nom', 'Satellite Awards Nom']"
25,Jonah Hill,1983,"['21 Jump Street', '22 Jump Street', 'The Wolf of Wall Street', 'Moneyball']","['Actor', 'Producer', 'Writer']","['Academy Awards USA Nom', 'American Comedy Awards USA Nom', 'Art Film Festival Nom', 'Berlin International Film Festival Nom', 'BAFTA Awards Nom']"
26,David Cross,1964,"['Arrested Development', '2003–2019 • 84 eps', '2004', '2010', '2011']","['Actor', 'Writer', 'Producer']","['CableACE Awards Win', 'Primetime Emmy Awards Nom', 'Satellite Awards Nom', 'Grammy Awards Nom', 'Phoenix Film Festival Win']"
27,Ben Stiller,1965,"['Tropic Thunder', 'Zoolander', 'Zoolander 2', 'The Secret Life of Walter Mitty']","['Producer', 'Actor', 'Director']","['Academy of Science Fiction Fantasy & Horror Films USA Nom', 'American Comedy Awards USA Win', 'Blockbuster Entertainment Awards Nom', 'Directors Guild of America USA Nom', 'Primetime Emmy Awards Nom']"
28,Justin Theroux,1971,"['Mulholland Drive', 'Your Highness', 'American Psycho', 'The Girl on the Train']","['Actor', 'Producer', 'Writer']","['Critics Choice Awards Nom', 'Primetime Emmy Awards Nom', ""People's Choice Awards USA Nom"", 'Screen Actors Guild Awards Nom', 'Critics Choice Television Awards Nom']"
29,Tom McGrath,1964,"['Madagascar', 'Madagascar: Escape 2 Africa', 'Penguins of Madagascar', ""Madagascar 3: Europe's Most Wanted""]","['Director', 'Writer', 'Actor']","['Academy Awards USA Nom', 'Annie Awards Nom', 'Daytime Emmy Awards Nom', 'MovieGuide Awards Win', 'Golden Eagle Awards Russia Nom']"
30,Liam Neeson,1952,"['Kinsey', ""Schindler's List"", 'The Grey', 'The A-Team']","['Actor', 'Producer', 'Soundtrack']","['Academy Awards USA Nom', 'Academy of Science Fiction Fantasy & Horror Films USA Nom', 'Blockbuster Entertainment Awards Nom', 'BAFTA Awards Nom', 'British Independent Film Awards Win']"
31,Bradley Cooper,1975,"['A Star Is Born', 'Silver Linings Playbook', 'American Sniper', 'American Hustle']","['Actor', 'Producer', 'Director']","['Academy Awards USA Nom', 'Bodil Awards Nom', 'BAFTA Awards Nom', 'Critics Choice Awards Nom', 'Camerimage Nom']"
32,Jessica Biel,1982,"['The Illusionist', 'Total Recall', 'Next', 'The Texas Chainsaw Massacre']","['Actress', 'Producer', 'Director']","['Academy of Science Fiction Fantasy & Horror Films USA Nom', 'Critics Choice Awards Nom', 'Primetime Emmy Awards Nom', 'Golden Globes USA Nom', 'Satellite Awards Nom']"
33,Sharlto Copley,1973,"['District 9', 'Chappie', 'Hardcore Henry', 'The A-Team']","['Actor', 'Producer', 'Director']","['Chicago Film Critics Association Awards Nom', 'MTV Movie + TV Awards Nom', 'Online Film Critics Society Awards Nom', 'Teen Choice Awards Nom', 'Empire Awards UK Nom']"
34,Patrick Wilson,1973,"['The Phantom of the Opera', 'Hard Candy', 'Insidious', 'Watchmen']","['Actor', 'Producer', 'Director']","['Academy of Science Fiction Fantasy & Horror Films USA Nom', 'Sitges - Catalonian International Film Festival Win', 'Primetime Emmy Awards Nom', 'Golden Globes USA Nom', 'Satellite Awards Nom']"
35,Gerald McRaney,1947,"['Focus', 'The A-Team', 'Simon & Simon', '1981–1989 • 156 eps', '1984']","['Actor', 'Producer', 'Director']","['Primetime Emmy Awards Nom', 'Screen Actors Guild Awards Nom', 'MovieGuide Awards Nom', 'Online Film & Television Association Nom', 'International Online Cinema Awards (INOCA) Nom']"
36,Henry Czerny,1959,"['Mission: Impossible', 'Clear and Present Danger', 'The Pink Panther', 'Ready or Not']",['Actor'],"['Boston Society of Film Critics Awards Nom', 'Gemini Awards Win', 'Canadian Screen Awards CA Nom', 'Online Film & Television Association Nom', 'Blood in the Snow Canadian Film Festival Nom']"
37,Brian Bloom,1970,"['The A-Team', 'Call of Duty: Modern Warfare', '2019', ""William 'B.J.' Blazkowicz(voice)"", 'Young Patsy']","['Actor', 'Writer', 'Producer']","['Daytime Emmy Awards Nom', 'Young Artist Awards Nom', 'Behind the Voice Actors Awards Nom', 'NAVGTR Awards Nom']"
38,Jake Gyllenhaal,1980,"['Nightcrawler', 'Brokeback Mountain', 'Prisoners', 'Donnie Darko']","['Actor', 'Producer', 'Camera and Electrical Department']","['Academy Awards USA Nom', 'Academy of Science Fiction Fantasy & Horror Films USA Nom', 'BAFTA Awards Nom', 'Critics Choice Awards Nom', 'Chicago Film Critics Association Awards Nom']"
39,Gemma Arterton,1986,"['Prince of Persia: The Sands of Time', 'Byzantium', 'The Girl with All the Gifts', 'Clash of the Titans']","['Actress', 'Producer', 'Soundtrack']","['BAFTA Awards Nom', 'British Independent Film Awards Nom', 'Broadcasting Press Guild Awards Nom', 'Teen Choice Awards Nom', 'Empire Awards UK Win']"
40,Ben Kingsley,1943,"['Sexy Beast', 'Gandhi', ""Schindler's List"", 'Iron Man 3']","['Actor', 'Producer', 'Additional Crew']","['Academy Awards USA Nom', 'Academy of Science Fiction Fantasy & Horror Films USA Nom', 'Annie Awards Win', 'Bambi Awards Win', 'Boston Society of Film Critics Awards Win']"
41,Alfred Molina,1953,"['Spider-Man 2', 'Frida', 'Boogie Nights', 'Magnolia']","['Actor', 'Producer', 'Director']","['Academy of Science Fiction Fantasy & Horror Films USA Nom', 'ALMA Awards Nom', 'BAFTA Awards Nom', 'British Independent Film Awards Nom', 'Critics Choice Awards Nom']"
42,Steve Toussaint,1965,"['House of the Dragon', '2022–2024 • 14 eps', '2010', 'Kane', 'TV Mini Series']","['Actor', 'Writer']",['Pena de Prata Nom']
43,Toby Kebbell,1982,"['Dawn of the Planet of the Apes', 'Fantastic Four', 'RocknRolla', 'Warcraft: The Beginning']",['Actor'],"['BAFTA Awards Nom', 'British Independent Film Awards Win', 'London Critics Circle Film Awards Nom', 'Empire Awards UK Nom', 'CinEuphoria Awards Win']"
44,Ronald Pickup,1940,"['The Best Exotic Marigold Hotel', 'Prince of Persia: The Sands of Time', 'Darkest Hour', 'The Mission']","['Actor', 'Soundtrack']","['BAFTA Awards Nom', 'Screen Actors Guild Awards Nom', 'Los Angeles Movie Awards US Win']"
45,Gísli Örn Garðarsson,1973,"['The Oath', 'Prince of Persia: The Sands of Time', 'Beowulf: Return to the Shieldlands', '2016 • 13 eps', 'Ásbjörn']","['Actor', 'Writer', 'Producer']","['Berlin International Film Festival Win', 'Edda Awards Iceland Nom', 'Nordic Council Nom']"
46,Denzel Washington,1954,"['Fences', 'The Book of Eli', 'Training Day', 'Antwone Fisher']","['Actor', 'Producer', 'Director']","['Academy Awards USA Nom', 'Academy of Science Fiction Fantasy & Horror Films USA Nom', 'Acapulco Black Film Festival Nom', 'American Society of Cinematographers USA Win', 'Berlin International Film Festival Win']"
47,Chris Pine,1980,"['Star Trek', 'Wonder Woman', 'Star Trek Beyond', 'Star Trek Into Darkness']","['Actor', 'Producer', 'Writer']","['Academy of Science Fiction Fantasy & Horror Films USA Nom', 'Boston Society of Film Critics Awards Win', 'Primetime Emmy Awards Nom', 'Family Film Awards Nom', 'Satellite Awards Nom']"
48,Rosario Dawson,1979,"['Rent', 'The Lego Batman Movie', 'Sin City', 'Unstoppable']","['Actress', 'Producer', 'Director']","['Academy of Science Fiction Fantasy & Horror Films USA Nom', 'ALMA Awards Win', 'BET Awards Nom', 'Critics Choice Awards Nom', 'Family Film Awards Nom']"
49,Ethan Suplee,1976,"['Remember the Titans', 'John Q', 'The Butterfly Effect', 'Chasing Amy']","['Actor', 'Writer', 'Soundtrack']","['Monte-Carlo TV Festival Nom', 'Screen Actors Guild Awards Nom', 'Seattle Film Critics Awards Nom', 'Online Film & Television Association Nom', 'Gold Derby Awards Nom']"
50,Kevin Dunn,1955,"['Warrior', 'Chain Reaction', 'Transformers', 'Dave']","['Actor', 'Producer', 'Soundtrack']",['Screen Actors Guild Awards Win']
51,Kevin Corrigan,1969,"['True Romance', 'The Departed', 'Pineapple Express', 'Unstoppable']","['Actor', 'Producer', 'Director']","['Boston Society of Film Critics Awards Win', 'Gijón International Film Festival Win', 'Gotham Awards Nom', 'Film Independent Spirit Awards Nom', 'San Diego Film Critics Society Awards Nom']"
52,Kevin Chapman,1962,"['CODA', 'City on a Hill', '2019 • 10 eps', 'Bo Lockley', 'TV Series']","['Actor', 'Producer', 'Soundtrack']",['Phoenix Film Critics Society Awards Win']
53,Lew Temple,1967,"['Unstoppable', 'Waitress', ""The Devil's Rejects"", 'Rango']","['Actor', 'Producer', 'Soundtrack']","['Monaco International Film Festival Win', 'Gulf Coast Film & Video Festival Win']"
54,T.J. Miller,1981,"['Silicon Valley', '2014–2017 • 38 eps', '2008', '2014', '2018']","['Actor', 'Writer', 'Producer']","['Scream Awards Nom', 'Critics Choice Television Awards Nom', 'Behind the Voice Actors Awards Nom']"
55,Jessy Schram,1986,"['Unstoppable', 'Once Upon a Time', '2011–2016 • 4 eps', 'Dr. Hannah Asher', 'TV Series']","['Actress', 'Producer', 'Soundtrack']",['Melbourne Web Fest Nom']
56,Jeffrey Dean Morgan,1966,"['Watchmen', 'Rampage', 'The Walking Dead', '2016–2022 • 95 eps', '2010']","['Actor', 'Producer', 'Soundtrack']","['Academy of Science Fiction Fantasy & Horror Films USA Nom', 'MTV Movie + TV Awards Win', 'Fangoria Chainsaw Awards Win', 'Critics Choice Television Awards Win', 'CinEuphoria Awards Win']"
57,Zoe Saldana,1978,"['Avatar', 'Guardians of the Galaxy', 'Star Trek', 'Colombiana']","['Actress', 'Producer', 'Writer']","['Academy of Science Fiction Fantasy & Horror Films USA Nom', 'ALMA Awards Win', 'BET Awards Nom', 'Boston Society of Film Critics Awards Win', 'Critics Choice Awards Nom']"
58,Chris Evans,1981,"['Avengers Assemble', 'Captain America: The First Avenger', 'Captain America: Civil War', 'Avengers: Age of Ultron']","['Actor', 'Producer', 'Director']","['Academy of Science Fiction Fantasy & Horror Films USA Nom', 'Critics Choice Awards Nom', ""Kids' Choice Awards USA Nom"", 'MTV Movie + TV Awards Nom', ""People's Choice Awards USA Nom""]"
59,Idris Elba,1972,"['Beasts of No Nation', 'The Losers', 'Thor: Ragnarok', 'Mandela: Long Walk to Freedom']","['Actor', 'Producer', 'Writer']","['Academy of Science Fiction Fantasy & Horror Films USA Nom', 'Acapulco Black Film Festival Nom', 'Berlin International Film Festival Nom', 'BET Awards Nom', 'BAFTA Awards Nom']"
60,Columbus Short,1982,"['The Losers', 'Whiteout', 'Stomp the Yard', 'Death at a Funeral']","['Actor', 'Producer', 'Writer']","['Image Awards (NAACP) Nom', 'MTV Movie + TV Awards Nom', 'Teen Choice Awards Nom', 'TV Guide Awards Win', 'Young Hollywood Awards Win']"
61,Óscar Jaenada,1975,"['The Losers', 'Pirates of the Caribbean: On Stranger Tides', 'Cantinflas', 'The Shallows']","['Actor', 'Producer', 'Script and Continuity Department']","['Ariel Awards Mexico Nom', 'Berlin International Film Festival Win', 'Cinema Writers Circle Awards Spain Win', 'Fotogramas de Plata Win', 'Goya Awards Win']"
62,Jason Patric,1966,"['Narc', 'The Lost Boys', 'Speed 2: Cruise Control', 'The Losers']","['Actor', 'Producer']","['Chicago Film Critics Association Awards Nom', 'Satellite Awards Nom', 'Las Vegas Film Critics Society Awards Win', 'Online Film Critics Society Awards Nom', 'Prism Awards Nom']"
63,Peter Macdissi,1967,"['The Losers', 'Uncle Frank', 'Six Feet Under', '2003–2005 • 15 eps', '2007']","['Actor', 'Producer', 'Soundtrack']","['Primetime Emmy Awards Nom', 'San Diego Film Critics Society Awards Nom', 'Screen Actors Guild Awards Win', 'Black Reel Awards for Television Nom']"
64,Peter Francis James,1956,"['Godfather of Harlem', '2019–2023 • 8 eps', 'Mr. Cabot', 'TV Movie', '8.7']",['Actor'],['Black Reel Awards Nom']
65,Sam Worthington,1976,"['Avatar', 'Terminator Salvation', 'Clash of the Titans', 'Avatar: The Way of Water']","['Actor', 'Producer', 'Director']","['Academy of Science Fiction Fantasy & Horror Films USA Nom', 'Film Critics Circle of Australia Awards Nom', 'Australian Film Institute Win', 'Giffoni Film Festival Win', 'Satellite Awards Nom']"
66,Liam Neeson,1952,"['Kinsey', ""Schindler's List"", 'The Grey', 'The A-Team']","['Actor', 'Producer', 'Soundtrack']","['Academy Awards USA Nom', 'Academy of Science Fiction Fantasy & Horror Films USA Nom', 'Blockbuster Entertainment Awards Nom', 'BAFTA Awards Nom', 'British Independent Film Awards Win']"
67,Ralph Fiennes,1962,"['The Constant Gardener', 'The Grand Budapest Hotel', ""Schindler's List"", 'Harry Potter and the Deathly Hallows: Part 2']","['Actor', 'Director', 'Producer']","['Academy Awards USA Nom', 'Academy of Science Fiction Fantasy & Horror Films USA Nom', 'Annie Awards Nom', 'Berlin International Film Festival Nom', 'Boston Society of Film Critics Awards Win']"
68,Jason Flemyng,1966,"['The Curious Case of Benjamin Button', 'Lock, Stock and Two Smoking Barrels', 'Deep Rising', 'The League of Extraordinary Gentlemen']","['Actor', 'Producer', 'Director']","['Critics Choice Awards Nom', 'Brussels International Festival of Fantasy Film (BIFFF) Nom', 'Screen Actors Guild Awards Nom', 'Southampton International Film Festival Nom', 'Gold Derby Awards Nom']"
69,Gemma Arterton,1986,"['Prince of Persia: The Sands of Time', 'Byzantium', 'The Girl with All the Gifts', 'Clash of the Titans']","['Actress', 'Producer', 'Soundtrack']","['BAFTA Awards Nom', 'British Independent Film Awards Nom', 'Broadcasting Press Guild Awards Nom', 'Teen Choice Awards Nom', 'Empire Awards UK Win']"
70,Mads Mikkelsen,1965,"['Hannibal', '2013–2015 • 39 eps', '2012', '2016', '2020']","['Actor', 'Additional Crew', 'Writer']","['Academy of Science Fiction Fantasy & Horror Films USA Nom', 'Bambi Awards Win', 'Bodil Awards Win', 'BAFTA Awards Nom', 'Cannes Film Festival Win']"
71,Luke Evans,1979,"['Dracula Untold', 'Beauty and the Beast', 'The Hobbit: The Desolation of Smaug', 'Fast & Furious 6']","['Actor', 'Producer', 'Soundtrack']","['Acapulco Black Film Festival Nom', 'British Independent Film Awards Nom', 'Monte-Carlo TV Festival Nom', 'MTV Movie + TV Awards Nom', 'Teen Choice Awards Win']"
72,Izabella Miko,1981,"['Coyote Ugly', 'Deadwood', '2005 • 3 eps', '2010', 'Yulia']","['Actress', 'Producer', 'Director']",['Undine Awards Austria Nom']
73,Jeremy London,1972,"['Mallrats', 'Monsters Anonymous', '2016', 'Jonas Lytton', 'TV Series']","['Actor', 'Director', 'Producer']","['Academy of Science Fiction Fantasy & Horror Films USA Nom', 'Young Artist Awards Win', 'Best Shorts Competition Win', 'IndieFEST Film Awards Win', 'LA Shorts Awards Win']"
74,Sally Kirkland,1941,"['Anna', 'The Sting', 'JFK', 'Tom in America', '2014']","['Actress', 'Producer', 'Additional Crew']","['Academy Awards USA Nom', 'Golden Globes USA Nom', 'Film Independent Spirit Awards Win', 'Long Island International Film Expo Win', 'Los Angeles Film Critics Association Awards Win']"
75,Matthew Currie Holmes,1974,"['Buckout Road', 'Wrong Turn 2: Dead End', '2007', '2006', 'Stick']","['Director', 'Writer', 'Producer']","['Breckenridge Festival of Film Nom', 'Leo Awards Nom', 'Richmond International Film Festival Nom', 'Hollywood Reel Independent Film Festival Nom', 'Pasadena International Film Festival US Win']"
76,Elizabeth Sung,1954,"['Tango & Cash', 'Hero', 'Memoirs of a Geisha', 'The Water Ghost', '1998']","['Actress', 'Additional Crew', 'Producer']","['CINE Competition Win', 'Santa Clarita International Film Festival Win', 'Asians On Film Festival Win', 'Out on Film Atlanta US Win', 'Chinese American Film Festival (C.A.F.F.) Win']"
77,Art Evans,1942,"['Die Hard 2', 'Ruthless People', 'Metro', 'Fright Night']",['Actor'],[]
78,Noah Ringer,1996,"['The Last Airbender', 'Cowboys & Aliens', 'The Last Airbender', '2010', 'Self - Guest']",['Actor'],['Young Artist Awards Nom']
79,Dev Patel,1990,"['Slumdog Millionaire', 'Lion', 'Monkey Man', 'The Green Knight']","['Actor', 'Producer', 'Director']","['Academy Awards USA Nom', 'Academy of Science Fiction Fantasy & Horror Films USA Nom', 'Asia-Pacific Film Festival Nom', 'Film Critics Circle of Australia Awards Nom', 'BAFTA Awards Win']"
80,Nicola Peltz Beckham,1995,"['Lola James', 'Welcome to Chippendales', '2022 • 1 ep', '2019', '2018']","['Actress', 'Director', 'Writer']","['Razzie Awards Nom', 'Teen Choice Awards Nom', 'Young Hollywood Awards Nom', 'IMDb STARmeter Awards Win', 'CinemaCon USA Win']"
81,Jackson Rathbone,1984,"['Twilight', 'Couch Surfing USA', '2015', '2023', '2022']","['Actor', 'Producer', 'Composer']","['Method Fest Win', 'Razzie Awards Win', 'New York City Horror Film Festival Win', 'Orlando Film Festival Nom', 'Northeast Film Festival US Nom']"
82,Shaun Toub,1958,"['Tehran', '2020–2022 • 16 eps', 'Yinsen(voice)', 'Farhad', 'Rahim Khan']","['Actor', 'Producer']","['Critics Choice Awards Win', 'Gotham Awards Nom', 'Hollywood Film Awards Win', 'Screen Actors Guild Awards Win', 'Noor Iranian Film Festival Win']"
83,Aasif Mandvi,1966,"['Million Dollar Arm', 'Evil', '2019–2024 • 49 eps', '2009', 'Commander Zhao']","['Actor', 'Producer', 'Writer']","['Gotham Awards Nom', 'Phoenix Film Critics Society Awards Nom', 'Central Ohio Film Critics Association Nom', 'The Streamy Awards Nom', 'Critics Choice Super Awards Nom']"
84,Cliff Curtis,1968,"['Risen', 'Sunshine', 'The Dark Horse', 'Colombiana']","['Actor', 'Producer']","['New Zealand Film and TV Awards (I) Win', 'Seattle International Film Festival Win', 'MovieGuide Awards Nom', 'New Zealand Screen Awards Nom', 'New Zealand Film and TV Awards (II) Win']"
85,Seychelle Gabriel,1991,"['The Last Airbender', 'The Legend of Korra', '2012–2014 • 37 eps', '2008', 'Lourdes Delgado']","['Actress', 'Soundtrack']","['Imagen Foundation Awards Nom', 'Young Artist Awards Nom', 'Behind the Voice Actors Awards Nom']"
86,Katharine Houghton,1945,"[""Guess Who's Coming to Dinner"", 'The Last Airbender', 'Kinsey', 'The Night We Never Met']",['Actress'],"['Golden Globes USA Nom', 'Laurel Awards Nom']"
87,Francis Guinan,1951,"['Constantine', 'Speed 2: Cruise Control', 'The Last Airbender', 'All Good Things']",['Actor'],"['Midwest Independent Film Festival Win', 'Festival of Cinema NYC Win']"
88,Angelina Jolie,1975,"['Maleficent', 'Girl, Interrupted', 'Changeling', 'Lara Croft: Tomb Raider']","['Actress', 'Producer', 'Director']","['Academy Awards USA Nom', 'Academy of Science Fiction Fantasy & Horror Films USA Nom', 'American Society of Cinematographers USA Win', 'Berlin International Film Festival Win', 'Blockbuster Entertainment Awards Win']"
89,Liev Schreiber,1967,"['Spotlight', 'X-Men Origins: Wolverine', 'The Manchurian Candidate', 'Everything Is Illuminated']","['Actor', 'Producer', 'Additional Crew']","['Academy of Science Fiction Fantasy & Horror Films USA Nom', 'Acapulco Black Film Festival Nom', 'Film Critics Circle of Australia Awards Nom', 'Bratislava International Film Festival Win', 'Critics Choice Awards Nom']"
90,Chiwetel Ejiofor,1977,"['12 Years a Slave', 'Dirty Pretty Things', 'The Boy Who Harnessed the Wind', 'Serenity']","['Actor', 'Director', 'Writer']","['Academy Awards USA Nom', 'Academy of Science Fiction Fantasy & Horror Films USA Nom', 'Acapulco Black Film Festival Win', 'BET Awards Win', 'Boston Society of Film Critics Awards Win']"
91,Daniel Olbrychski,1945,"['Salt', 'The Deluge', 'The Tin Drum', 'The Promised Land']","['Actor', 'Second Unit or Assistant Director']","['Art Film Festival Win', 'Camerimage Win', 'Polish Film Festival Win', 'German Film Awards Nom', 'Molodist Kyiv International Film Festival Win']"
92,August Diehl,1976,"['Inglourious Basterds', 'A Hidden Life', '23', ""The King's Man""]","['Actor', 'Writer', 'Soundtrack']","['Bambi Awards Nom', 'Bavarian Film Awards Win', 'Berlin International Film Festival Win', 'German Film Awards Nom', 'Romy Gala Austria Nom']"
93,Andre Braugher,1962,"['Homicide: Life on the Street', '1993–1998 • 100 eps', '2000', '2007', '1998']","['Actor', 'Producer', 'Director']","['Blockbuster Entertainment Awards Win', 'Critics Choice Awards Nom', 'CableACE Awards Nom', 'Primetime Emmy Awards Nom', 'Golden Globes USA Nom']"
94,Olek Krupa,1947,"['Hidden Figures', 'Home Alone 3', 'Burn After Reading', 'The Italian Job']",['Actor'],['Gold Derby Awards Nom']
95,Nicolas Cage,1964,"['Face/Off', 'Leaving Las Vegas', 'The Rock', 'Next']","['Actor', 'Producer', 'Director']","['Academy Awards USA Nom', 'Academy of Science Fiction Fantasy & Horror Films USA Win', 'American Comedy Awards USA Nom', 'Annie Awards Nom', 'Blockbuster Entertainment Awards Win']"
96,Jay Baruchel,1982,"['Goon', 'This Is the End', 'How to Train Your Dragon', ""The Sorcerer's Apprentice""]","['Actor', 'Producer', 'Director']","['Annie Awards Win', 'Canadian Comedy Awards Win', 'Daytime Emmy Awards Win', 'Genie Awards Nom', 'Jutra Awards Nom']"
97,Alfred Molina,1953,"['Spider-Man 2', 'Frida', 'Boogie Nights', 'Magnolia']","['Actor', 'Producer', 'Director']","['Academy of Science Fiction Fantasy & Horror Films USA Nom', 'ALMA Awards Nom', 'BAFTA Awards Nom', 'British Independent Film Awards Nom', 'Critics Choice Awards Nom']"
98,Teresa Palmer,1986,"['Warm Bodies', 'Lights Out', 'I Am Number Four', 'Berlin Syndrome']","['Actress', 'Producer', 'Writer']","['Film Critics Circle of Australia Awards Nom', 'Australian Film Institute Nom', 'Teen Choice Awards Win', 'BloodGuts UK Horror Awards Nom', 'Australian Film Critics Association Awards Nom']"
99,Toby Kebbell,1982,"['Dawn of the Planet of the Apes', 'Fantastic Four', 'RocknRolla', 'Warcraft: The Beginning']",['Actor'],"['BAFTA Awards Nom', 'British Independent Film Awards Win', 'London Critics Circle Film Awards Nom', 'Empire Awards UK Nom', 'CinEuphoria Awards Win']"
100,Omar Benson Miller,1978,"['Ballers', '2015–2019 • 47 eps', '2002', '2008', '2004']","['Actor', 'Producer', 'Director']","['Image Awards (NAACP) Nom', 'Black Reel Awards Nom']"
101,Monica Bellucci,1964,"['Malena', 'The Matrix Revolutions', 'The Matrix Reloaded', ""Shoot 'Em Up""]","['Actress', 'Producer', 'Soundtrack']","['Academy of Science Fiction Fantasy & Horror Films USA Nom', 'César Awards France Nom', 'David di Donatello Awards Win', 'Italian National Syndicate of Film Journalists Win', 'MTV Movie + TV Awards Nom']"
102,Alice Krige,1954,"['Star Trek: First Contact', 'Gretel & Hansel', 'Sleepwalkers', 'Thor: The Dark World']","['Actress', 'Producer', 'Writer']","['Academy of Science Fiction Fantasy & Horror Films USA Win', 'CableACE Awards Nom', 'Fantafestival Win', 'Monte-Carlo TV Festival Nom', 'Raindance Film Festival Nom']"
103,Jake Cherry,1996,"['Night at the Museum 2', 'Night at the Museum', 'Friends with Money', ""The Sorcerer's Apprentice""]",['Actor'],['Young Artist Awards Nom']
104,Jang Dong-gun,1972,"['Brotherhood', ""The Warrior's Way"", 'Friend', ""A Gentleman's Dignity"", '2012 • 20 eps']",['Actor'],"['Asia-Pacific Film Festival Win', 'Grand Bell Awards South Korea Nom', 'Baek Sang Art Awards Nom', 'Blue Dragon Awards Nom', 'Asian Film Critics Association Awards Nom']"
105,Kate Bosworth,1983,"['Superman Returns', '21', 'Blue Crush', 'Win a Date with Tad Hamilton!']","['Actress', 'Producer']","['Academy of Science Fiction Fantasy & Horror Films USA Nom', 'MTV Movie + TV Awards Nom', 'Razzie Awards Nom', 'ShoWest Convention USA Win', 'Teen Choice Awards Nom']"
106,Geoffrey Rush,1951,"[""The King's Speech"", 'Shakespeare in Love', 'Quills', 'Pirates of the Caribbean: The Curse of the Black Pearl']","['Actor', 'Producer', 'Writer']","['Academy Awards USA Nom', 'Academy of Science Fiction Fantasy & Horror Films USA Nom', 'Annie Awards Nom', 'Film Critics Circle of Australia Awards Nom', 'Australian Film Institute Win']"
107,Danny Huston,1962,"['The Constant Gardener', '21 Grams', 'The Aviator', 'Children of Men']","['Actor', 'Director', 'Camera and Electrical Department']","['Academy of Science Fiction Fantasy & Horror Films USA Nom', 'Edinburgh International Film Festival Nom', 'Golden Globes USA Nom', 'Satellite Awards Win', 'Film Independent Spirit Awards Nom']"
108,Lung Ti,1946,"['A Better Tomorrow', 'The Legend of Drunken Master', ""The Warrior's Way"", 'Chinese Vengeance']","['Actor', 'Director', 'Writer']","['Asia-Pacific Film Festival Win', 'Golden Bauhinia Awards Win', 'Golden Horse Film Festival Nom', 'Hong Kong Film Awards Win', 'Macau International Movie Festival Win']"
109,Denzel Washington,1954,"['Fences', 'The Book of Eli', 'Training Day', 'Antwone Fisher']","['Actor', 'Producer', 'Director']","['Academy Awards USA Nom', 'Academy of Science Fiction Fantasy & Horror Films USA Nom', 'Acapulco Black Film Festival Nom', 'American Society of Cinematographers USA Win', 'Berlin International Film Festival Win']"
110,Gary Oldman,1958,"['The Dark Knight', 'Tinker Tailor Soldier Spy', 'Darkest Hour', 'Dracula']","['Actor', 'Producer', 'Director']","['Academy Awards USA Nom', 'Academy of Science Fiction Fantasy & Horror Films USA Nom', 'Annie Awards Nom', 'Blockbuster Entertainment Awards Nom', 'BAFTA Awards Nom']"
111,Mila Kunis,1983,"['Black Swan', 'Jupiter Ascending', 'Forgetting Sarah Marshall', 'Bad Moms']","['Actress', 'Producer', 'Makeup Department']","['Academy of Science Fiction Fantasy & Horror Films USA Win', 'Annie Awards Nom', 'Critics Choice Awards Nom', 'Dallas-Fort Worth Film Critics Association Awards Nom', 'Golden Globes USA Nom']"
112,Ray Stevenson,1964,"['The Three Musketeers', 'Thor', 'Kill the Irishman', ""Cirque du Freak: The Vampire's Assistant""]","['Actor', 'Soundtrack']",['Academy of Science Fiction Fantasy & Horror Films USA Nom']
113,Jennifer Beals,1963,"['Flashdance', 'The Book of Eli', 'The Bride', 'Four Rooms']","['Actress', 'Producer', 'Camera and Electrical Department']","['Cinequest San Jose Film Festival Win', 'GLAAD Media Awards Win', 'Golden Globes USA Nom', 'Satellite Awards Nom', 'Image Awards (NAACP) Nom']"
114,Joe Pingue,1972,"['Star Trek: Section 31', '7.6', 'The Expanse', '2015 • 1 ep', '2010']","['Actor', 'Director', 'Writer']","['Canadian Comedy Awards Nom', 'Gemini Awards Nom', 'Genie Awards Nom', 'WorldFest Houston Win', 'ACTRA Awards Nom']"
115,Frances de la Tour,1944,"['The History Boys', 'Into the Woods', 'The Book of Eli', 'Harry Potter and the Goblet of Fire']","['Actress', 'Soundtrack']","['BAFTA Awards Nom', 'British Independent Film Awards Nom', 'Evening Standard British Film Awards Win', 'Satellite Awards Win', 'Phoenix Film Critics Society Awards Nom']"
116,Michael Gambon,1940,"['Gosford Park', 'Harry Potter and the Half-Blood Prince', 'The Cook, the Thief, His Wife & Her Lover', 'Harry Potter and the Deathly Hallows: Part 2']","['Actor', 'Music Department', 'Soundtrack']","['Academy of Science Fiction Fantasy & Horror Films USA Nom', 'Berlin International Film Festival Win', 'Boston Society of Film Critics Awards Nom', 'BAFTA Awards Win', 'British Independent Film Awards Win']"
117,Tom Waits,1949,"['Seven Psychopaths', 'The Ballad of Buster Scruggs', 'Down by Law', 'Short Cuts']","['Music Artist', 'Actor', 'Composer']","['Academy Awards USA Nom', 'ASCAP Film and Television Music Awards Win', 'Boston Society of Film Critics Awards Win', 'David di Donatello Awards Nom', 'Golden Globes USA Win']"
118,Paul Bettany,1971,"['WandaVision', '2021 • 9 eps']","['Actor', 'Producer', 'Writer']","['Academy of Science Fiction Fantasy & Horror Films USA Nom', 'BAFTA Awards Nom', 'British Independent Film Awards Nom', 'Critics Choice Awards Nom', 'Camerimage Nom']"
119,Lucas Black,1982,"['Sling Blade', 'The Fast and the Furious: Tokyo Drift', '42', 'Fast & Furious 7']",['Actor'],"['Academy of Science Fiction Fantasy & Horror Films USA Win', 'Las Vegas Film Critics Society Awards Nom', 'Screen Actors Guild Awards Nom', 'Teen Choice Awards Nom', 'Young Artist Awards Nom']"
120,Tyrese Gibson,1978,"['Baby Boy', 'Fast & Furious 7', 'Fast & Furious 6', 'Transformers']","['Actor', 'Producer', 'Executive']","['Acapulco Black Film Festival Nom', 'Grammy Awards Nom', 'Image Awards (NAACP) Nom', 'Locarno International Film Festival Win', 'Teen Choice Awards Nom']"
121,Adrianne Palicki,1983,"['G.I. Joe: Retaliation', 'John Wick', 'Legion', 'Friday Night Lights', '2006–2011 • 52 eps']","['Actress', 'Producer', 'Soundtrack']","['Academy of Science Fiction Fantasy & Horror Films USA Nom', 'Teen Choice Awards Nom', 'Gold Derby Awards Win']"
122,Charles S. Dutton,1951,"['Gothika', 'Alien³', 'A Time to Kill', 'Legion']","['Actor', 'Producer', 'Director']","['Academy of Science Fiction Fantasy & Horror Films USA Nom', 'Directors Guild of America USA Nom', 'Primetime Emmy Awards Win', 'Golden Globes USA Nom', 'Image Awards (NAACP) Nom']"
123,Jon Tenney,1961,"['The Closer', '2005–2012 • 109 eps', 'Andrew Nichols', 'Bob', 'Behan']","['Actor', 'Director', 'Camera and Electrical Department']","[""People's Choice Awards USA Win"", 'Screen Actors Guild Awards Nom']"
124,Kevin Durand,1974,"['X-Men Origins: Wolverine', 'I Am Number Four', 'Robin Hood', 'Wild Hogs']","['Actor', 'Director', 'Writer']","['Academy of Science Fiction Fantasy & Horror Films USA Nom', 'Genie Awards Nom', 'Leo Awards Nom', 'Canadian Screen Awards CA Nom']"
125,Willa Holland,1991,"['Legion', 'Tiger Eyes', 'Straw Dogs', 'Arrow', '2012–2020 • 134 eps']",['Actress'],['Boston International Film Festival Win']
126,Kate Walsh,1967,"['The Perks of Being a Wallflower', ""Grey's Anatomy"", '2005–2023 • 67 eps', '2010', '2004']","['Actress', 'Producer', 'Soundtrack']","['Satellite Awards Win', ""People's Choice Awards USA Nom"", 'San Diego Film Critics Society Awards Win', 'Screen Actors Guild Awards Nom', 'Awards Circuit Community Awards Nom']"
127,Dennis Quaid,1954,"['Far from Heaven', 'The Day After Tomorrow', 'Frequency', 'Innerspace']","['Actor', 'Producer', 'Music Department']","['Academy of Science Fiction Fantasy & Horror Films USA Nom', 'Blockbuster Entertainment Awards Nom', 'Chicago Film Critics Association Awards Win', 'Dallas-Fort Worth Film Critics Association Awards Nom', 'Primetime Emmy Awards Nom']"
128,Jude Law,1972,"['The Talented Mr. Ripley', 'Closer', 'The Grand Budapest Hotel', 'Sky Captain and the World of Tomorrow']","['Actor', 'Producer', 'Director']","['Academy Awards USA Nom', 'Academy of Science Fiction Fantasy & Horror Films USA Nom', 'Annie Awards Nom', 'Blockbuster Entertainment Awards Win', 'BAFTA Awards Nom']"
129,Forest Whitaker,1961,"['The Last King of Scotland', 'The Butler', 'Battlefield Earth', 'Black Panther']","['Actor', 'Producer', 'Director']","['Academy Awards USA Win', 'Acapulco Black Film Festival Nom', 'Biarritz International Festival of Audiovisual Programming Win', 'BET Awards Nom', 'Blockbuster Entertainment Awards Win']"
130,Alice Braga,1983,"['I Am Legend', 'Elysium', 'Predators', 'Repo Men']","['Actress', 'Producer', 'Director']","['Cinema Brazil Grand Prize Nom', 'Gramado Film Festival Win', 'Imagen Foundation Awards Nom', 'Schermi d’Amore - Verona Film Festival Win', 'Black Reel Awards Nom']"
131,Liev Schreiber,1967,"['Spotlight', 'X-Men Origins: Wolverine', 'The Manchurian Candidate', 'Everything Is Illuminated']","['Actor', 'Producer', 'Additional Crew']","['Academy of Science Fiction Fantasy & Horror Films USA Nom', 'Acapulco Black Film Festival Nom', 'Film Critics Circle of Australia Awards Nom', 'Bratislava International Film Festival Win', 'Critics Choice Awards Nom']"
132,Carice van Houten,1976,"['Game of Thrones', '2012–2019 • 29 eps', '2006', '2008', '2010']","['Actress', 'Producer', 'Writer']","['Academy of Science Fiction Fantasy & Horror Films USA Nom', ""Artek - International Children's Film Festival Win"", 'Carrousel International du Film Win', 'Chicago Film Critics Association Awards Nom', 'Primetime Emmy Awards Nom']"
133,Chandler Canterbury,1998,"['After.Life', 'Knowing', 'The Host', 'Repo Men']","['Actor', 'Producer']",['Young Artist Awards Nom']
134,Joe Pingue,1972,"['Star Trek: Section 31', '7.6', 'The Expanse', '2015 • 1 ep', '2010']","['Actor', 'Director', 'Writer']","['Canadian Comedy Awards Nom', 'Gemini Awards Nom', 'Genie Awards Nom', 'WorldFest Houston Win', 'ACTRA Awards Nom']"
135,Liza Lapira,1981,"['21', 'Crazy, Stupid, Love.', 'Fast & Furious', 'Domino']","['Actress', 'Producer', 'Soundtrack']",['ShoWest Convention USA Win']
136,Josh Brolin,1968,"['No Country for Old Men', 'Avengers: Endgame', 'Avengers: Infinity War', 'Inherent Vice']","['Actor', 'Producer', 'Director']","['Academy Awards USA Nom', 'Academy of Science Fiction Fantasy & Horror Films USA Win', 'Blockbuster Entertainment Awards Nom', 'Critics Choice Awards Nom', 'Chicago Film Critics Association Awards Nom']"
137,John Malkovich,1953,"['In the Line of Fire', 'Being John Malkovich', 'Burn After Reading', 'RED']","['Actor', 'Producer', 'Writer']","['Academy Awards USA Nom', 'Academy of Science Fiction Fantasy & Horror Films USA Nom', 'American Comedy Awards USA Win', 'Boston Society of Film Critics Awards Win', 'BAFTA Awards Nom']"
138,Megan Fox,1986,"['Transformers', 'Teenage Mutant Ninja Turtles', ""Jennifer's Body"", 'Teenage Mutant Ninja Turtles: Out of the Shadows']","['Actress', 'Producer', 'Writer']","[""Kids' Choice Awards USA Nom"", 'MTV Movie + TV Awards Nom', ""People's Choice Awards USA Nom"", 'Razzie Awards Win', 'SFX Awards UK Nom']"
139,Michael Fassbender,1977,"['Shame', 'Prometheus', 'X-Men: First Class', 'Steve Jobs']","['Actor', 'Producer', 'Executive']","['Academy Awards USA Nom', 'Academy of Science Fiction Fantasy & Horror Films USA Nom', 'Boston Society of Film Critics Awards Nom', 'BAFTA Awards Nom', 'British Independent Film Awards Nom']"
140,Will Arnett,1970,"['The Lego Batman Movie', 'The Lego Movie', 'Arrested Development', '2003–2019 • 84 eps', '2016']","['Actor', 'Producer', 'Writer']","['American Comedy Awards USA Nom', 'Annie Awards Win', 'Primetime Emmy Awards Nom', 'Satellite Awards Nom', ""Kids' Choice Awards USA Nom""]"
141,John Gallagher Jr.,1984,"['10 Cloverfield Lane', 'Short Term 12', 'Hush', 'Peppermint']","['Actor', 'Producer', 'Soundtrack']","['Fright Meter Awards Nom', 'CinEuphoria Awards Nom', 'Online Film & Television Association Nom']"
142,Tom Wopat,1951,"['The Dukes of Hazzard', '1979–1985 • 128 eps', '2012', '2010', 'Luke Duke']","['Actor', 'Director', 'Soundtrack']","['Screen Actors Guild Awards Nom', 'Academy of Country Music Awards Nom']"
143,Michael Shannon,1974,"['Take Shelter', 'The Shape of Water', 'Revolutionary Road', '99 Homes']","['Actor', 'Producer', 'Director']","['Academy Awards USA Nom', 'Academy of Science Fiction Fantasy & Horror Films USA Nom', 'Boston Society of Film Critics Awards Nom', 'Critics Choice Awards Nom', 'Chicago Film Critics Association Awards Nom']"
144,Wes Bentley,1978,"['American Beauty', 'The Hunger Games', 'Interstellar', 'P2']","['Actor', 'Producer', 'Soundtrack']","['Blockbuster Entertainment Awards Nom', 'BAFTA Awards Nom', 'Chicago Film Critics Association Awards Win', 'MTV Movie + TV Awards Nom', 'National Board of Review USA Win']"
145,Julia Jones,1981,"['The Twilight Saga: Eclipse', 'Westworld', '2018 • 2 eps', '2017', 'Omera']",['Actress'],"['Academy of Science Fiction Fantasy & Horror Films USA Nom', 'First Americans in the Arts Awards Win', 'Western Heritage Awards Win', 'American Indian Film Festival Win', 'Red Nation Film Festival Nom']"
146,Selena Gomez,1992,"['Spring Breakers', 'Monte Carlo', 'Hotel Transylvania', 'Getaway']","['Music Artist', 'Actress', 'Music Department']","['ALMA Awards Nom', 'BET Awards Nom', 'Critics Choice Awards Nom', 'Cannes Film Festival Win', 'Daytime Emmy Awards Nom']"
147,John Corbett,1961,"['My Big Fat Greek Wedding', 'Northern Exposure', '1990–1995 • 110 eps', '2001', '2007']","['Actor', 'Producer', 'Additional Crew']","['Academy of Science Fiction Fantasy & Horror Films USA Nom', 'Primetime Emmy Awards Nom', 'Golden Globes USA Nom', 'Method Fest Win', 'Prism Awards Nom']"
148,Bridget Moynahan,1971,"['I, Robot', 'Battle: Los Angeles', 'The Sum of All Fears', 'Lord of War']","['Actress', 'Director', 'Producer']","['Beverly Hills Film Festival Win', 'Portland Comedy Film Festival Win']"
149,Ginnifer Goodwin,1978,"['Zootropolis', 'Big Love', '2006–2011 • 53 eps', 'Mary Margaret BlanchardSnow WhiteQueen Snow White', 'Vivian Cash']","['Actress', 'Producer', 'Soundtrack']","[""Kids' Choice Awards USA Win"", ""People's Choice Awards USA Nom"", 'Teen Choice Awards Nom', 'Washington DC Area Film Critics Association Awards Nom', 'Alliance of Women Film Journalists Win']"
150,Josh Duhamel,1972,"['Transformers', 'Safe Haven', 'Paradise Lost', 'Transformers: The Last Knight']","['Actor', 'Producer', 'Writer']","['Daytime Emmy Awards Nom', 'Razzie Awards Nom', 'Soap Opera Digest Awards Nom', 'Teen Choice Awards Nom', 'ACCEC Awards Win']"
151,Jason Spevack,1997,"['Sunshine Cleaning', 'Hollywoodland', 'Jesus Henry Christ', 'The Perfect Catch']","['Actor', 'Producer', 'Writer']",['Young Artist Awards Nom']
152,Sierra McCormick,1997,"['The Vast of Night', 'Curb Your Enthusiasm', '2007–2009 • 3 eps', 'Scarlett WinslowScarlett', 'Susan']","['Actress', 'Producer']","['Hamptons International Film Festival Win', 'Young Artist Awards Win', 'Fright Meter Awards Nom', 'Critics Choice Super Awards Nom']"
153,Sandra Oh,1971,"['Killing Eve', '2018–2022 • 31 eps', '2004', 'Dr. Cristina Yang', 'Patti']","['Actress', 'Producer', 'Writer']","['Academy of Science Fiction Fantasy & Horror Films USA Nom', 'Biarritz International Festival of Audiovisual Programming Win', 'Boston Society of Film Critics Awards Win', 'BAFTA Awards Nom', 'Critics Choice Awards Nom']"
154,Jake Gyllenhaal,1980,"['Nightcrawler', 'Brokeback Mountain', 'Prisoners', 'Donnie Darko']","['Actor', 'Producer', 'Camera and Electrical Department']","['Academy Awards USA Nom', 'Academy of Science Fiction Fantasy & Horror Films USA Nom', 'BAFTA Awards Nom', 'Critics Choice Awards Nom', 'Chicago Film Critics Association Awards Nom']"
155,Anne Hathaway,1982,"['Les Misérables', 'The Dark Knight Rises', 'Rachel Getting Married', 'Love & Other Drugs']","['Actress', 'Producer', 'Soundtrack']","['Academy Awards USA Win', 'Academy of Science Fiction Fantasy & Horror Films USA Nom', 'Boston Society of Film Critics Awards Nom', 'BAFTA Awards Win', 'British Independent Film Awards Nom']"
156,Oliver Platt,1960,"['The Three Musketeers', 'Bicentennial Man', 'Lake Placid', 'Frost/Nixon']","['Actor', 'Producer']","['Blockbuster Entertainment Awards Nom', 'Boston Society of Film Critics Awards Nom', 'Primetime Emmy Awards Nom', 'Golden Globes USA Nom', 'Gotham Awards Nom']"
157,Hank Azaria,1964,"['The Simpsons', '1989–2024 • 756 eps', 'Alex', 'Agador', 'Blue Raja']","['Actor', 'Producer', 'Writer']","['American Comedy Awards USA Nom', 'Annie Awards Win', 'Critics Choice Awards Nom', 'Primetime Emmy Awards Nom', 'Screen Actors Guild Awards Nom']"
158,Josh Gad,1981,"['Frozen', 'Beauty and the Beast', 'Pixels', '21']","['Actor', 'Producer', 'Writer']","['American Comedy Awards USA Nom', 'Annie Awards Win', 'Grammy Awards Win', ""Kids' Choice Awards USA Win"", 'MTV Movie + TV Awards Nom']"
159,Gabriel Macht,1972,"['The Good Shepherd', 'A Love Song for Bobby Long', 'The Spirit', 'Suits', '2011–2019 • 134 eps']","['Actor', 'Producer', 'Director']","['Berlin International Film Festival Win', 'Young Artist Awards Nom']"
160,Judy Greer,1975,"['13 Going on 30', 'Jurassic World', 'Ant-Man', 'Dawn of the Planet of the Apes']","['Actress', 'Producer', 'Director']","['Annie Awards Nom', 'Satellite Awards Nom', 'Gotham Awards Nom', 'Screen Actors Guild Awards Nom', 'Southeastern Film Critics Association Awards Nom']"
161,George Segal,1934,"[""Who's Afraid of Virginia Woolf?"", '2012', ""Look Who's Talking"", 'The Owl and the Pussycat']","['Actor', 'Producer', 'Soundtrack']","['Academy Awards USA Nom', 'BAFTA Awards Nom', 'CableACE Awards Nom', 'Golden Globes USA Nom', 'Satellite Awards Nom']"
162,Jill Clayburgh,1944,"['Bridesmaids', 'An Unmarried Woman', 'Running with Scissors', 'Starting Over']","['Actress', 'Soundtrack']","['Academy Awards USA Nom', 'BAFTA Awards Nom', 'Cannes Film Festival Win', 'Primetime Emmy Awards Nom', 'Golden Apple Awards Win']"
163,Kate Jennings Grant,1970,"['Notorious', '2016 • 10 eps', 'Evelyn Benson', 'Gina', 'Diane Sawyer']",['Actress'],['BendFilm Festival Win']
164,Anthony Mackie,1978,"['The Hurt Locker', 'The Adjustment Bureau', 'Captain America: The Winter Soldier', 'Captain America: Civil War']","['Actor', 'Producer', 'Director']","['Academy of Science Fiction Fantasy & Horror Films USA Nom', 'BET Awards Nom', 'Chicago International Film Festival Win', 'Gotham Awards Win', 'Image Awards (NAACP) Nom']"
165,Kerry Washington,1977,"['Scandal', '2012–2018 • 124 eps', '2004', '2001', '2012']","['Actress', 'Producer', 'Director']","['Acapulco Black Film Festival Nom', 'BET Awards Nom', 'Costume Designers Guild Awards Win', 'Primetime Emmy Awards Nom', 'GLAAD Media Awards Win']"
166,Ron Simons,1960,"['27 Dresses', 'Night Catches Us', 'The Washington Snipers', 'Entangled']","['Actor', 'Producer']","['Film Independent Spirit Awards Nom', 'Black Reel Awards Win']"
167,Tariq Trotter,1973,"['Zoolander 2', 'Popstar: Never Stop Never Stopping']","['Music Department', 'Actor', 'Producer']","['Grammy Awards Nom', 'Image Awards (NAACP) Nom', 'International Documentary Association Nom', 'Awards Circuit Community Awards Nom']"
168,Gemma Whelan,1981,"['Game of Thrones', '2012–2019 • 16 eps', '2010', '2020', '2010']",['Actress'],"['Screen Actors Guild Awards Nom', 'CinEuphoria Awards Win', 'Tweetfest Film Festival Win']"
169,Emily Blunt,1983,"['Edge of Tomorrow', 'The Devil Wears Prada', 'The Adjustment Bureau', 'Salmon Fishing in the Yemen']","['Actress', 'Producer', 'Additional Crew']","['Academy Awards USA Nom', 'Academy of Science Fiction Fantasy & Horror Films USA Win', 'BAFTA Awards Nom', 'British Independent Film Awards Nom', 'Critics Choice Awards Nom']"
170,Benicio Del Toro,1967,"['Sicario', 'Traffic', 'The Usual Suspects', 'Guardians of the Galaxy']","['Actor', 'Producer', 'Director']","['Academy Awards USA Nom', 'ALMA Awards Nom', 'Berlin International Film Festival Win', 'Blockbuster Entertainment Awards Win', 'BAFTA Awards Nom']"
171,Asa Butterfield,1997,"['Hugo', ""Ender's Game"", 'The Boy in the Striped Pyjamas', 'The Space Between Us']",['Actor'],"['Academy of Science Fiction Fantasy & Horror Films USA Nom', 'British Independent Film Awards Nom', 'Critics Choice Awards Nom', 'Las Vegas Film Critics Society Awards Win', 'London Critics Circle Film Awards Nom']"
172,Anthony Hopkins,1937,"['The Silence of the Lambs', 'Nixon', 'Hitchcock', ""The World's Fastest Indian""]","['Actor', 'Composer', 'Producer']","['Academy Awards USA Win', 'Academy of Science Fiction Fantasy & Horror Films USA Nom', 'Boston Society of Film Critics Awards Win', 'BAFTA Awards Win', 'BAFTA Awards Wales Nom']"
173,Art Malik,1952,"['True Lies', 'The Living Daylights', 'The Wolfman', 'The Little Mermaid']","['Actor', 'Producer']",['BAFTA Awards Nom']
174,Sam Riley,1980,"['Control', 'Maleficent', 'Pride and Prejudice and Zombies', 'On the Road']","['Actor', 'Soundtrack']","['Bratislava International Film Festival Win', 'BAFTA Awards Nom', 'British Independent Film Awards Nom', 'Chicago International Film Festival Win', 'Edinburgh International Film Festival Win']"
175,Gaby Hoffmann,1982,"['Field of Dreams', 'Now and Then', 'Everyone Says I Love You', 'Uncle Buck']","['Actress', 'Director', 'Soundtrack']","['Primetime Emmy Awards Nom', 'Gotham Awards Nom', 'Film Independent Spirit Awards Nom', 'Screen Actors Guild Awards Nom', 'SXSW Film Festival Win']"
176,Jason Statham,1967,"['Crank', 'Fast & Furious 7', 'Spy', 'The Meg']","['Actor', 'Producer', 'Stunts']","['Critics Choice Awards Nom', 'Razzie Awards Nom', 'Teen Choice Awards Nom', 'Alliance of Women Film Journalists Nom', 'Shorty Awards Nom']"
177,Mickey Rourke,1952,"['Sin City', 'The Wrestler', 'Angel Heart', 'Iron Man 2']","['Actor', 'Writer', 'Producer']","['Academy Awards USA Nom', 'Academy of Science Fiction Fantasy & Horror Films USA Win', 'Boston Society of Film Critics Awards Win', 'BAFTA Awards Win', 'Critics Choice Awards Nom']"
178,Emmanuelle Chriqui,1975,"['Wrong Turn', ""You Don't Mess with the Zohan"", '100 Girls', 'Waiting']","['Actress', 'Producer']","['Academy of Science Fiction Fantasy & Horror Films USA Nom', 'Teen Choice Awards Nom', 'Young Hollywood Awards Win', 'DVD Exclusive Awards Nom', 'Online Film & Television Association Nom']"
179,Madeline Carroll,1996,"['Flipped', 'Resident Evil: Extinction', 'Swing Vote', 'The Spy Next Door']","['Actress', 'Producer']","['Young Artist Awards Nom', 'ICVM Crown Awards Win', 'Burbank International Film Festival Win', 'Madrid International Film Festival ES Win', 'International Christian Film Festival Win']"
180,Callan McAuliffe,1995,"['Flipped', 'I Am Number Four', 'The Great Gatsby', 'Cloudstreet', '2011 • 2 eps']","['Actor', 'Soundtrack']","['Young Artist Awards Win', 'CinEuphoria Awards Win', 'The Equity Ensemble Awards Nom']"
181,Rebecca De Mornay,1959,"['The Hand That Rocks the Cradle', 'Runaway Train', 'Risky Business', 'Identity']","['Actress', 'Producer', 'Director']","['Academy of Science Fiction Fantasy & Horror Films USA Nom', 'Chicago Film Critics Association Awards Nom', 'Cognac Festival du Film Policier Win', 'MTV Movie + TV Awards Nom', 'Razzie Awards Nom']"
182,Anthony Edwards,1962,"['ER', '1994–2008 • 180 eps', '1986', '2007', '1984']","['Actor', 'Producer', 'Director']","['CableACE Awards Nom', 'Daytime Emmy Awards Win', 'Primetime Emmy Awards Win', 'Golden Globes USA Nom', 'Satellite Awards Nom']"
183,John Mahoney,1940,"['Frasier', '1993–2004 • 263 eps', '1987', '1989', '1991']","['Actor', 'Producer', 'Soundtrack']","['Chicago Film Critics Association Awards Win', 'Primetime Emmy Awards Nom', 'Golden Globes USA Nom', 'Satellite Awards Nom', 'Prism Awards Nom']"
184,Penelope Ann Miller,1964,"[""Carlito's Way"", 'The Artist', 'Kindergarten Cop', 'The Freshman']","['Actress', 'Soundtrack']","['Academy of Science Fiction Fantasy & Horror Films USA Nom', 'Chicago Film Critics Association Awards Win', 'Golden Globes USA Nom', 'Hollywood Film Awards Win', 'Screen Actors Guild Awards Nom']"
185,Aidan Quinn,1959,"['Practical Magic', 'Flipped', 'Legends of the Fall', 'Michael Collins']","['Actor', 'Producer', 'Director']","['Blockbuster Entertainment Awards Nom', 'CableACE Awards Nom', 'Primetime Emmy Awards Nom', 'Satellite Awards Nom', 'Gotham Awards Nom']"
186,Morgan Lily,2000,"['2012', 'Flipped', 'Cooties', 'X-Men: First Class']",['Actress'],['Young Artist Awards Nom']
187,Julianne Moore,1960,"['Far from Heaven', 'Boogie Nights', 'The Kids Are All Right', 'Maps to the Stars']","['Actress', 'Producer', 'Soundtrack']","['Academy Awards USA Win', 'Academy of Science Fiction Fantasy & Horror Films USA Nom', 'Berlin International Film Festival Win', 'Blockbuster Entertainment Awards Nom', 'Boston Society of Film Critics Awards Nom']"
188,Annette Bening,1958,"['American Beauty', '20th Century Women', 'The Kids Are All Right', 'The Grifters']","['Actress', 'Producer', 'Soundtrack']","['Academy Awards USA Nom', 'American Comedy Awards USA Win', 'American Society of Cinematographers USA Win', 'Blockbuster Entertainment Awards Nom', 'Boston Society of Film Critics Awards Nom']"
189,Mark Ruffalo,1967,"['Spotlight', 'The Kids Are All Right', 'Avengers Assemble', 'Foxcatcher']","['Actor', 'Producer', 'Writer']","['Academy Awards USA Nom', 'Academy of Science Fiction Fantasy & Horror Films USA Nom', 'Boston Society of Film Critics Awards Nom', 'BAFTA Awards Nom', 'Critics Choice Awards Nom']"
190,Mia Wasikowska,1989,"['Alice in Wonderland', 'Stoker', 'Crimson Peak', 'Maps to the Stars']","['Actress', 'Director', 'Writer']","['Academy of Science Fiction Fantasy & Horror Films USA Nom', 'Film Critics Circle of Australia Awards Nom', 'Australian Film Institute Win', 'British Independent Film Awards Nom', 'Gotham Awards Nom']"
191,Josh Hutcherson,1992,"['The Hunger Games', 'The Hunger Games: Catching Fire', 'The Hunger Games: Mockingjay - Part 2', 'Zathura: A Space Adventure']","['Actor', 'Producer', 'Director']","['Academy of Science Fiction Fantasy & Horror Films USA Nom', 'GLAAD Media Awards Win', 'Gotham Awards Nom', 'Las Vegas Film Critics Society Awards Nom', 'MTV Movie + TV Awards Win']"
192,Yaya DaCosta,1982,"['The Butler', 'Take the Lead', 'The Kids Are All Right', 'In Time']","['Actress', 'Producer']","['Acapulco Black Film Festival Nom', 'Teen Choice Awards Nom', 'Black Reel Awards Nom', 'Phoenix Film Critics Society Awards Nom', 'Central Ohio Film Critics Association Nom']"
193,Kunal Sharma,1987,"['Hawaii Five-0', '2017–2019 • 8 eps', 'Sid', 'Jai', 'TV Movie']","['Actor', 'Soundtrack']","['Phoenix Film Critics Society Awards Nom', 'Central Ohio Film Critics Association Nom', 'Washington DC Area Film Critics Association Awards Nom']"
194,Eddie Hassell,1990,"['The Kids Are All Right', 'Surface', '2005–2006 • 10 eps', '2009', '2013']","['Actor', 'Camera and Electrical Department']","['Young Artist Awards Nom', 'Phoenix Film Critics Society Awards Nom', 'Central Ohio Film Critics Association Nom', 'Washington DC Area Film Critics Association Awards Nom']"
195,Zosia Mamet,1988,"['The Kids Are All Right', 'Girls', '2012–2017 • 48 eps', '2024', '2004']","['Actress', 'Producer', 'Makeup Department']","['Screen Actors Guild Awards Nom', 'Online Film & Television Association Nom', 'International Online Cinema Awards (INOCA) Nom']"
196,Joaquín Garrido,1952,"['The Kids Are All Right', 'Like Water for Chocolate', 'Tierra de Reyes', '2014–2015 • 143 eps', 'Aníbal Villegas']","['Actor', 'Casting Director']","['Ariel Awards Mexico Nom', 'Phoenix Film Critics Society Awards Nom', 'Central Ohio Film Critics Association Nom', 'Washington DC Area Film Critics Association Awards Nom']"
197,Ben Affleck,1972,"['Argo', 'Gone Girl', 'The Town', 'Good Will Hunting']","['Producer', 'Actor', 'Writer']","['Academy Awards USA Win', 'Academy of Science Fiction Fantasy & Horror Films USA Win', 'American Comedy Awards USA Nom', 'Aspen Filmfest Win', 'Berlin International Film Festival Nom']"
198,Rebecca Hall,1982,"['Vicky Cristina Barcelona', 'The Town', 'The Prestige', 'Christine']","['Actress', 'Producer', 'Director']","['BAFTA Awards Nom', 'British Independent Film Awards Nom', 'Broadcasting Press Guild Awards Win', 'Camerimage Nom', 'Chicago Film Critics Association Awards Nom']"
199,Jon Hamm,1971,"['Mad Men', '2007–2015 • 92 eps', '2010', '2014', '2018']","['Actor', 'Producer', 'Director']","['Annie Awards Nom', 'Primetime Emmy Awards Win', 'Golden Globes USA Nom', 'Satellite Awards Nom', 'Monte-Carlo TV Festival Win']"
200,Jeremy Renner,1971,"['The Hurt Locker', 'The Town', 'Wind River', 'Avengers Assemble']","['Actor', 'Producer', 'Sound Department']","['Academy Awards USA Nom', 'Academy of Science Fiction Fantasy & Horror Films USA Nom', 'Boston Society of Film Critics Awards Win', 'BAFTA Awards Nom', 'Critics Choice Awards Nom']"
201,Blake Lively,1987,"['Gossip Girl', '2007–2012 • 121 eps', '2015', '2010', '2016']","['Actress', 'Producer', 'Director']","['Academy of Science Fiction Fantasy & Horror Films USA Nom', 'National Board of Review USA Win', 'Newport Beach Film Festival Win', ""People's Choice Awards USA Win"", 'Prism Awards Nom']"
202,Titus Welliver,1962,"['The Town', 'Argo', 'Transformers: Age of Extinction', 'Man on a Ledge']","['Actor', 'Producer', 'Writer']","['Satellite Awards Nom', 'Hollywood Film Awards Win', 'National Board of Review USA Win', ""People's Choice Awards USA Win"", 'San Diego Film Critics Society Awards Nom']"
203,Pete Postlethwaite,1946,"['The Usual Suspects', 'The Town', 'The Lost World: Jurassic Park', 'Inception']","['Actor', 'Producer']","['Academy Awards USA Nom', 'Academy of Science Fiction Fantasy & Horror Films USA Nom', 'BAFTA Awards Nom', 'National Board of Review USA Win', 'Phoenix Film Critics Society Awards Nom']"
204,Chris Cooper,1951,"['Adaptation.', 'August: Osage County', 'Breach', 'American Beauty']","['Actor', 'Director', 'Producer']","['Academy Awards USA Win', 'Austin Film Festival Win', 'BAFTA Awards Nom', 'Critics Choice Awards Win', 'Chicago Film Critics Association Awards Nom']"
205,Jason Bateman,1969,"['Arrested Development', '2003–2019 • 84 eps', '2016', '2013', '2007']","['Actor', 'Producer', 'Director']","['American Comedy Awards USA Nom', 'Annie Awards Win', 'Critics Choice Awards Nom', 'Directors Guild of America USA Nom', 'Primetime Emmy Awards Nom']"
206,Jennifer Aniston,1969,"['Friends', '1994–2004 • 234 eps', '2014', '2013', '2002']","['Actress', 'Producer', 'Director']","['American Comedy Awards USA Nom', 'Critics Choice Awards Nom', 'Directors Guild of America USA Nom', 'Primetime Emmy Awards Nom', 'Giffoni Film Festival Win']"
207,Jeff Goldblum,1952,"['Jurassic Park', 'The Fly', 'The Grand Budapest Hotel', 'Independence Day']","['Actor', 'Producer', 'Writer']","['Academy Awards USA Nom', 'Academy of Science Fiction Fantasy & Horror Films USA Nom', 'Blockbuster Entertainment Awards Nom', 'Boston Society of Film Critics Awards Nom', 'British Independent Film Awards Nom']"
208,Juliette Lewis,1973,"['Cape Fear', 'August: Osage County', 'Natural Born Killers', 'From Dusk Till Dawn']","['Actress', 'Director', 'Producer']","['Academy Awards USA Nom', 'Academy of Science Fiction Fantasy & Horror Films USA Nom', 'Blockbuster Entertainment Awards Win', 'Boston Society of Film Critics Awards Win', 'Chicago Film Critics Association Awards Win']"
209,Todd Louiso,1970,"['High Fidelity', 'Hello I Must Be Going', 'Jerry Maguire', 'Macbeth']","['Actor', 'Director', 'Writer']","['Gijón International Film Festival Nom', 'New York Comedy Festival Win', 'Sundance Film Festival Nom', ""British Screenwriters' Awards Nom""]"
210,Patrick Wilson,1973,"['The Phantom of the Opera', 'Hard Candy', 'Insidious', 'Watchmen']","['Actor', 'Producer', 'Director']","['Academy of Science Fiction Fantasy & Horror Films USA Nom', 'Sitges - Catalonian International Film Festival Win', 'Primetime Emmy Awards Nom', 'Golden Globes USA Nom', 'Satellite Awards Nom']"
211,Rebecca Naomi Jones,1981,"['Genius', '2021 • 8 eps', 'Gwen', 'Leah', 'Self - Whatsername']","['Actress', 'Soundtrack']",['Grammy Awards Nom']
212,Kelli Barrett,1984,"['Fosse/Verdon', '2019 • 3 eps', 'Maria Castle', 'TV Mini Series', '6.4']","['Actress', 'Soundtrack']",[]
213,Amanda Seyfried,1985,"['Les Misérables', 'Mean Girls', 'Dear John', 'Mamma Mia!']","['Actress', 'Producer', 'Soundtrack']","['Academy Awards USA Nom', 'Academy of Science Fiction Fantasy & Horror Films USA Nom', 'Boston Society of Film Critics Awards Nom', 'Critics Choice Awards Win', 'Chicago Film Critics Association Awards Nom']"
214,Marcia DeBonis,1960,"['13 Going on 30', 'Whatever Works', 'Letters to Juliet', 'The Dictator']","['Actress', 'Casting Department', 'Casting Director']","['FilmOut San Diego US Win', 'Melbourne Web Fest Nom']"
215,Gael García Bernal,1978,"['Mozart in the Jungle', '2014–2018 • 40 eps', '2004', '2001', '2000']","['Actor', 'Producer', 'Writer']","['Ariel Awards Mexico Nom', 'Academy of Science Fiction Fantasy & Horror Films USA Nom', 'ALMA Awards Nom', 'BAFTA Awards Nom', 'Critics Choice Awards Nom']"
216,Luisa Ranieri,1973,"['Letters to Juliet', 'The Hand of God', 'Gli amici del bar Margherita', 'Basette', '2006']","['Actress', 'Writer']","['Biarritz International Festival of Audiovisual Programming Win', 'David di Donatello Awards Nom', 'Italian National Syndicate of Film Journalists Win', 'CinEuphoria Awards Nom', 'Golden Graals Nom']"
217,Marina Massironi,1963,"['Letters to Juliet', 'Bread and Tulips', 'Luca', 'Three Men and a Leg']",['Actress'],"['David di Donatello Awards Win', 'Italian National Syndicate of Film Journalists Nom', 'Golden Ciak Awards Nom', 'Voice Arts Awards Win']"
218,Rachel Weisz,1970,"['The Constant Gardener', 'The Lobster', 'Disobedience', 'The Mummy']","['Actress', 'Producer', 'Director']","['Academy Awards USA Nom', 'Academy of Science Fiction Fantasy & Horror Films USA Nom', 'Berlin International Film Festival Win', 'Blockbuster Entertainment Awards Nom', 'BAFTA Awards Win']"
219,Vanessa Redgrave,1937,"['Atonement', 'Coriolanus', 'Howards End', 'Letters to Juliet']","['Actress', 'Producer', 'Director']","['Academy Awards USA Nom', 'Academy of Science Fiction Fantasy & Horror Films USA Nom', 'Acapulco Black Film Festival Nom', 'Argentinean Film Critics Association Awards Nom', 'Blockbuster Entertainment Awards Nom']"
220,Monica Bellucci,1964,"['Malena', 'The Matrix Revolutions', 'The Matrix Reloaded', ""Shoot 'Em Up""]","['Actress', 'Producer', 'Soundtrack']","['Academy of Science Fiction Fantasy & Horror Films USA Nom', 'César Awards France Nom', 'David di Donatello Awards Win', 'Italian National Syndicate of Film Journalists Win', 'MTV Movie + TV Awards Nom']"
221,David Strathairn,1949,"['Good Night, and Good Luck.', 'Lincoln', 'Godzilla', 'L.A. Confidential']","['Actor', 'Producer', 'Additional Crew']","['Academy Awards USA Nom', 'BAFTA Awards Nom', 'Critics Choice Awards Nom', 'CableACE Awards Nom', 'Chicago Film Critics Association Awards Nom']"
222,Nikolaj Lie Kaas,1973,"['Department Q: The Keeper of Lost Causes', 'The Absent One', 'Angels & Demons', 'Riders of Justice']","['Actor', 'Director', 'Writer']","['Berlin International Film Festival Nom', 'Bodil Awards Nom', 'Cinemanila International Film Festival Win', 'Danish Film Awards (Robert) Nom', 'Zulu Awards Nom']"
223,Alexandru Potocean,1984,"['4 Months, 3 Weeks and 2 Days', 'The Way Back', 'The Whistleblower', 'Poppy Field']",['Actor'],['Gopo Awards Romania Win']
224,Ron Perlman,1950,"['Hand of God', '2014–2017 • 20 eps', '2008', '2004', 'Vincent']","['Actor', 'Producer', 'Director']","['Sitges - Catalonian International Film Festival Win', 'Primetime Emmy Awards Nom', 'Genie Awards Nom', 'Golden Apple Awards Win', 'Golden Globes USA Win']"
225,Leelee Sobieski,1983,"['Never Been Kissed', '88 Minutes', 'In the Name of the King: A Dungeon Siege Tale', 'Joy Ride']","['Actress', 'Producer']","['Chicago Film Critics Association Awards Nom', 'Primetime Emmy Awards Nom', 'Golden Globes USA Nom', 'Satellite Awards Nom', 'Razzie Awards Nom']"
226,Jim Hanks,1961,"['Blood Type', 'Abnormal Attraction', 'Forrest Gump', 'Larry Crowne']","['Actor', 'Cinematographer', 'Producer']","['Monaco International Film Festival Win', 'Hollywood South Film Festival Win']"
227,Matthew Yang King,1974,"['Avatar: The Last Airbender', '2024 • 7 eps', 'Marty Mantle', 'Video Game', '7.0']","['Actor', 'Writer', 'Director']",['Behind the Voice Actors Awards Nom']
228,Michelle Thrush,1967,"['Pathfinder', 'Prey', 'Blackstone', '2009–2015 • 39 eps', 'Brigit']","['Actress', 'Additional Crew', 'Producer']","['Alberta Film & Television Awards (AMPIA Awards) Nom', 'Gemini Awards Win', 'Leo Awards Win', 'American Indian Film Festival Nom', 'Canadian Screen Awards CA Win']"
229,Nicole Kidman,1967,"['Moulin Rouge!', 'The Hours', 'Cold Mountain', 'Rabbit Hole']","['Actress', 'Producer', 'Music Department']","['Academy Awards USA Nom', 'Academy of Science Fiction Fantasy & Horror Films USA Nom', 'American Comedy Awards USA Nom', 'American Film Institute USA Win', 'Film Critics Circle of Australia Awards Nom']"
230,Aaron Eckhart,1968,"['The Dark Knight', 'Thank You for Smoking', 'Rabbit Hole', 'In the Company of Men']","['Actor', 'Producer', 'Soundtrack']","['Academy of Science Fiction Fantasy & Horror Films USA Nom', 'Critics Choice Awards Nom', 'Chicago Film Critics Association Awards Nom', 'Denver International Film Festival Win', 'Golden Globes USA Nom']"
231,Dianne Wiest,1946,"['The Birdcage', 'Hannah and Her Sisters', 'Bullets Over Broadway', 'Edward Scissorhands']","['Actress', 'Soundtrack']","['Academy Awards USA Win', 'Academy of Science Fiction Fantasy & Horror Films USA Nom', 'American Comedy Awards USA Nom', 'Blockbuster Entertainment Awards Nom', 'Boston Society of Film Critics Awards Nom']"
232,Miles Teller,1987,"['Whiplash', 'The Spectacular Now', 'Fantastic Four', 'Insurgent']","['Actor', 'Producer', 'Soundtrack']","['BAFTA Awards Nom', 'Family Film Awards Nom', 'Satellite Awards Nom', 'Gotham Awards Nom', 'MTV Movie + TV Awards Nom']"
233,Tammy Blanchard,1976,"['Into the Woods', 'The Invitation', 'Life with Judy Garland: Me and My Shadows', '2001 • 2 eps', '2006']","['Actress', 'Soundtrack']","['Berlin International Film Festival Win', 'Primetime Emmy Awards Win', 'Golden Globes USA Nom', 'Satellite Awards Win', 'Grammy Awards Nom']"
234,Sandra Oh,1971,"['Killing Eve', '2018–2022 • 31 eps', '2004', 'Dr. Cristina Yang', 'Patti']","['Actress', 'Producer', 'Writer']","['Academy of Science Fiction Fantasy & Horror Films USA Nom', 'Biarritz International Festival of Audiovisual Programming Win', 'Boston Society of Film Critics Awards Win', 'BAFTA Awards Nom', 'Critics Choice Awards Nom']"
235,Giancarlo Esposito,1958,"['Breaking Bad', '2009–2011 • 26 eps', '1995', '2016', '1989']","['Music Department', 'Actor', 'Producer']","['Academy of Science Fiction Fantasy & Horror Films USA Nom', 'Critics Choice Awards Win', 'Primetime Emmy Awards Nom', 'Ft. Lauderdale International Film Festival Win', 'Satellite Awards Nom']"
236,Jon Tenney,1961,"['The Closer', '2005–2012 • 109 eps', 'Andrew Nichols', 'Bob', 'Behan']","['Actor', 'Director', 'Camera and Electrical Department']","[""People's Choice Awards USA Win"", 'Screen Actors Guild Awards Nom']"
237,Natalie Portman,1981,"['Black Swan', 'V for Vendetta', 'Jackie', 'Closer']","['Actress', 'Producer', 'Director']","['Academy Awards USA Nom', 'Academy of Science Fiction Fantasy & Horror Films USA Nom', 'Blockbuster Entertainment Awards Nom', 'Boston Society of Film Critics Awards Nom', 'BAFTA Awards Nom']"
238,Mila Kunis,1983,"['Black Swan', 'Jupiter Ascending', 'Forgetting Sarah Marshall', 'Bad Moms']","['Actress', 'Producer', 'Makeup Department']","['Academy of Science Fiction Fantasy & Horror Films USA Win', 'Annie Awards Nom', 'Critics Choice Awards Nom', 'Dallas-Fort Worth Film Critics Association Awards Nom', 'Golden Globes USA Nom']"
239,Vincent Cassel,1966,"['Black Swan', 'Mesrine Part 2: Public Enemy Number 1', 'La haine', 'Mesrine Part 1: Killer Instinct']","['Actor', 'Producer', 'Director']","['César Awards France Nom', 'European Film Awards Nom', 'Valenciennes International Festival of Action and Adventure Films Win', 'Irish Film and Television Awards Nom', 'Screen Actors Guild Awards Nom']"
240,Barbara Hershey,1948,"['Black Swan', 'Hannah and Her Sisters', 'Falling Down', 'Insidious']","['Actress', 'Soundtrack']","['Academy Awards USA Nom', 'Avoriaz Fantastic Film Festival Win', 'BAFTA Awards Nom', 'Cannes Film Festival Win', 'Chicago Film Critics Association Awards Nom']"
241,Winona Ryder,1971,"['Little Women', 'Mermaids', 'Girl, Interrupted', 'Alien Resurrection']","['Actress', 'Producer', 'Director']","['Academy Awards USA Nom', 'Academy of Science Fiction Fantasy & Horror Films USA Nom', 'Blockbuster Entertainment Awards Nom', 'Boston Society of Film Critics Awards Win', 'BAFTA Awards Nom']"
242,Benjamin Millepied,1977,"['Black Swan', 'Carmen', 'Dune: Part Two', 'Hearts & Arrows']","['Director', 'Additional Crew', 'Producer']","['Miami Film Festival Nom', 'Toronto International Film Festival Nom', 'CinEuphoria Awards Nom', 'Hollywood Music In Media Awards (HMMA) Nom']"
243,Kristina Anapau,1979,"['Black Swan', 'True Blood', '2011–2012 • 5 eps', 'Megan Marston', 'Video']","['Actress', 'Producer', 'Writer']",['Phoenix Film Festival Win']
244,Sebastian Stan,1982,"['Captain America: The Winter Soldier', 'Avengers: Endgame', 'Captain America: Civil War', 'Captain America: The First Avenger']","['Actor', 'Producer', 'Soundtrack']","['Berlin International Film Festival Win', 'Critics Choice Awards Nom', 'Primetime Emmy Awards Nom', 'Golden Globes USA Nom', ""Kids' Choice Awards USA Nom""]"
245,Casey Affleck,1975,"['Manchester by the Sea', 'Light of My Life', 'A Ghost Story', 'The Assassination of Jesse James by the Coward Robert Ford']","['Actor', 'Director', 'Writer']","['Academy Awards USA Win', 'Berlin International Film Festival Nom', 'Boston Society of Film Critics Awards Win', 'BAFTA Awards Win', 'Critics Choice Awards Win']"
246,Kate Hudson,1979,"['Almost Famous', 'How to Lose a Guy in 10 Days', 'Bride Wars', ""Fool's Gold""]","['Actress', 'Producer', 'Director']","['Academy Awards USA Nom', 'American Comedy Awards USA Nom', 'Blockbuster Entertainment Awards Win', 'BAFTA Awards Nom', 'Critics Choice Awards Win']"
247,Jessica Alba,1981,"['Fantastic Four', 'Sin City', 'Fantastic 4: Rise of the Silver Surfer', 'Machete']","['Actress', 'Producer', 'Cinematographer']","['Academy of Science Fiction Fantasy & Horror Films USA Nom', 'ALMA Awards Win', 'Critics Choice Awards Nom', 'Golden Globes USA Nom', 'Imagen Foundation Awards Nom']"
248,Ned Beatty,1937,"['Network', 'Deliverance', 'Shooter', 'Superman']","['Actor', 'Soundtrack']","['Academy Awards USA Nom', 'Primetime Emmy Awards Nom', 'Golden Globes USA Nom', 'MTV Movie + TV Awards Nom', 'RiverRun International Film Festival Win']"
249,Elias Koteas,1961,"['The Thin Red Line', 'Shooter', 'Teenage Mutant Hero Turtles', 'Crash']","['Actor', 'Producer']","['Critics Choice Awards Nom', 'Genie Awards Win', 'Satellite Awards Win', 'Phoenix Film Festival Win', 'Screen Actors Guild Awards Nom']"
250,Tom Bower,1938,"['Die Hard 2', 'The Hills Have Eyes', 'Out of the Furnace', 'The Killer Inside Me']","['Actor', 'Producer']","['Film Independent Spirit Awards Nom', 'North Hollywood Cinefest Nom', 'Golden State Film Festival Win']"
251,Simon Baker,1969,"['Margin Call', 'The Mentalist', '2008–2015 • 151 eps', '2006', '2005']","['Actor', 'Producer', 'Director']","['Film Critics Circle of Australia Awards Win', 'Australian Film Institute Nom', 'Primetime Emmy Awards Nom', 'Golden Globes USA Nom', 'Gotham Awards Nom']"
252,Bill Pullman,1953,"['Independence Day', 'Independence Day: Resurgence', 'Spaceballs', 'Lost Highway']","['Actor', 'Director', 'Producer']","['Academy of Science Fiction Fantasy & Horror Films USA Nom', 'Critics Choice Awards Nom', 'Denver International Film Festival Win', 'Satellite Awards Nom', 'Locarno International Film Festival Win']"
253,Matthew Maher,1971,"['Gone Baby Gone', 'Captain Marvel', ""It's Kind of a Funny Story"", 'Dogma']","['Actor', 'Additional Crew']",['Chlotrudis Awards Nom']
254,Ken Duken,1979,"['Max Manus: Man of War', 'Inglourious Basterds', 'Fate: The Winx Saga', '2021–2022 • 6 eps', 'Ali Zeller']","['Actor', 'Producer', 'Director']","['Grimme Award Win', 'Bavarian TV Awards Nom', 'German Television Awards Nom', 'Max Ophüls Festival Nom', 'Monte-Carlo TV Festival Nom']"
255,Stipe Erceg,1974,"['The Edukators', 'Unknown', 'The Baader Meinhof Complex', 'Yugotrip']","['Actor', 'Producer']","['Grimme Award Win', 'Max Ophüls Festival Win', 'Munich Film Festival Win', 'Hessian TV Award Win', 'New Faces Awards Germany Nom']"
256,Vinzenz Kiefer,1979,"['The Baader Meinhof Complex', 'Speed Racer', 'Alarm für Cobra 11 - Die Autobahnpolizei', '2009–2015 • 32 eps', '2016']",['Actor'],"['Bambi Awards Nom', 'Günter Strack TV Award Win', 'Undine Awards Austria Nom']"
257,Mark Wahlberg,1971,"['The Fighter', 'Boogie Nights', 'The Departed', 'Ted']","['Producer', 'Actor', 'Composer']","['Academy Awards USA Nom', 'Blockbuster Entertainment Awards Nom', 'Boston Society of Film Critics Awards Win', 'BAFTA Awards Win', 'Critics Choice Awards Win']"
258,Christian Bale,1974,"['The Dark Knight', 'Batman Begins', 'American Hustle', 'The Dark Knight Rises']","['Actor', 'Producer', 'Editorial Department']","['Academy Awards USA Nom', 'Academy of Science Fiction Fantasy & Horror Films USA Nom', 'Boston Society of Film Critics Awards Win', 'BAFTA Awards Nom', 'Critics Choice Awards Win']"
259,Amy Adams,1974,"['Arrival', 'Enchanted', 'The Fighter', 'American Hustle']","['Actress', 'Producer', 'Executive']","['Academy Awards USA Nom', 'Academy of Science Fiction Fantasy & Horror Films USA Nom', 'Boston Society of Film Critics Awards Win', 'BAFTA Awards Nom', 'Critics Choice Awards Nom']"
260,Melissa Leo,1960,"['The Fighter', 'Prisoners', 'Frozen River', 'Conviction']","['Actress', 'Producer']","['Academy Awards USA Win', 'Academy of Science Fiction Fantasy & Horror Films USA Nom', 'Boston Society of Film Critics Awards Win', 'Critics Choice Awards Win', 'Chicago Film Critics Association Awards Nom']"
261,Jack McGee,1949,"['The Fighter', 'Gangster Squad', 'Moneyball', 'Basic Instinct']",['Actor'],"['Boston Society of Film Critics Awards Win', 'San Diego Film Critics Society Awards Nom', 'Screen Actors Guild Awards Nom', 'Central Ohio Film Critics Association Win', 'Washington DC Area Film Critics Association Awards Nom']"
262,Melissa McMeekin,1972,"['The Holdovers', 'The Fighter', 'American Hustle', 'Visionary']","['Actress', 'Producer']","['Flagler Film Festival Win', 'Imagine Magazine Imaginnaire Awards US Win']"
263,James McAvoy,1979,"['Filth', 'Split', 'Atonement', 'The Last King of Scotland']","['Actor', 'Director', 'Producer']","['BAFTA Awards Nom', 'BAFTA Awards Scotland Win', 'British Comedy Awards Nom', 'British Independent Film Awards Win', 'Cannes Film Festival Win']"
264,Robin Wright,1966,"['Forrest Gump', 'Beowulf', 'Unbreakable', 'The Princess Bride']","['Actress', 'Producer', 'Director']","['Academy of Science Fiction Fantasy & Horror Films USA Nom', 'Blockbuster Entertainment Awards Nom', 'British Independent Film Awards Nom', 'Critics Choice Awards Nom', 'Daytime Emmy Awards Nom']"
265,Kevin Kline,1947,"['Wild Wild West', 'A Fish Called Wanda', 'Dave', 'French Kiss']","['Actor', 'Director', 'Producer']","['Academy Awards USA Win', 'American Comedy Awards USA Nom', 'Blockbuster Entertainment Awards Nom', 'BAFTA Awards Nom', 'Critics Choice Awards Nom']"
266,Evan Rachel Wood,1987,"['Thirteen', 'Whatever Works', 'Westworld', '2016–2022 • 35 eps', '2007']","['Actress', 'Director', 'Writer']","['Academy of Science Fiction Fantasy & Horror Films USA Nom', 'Bratislava International Film Festival Win', 'Critics Choice Awards Nom', 'Cannes Film Festival Win', 'Primetime Emmy Awards Nom']"
267,Tom Wilkinson,1948,"['Michael Clayton', 'In the Bedroom', 'The Full Monty', 'The Grand Budapest Hotel']","['Actor', 'Soundtrack']","['Academy Awards USA Nom', 'Film Critics Circle of Australia Awards Nom', 'BAFTA Awards Nom', 'British Independent Film Awards Nom', 'Critics Choice Awards Nom']"
268,Justin Long,1978,"['Die Hard 4.0', 'Jeepers Creepers', 'Tusk', 'Galaxy Quest']","['Actor', 'Producer', 'Writer']","['Academy of Science Fiction Fantasy & Horror Films USA Nom', ""Kids' Choice Awards USA Nom"", 'MTV Movie + TV Awards Nom', 'Teen Choice Awards Nom', 'US Comedy Arts Festival Win']"
269,Danny Huston,1962,"['The Constant Gardener', '21 Grams', 'The Aviator', 'Children of Men']","['Actor', 'Director', 'Camera and Electrical Department']","['Academy of Science Fiction Fantasy & Horror Films USA Nom', 'Edinburgh International Film Festival Nom', 'Golden Globes USA Nom', 'Satellite Awards Win', 'Film Independent Spirit Awards Nom']"
270,James Badge Dale,1978,"['The Departed', '13 Hours', 'World War Z', 'Iron Man 3']",['Actor'],"['Academy of Science Fiction Fantasy & Horror Films USA Nom', 'Method Fest Nom', 'National Board of Review USA Win', 'Phoenix Film Festival Win', 'Prism Awards Nom']"
271,Colm Meaney,1953,"['Star Trek: Deep Space Nine', '1993–1999 • 173 eps', '2004', '1992', '1997']","['Actor', 'Producer', 'Soundtrack']","['Academy of Science Fiction Fantasy & Horror Films USA Nom', 'Chicago International Film Festival Win', 'Gemini Awards Nom', 'Golden Globes USA Nom', 'Irish Film and Television Awards Nom']"
272,Alexis Bledel,1981,"['Gilmore Girls', '2000–2007 • 154 eps', '2005', '2005', '2002']","['Actress', 'Producer', 'Soundtrack']","['Academy of Science Fiction Fantasy & Horror Films USA Nom', 'ALMA Awards Nom', 'Critics Choice Awards Nom', 'Primetime Emmy Awards Nom', 'Satellite Awards Nom']"
273,Steve Buscemi,1957,"['Fargo', 'Ghost World', 'Reservoir Dogs', 'The Death of Stalin']","['Actor', 'Director', 'Producer']","['Academy of Science Fiction Fantasy & Horror Films USA Nom', 'American Comedy Awards USA Nom', 'Boston Society of Film Critics Awards Nom', 'British Independent Film Awards Nom', 'Cannes Film Festival Nom']"
274,Holland Taylor,1943,"['Legally Blonde', 'The Wedding Date', 'The Practice', '1998–2003 • 29 eps', 'Evelyn Harper']","['Actress', 'Writer', 'Soundtrack']","['Primetime Emmy Awards Nom', 'TV Land Awards Win', 'Online Film & Television Association Win', 'The Queerties Win', 'Pena de Prata Nom']"
275,Rob Schneider,1963,"['Deuce Bigalow: Male Gigolo', 'The Hot Chick', 'The Animal', 'Deuce Bigalow: European Gigolo']","['Actor', 'Writer', 'Producer']","['Blockbuster Entertainment Awards Nom', 'Primetime Emmy Awards Nom', 'MTV Movie + TV Awards Nom', 'Razzie Awards Nom', 'Teen Choice Awards Nom']"
276,Peter Riegert,1947,"['The Mask', ""National Lampoon's Animal House"", 'Local Hero', 'Oscar']","['Actor', 'Director', 'Writer']","['Academy Awards USA Nom', 'Primetime Emmy Awards Nom', 'Marco Island Film Festival Win', 'Screen Actors Guild Awards Win', 'Hang Onto Your Shorts Film Festival NJ Nom']"
277,George Dzundza,1945,"['Crimson Tide', 'Basic Instinct', 'The Deer Hunter', 'Dangerous Minds']","['Actor', 'Second Unit or Assistant Director', 'Soundtrack']","['Venice Film Festival Win', 'Gold Derby Awards Nom']"
278,Jack McGee,1949,"['The Fighter', 'Gangster Squad', 'Moneyball', 'Basic Instinct']",['Actor'],"['Boston Society of Film Critics Awards Win', 'San Diego Film Critics Society Awards Nom', 'Screen Actors Guild Awards Nom', 'Central Ohio Film Critics Association Win', 'Washington DC Area Film Critics Association Awards Nom']"
279,Hayley Atwell,1982,"['Captain America: The First Avenger', 'The Duchess', 'Captain America: The Winter Soldier', 'Mission: Impossible - Dead Reckoning Part One']","['Actress', 'Soundtrack']","['Academy of Science Fiction Fantasy & Horror Films USA Nom', 'British Independent Film Awards Nom', 'Broadcasting Press Guild Awards Nom', 'Gemini Awards Nom', 'Golden Globes USA Nom']"
280,Sebastian Stan,1982,"['Captain America: The Winter Soldier', 'Avengers: Endgame', 'Captain America: Civil War', 'Captain America: The First Avenger']","['Actor', 'Producer', 'Soundtrack']","['Berlin International Film Festival Win', 'Critics Choice Awards Nom', 'Primetime Emmy Awards Nom', 'Golden Globes USA Nom', ""Kids' Choice Awards USA Nom""]"
281,Tommy Lee Jones,1946,"['The Fugitive', 'No Country for Old Men', 'The Homesman', 'Lincoln']","['Actor', 'Director', 'Writer']","['Academy Awards USA Nom', 'Blockbuster Entertainment Awards Nom', 'BAFTA Awards Nom', 'Critics Choice Awards Nom', 'CableACE Awards Nom']"
282,Hugo Weaving,1960,"['The Lord of the Rings: The Return of the King', 'The Lord of the Rings: The Fellowship of the Ring', 'V for Vendetta', 'The Lord of the Rings: The Two Towers']","['Actor', 'Producer', 'Soundtrack']","['Film Critics Circle of Australia Awards Nom', 'Australian Film Institute Nom', 'Blockbuster Entertainment Awards Nom', 'Critics Choice Awards Win', 'Satellite Awards Win']"
283,Dominic Cooper,1978,"[""The Devil's Double"", 'Captain America: The First Avenger', 'My Week with Marilyn', 'Abraham Lincoln: Vampire Hunter']","['Actor', 'Producer', 'Soundtrack']","['Academy of Science Fiction Fantasy & Horror Films USA Nom', 'British Independent Film Awards Nom', 'Satellite Awards Nom', 'London Critics Circle Film Awards Nom', 'Screen Actors Guild Awards Nom']"
284,Richard Armitage,1971,"['The Hobbit: An Unexpected Journey', 'The Hobbit: The Battle of the Five Armies', 'The Hobbit: The Desolation of Smaug', 'Into the Storm']","['Actor', 'Producer', 'Writer']","['Academy of Science Fiction Fantasy & Horror Films USA Win', 'Monte-Carlo TV Festival Nom', 'SFX Awards UK Nom', 'TV Quick Awards UK Nom', 'Empire Awards UK Nom']"
285,Stanley Tucci,1960,"['Big Night', 'Spotlight', 'The Lovely Bones', 'Captain America: The First Avenger']","['Actor', 'Producer', 'Writer']","['Academy Awards USA Nom', 'Academy of Science Fiction Fantasy & Horror Films USA Nom', 'Aspen Shortsfest Win', 'Bogota Film Festival Nom', 'Boston Society of Film Critics Awards Nom']"
286,Samuel L. Jackson,1948,"['Pulp Fiction', 'The Hateful Eight', 'Snakes on a Plane', 'Captain Marvel']","['Actor', 'Producer', 'Additional Crew']","['Academy Awards USA Nom', 'Academy of Science Fiction Fantasy & Horror Films USA Nom', 'Acapulco Black Film Festival Nom', 'Annie Awards Nom', 'Bambi Awards Win']"
287,Toby Jones,1966,"['Tinker Tailor Soldier Spy', 'Snow White and the Huntsman', 'The Painted Veil', 'The Hunger Games']","['Actor', 'Writer', 'Producer']","['Academy of Science Fiction Fantasy & Horror Films USA Nom', 'Biarritz International Festival of Audiovisual Programming Win', 'BAFTA Awards Win', 'British Independent Film Awards Nom', 'Critics Choice Awards Nom']"
288,Jason Statham,1967,"['Crank', 'Fast & Furious 7', 'Spy', 'The Meg']","['Actor', 'Producer', 'Stunts']","['Critics Choice Awards Nom', 'Razzie Awards Nom', 'Teen Choice Awards Nom', 'Alliance of Women Film Journalists Nom', 'Shorty Awards Nom']"
289,Ben Foster,1980,"['Hell or High Water', '3:10 to Yuma', 'The Messenger', 'Leave No Trace']","['Actor', 'Producer', 'Director']","['Academy of Science Fiction Fantasy & Horror Films USA Nom', 'Boston Society of Film Critics Awards Nom', 'Critics Choice Awards Nom', 'Chicago Film Critics Association Awards Nom', 'Dallas-Fort Worth Film Critics Association Awards Nom']"
290,Tony Goldwyn,1960,"['Ghost', 'The Last Samurai', 'Oppenheimer', 'The Mechanic']","['Actor', 'Director', 'Writer']","['Academy of Science Fiction Fantasy & Horror Films USA Nom', 'Cleveland International Film Festival Nom', 'Miami Film Festival Nom', 'Palm Springs International Film Festival Win', 'Philadelphia Film Festival Win']"
291,Donald Sutherland,1935,"['The Hunger Games: Catching Fire', 'Pride & Prejudice', 'Klute', 'M*A*S*H']","['Actor', 'Producer', 'Writer']","['Academy Awards USA Win', 'Academy of Science Fiction Fantasy & Horror Films USA Nom', 'Blockbuster Entertainment Awards Nom', 'BAFTA Awards Nom', 'Critics Choice Awards Win']"
292,Jeff Chase,1968,"['Escape Plan 3', 'The Domestics', 'Star Trek Into Darkness', 'The Mechanic']","['Actor', 'Stunts']",['Screen Actors Guild Awards Nom']
