,0,1
0,tt0990407,Seth Rogen
1,tt0990407,Jay Chou
2,tt0990407,Cameron Diaz
3,tt0990407,Tom Wilkinson
4,tt0990407,Christoph Waltz
5,tt0990407,David Harbour
6,tt0990407,Edward James Olmos
7,tt0990407,Jamie Harris
8,tt0990407,Chad L. Coleman
9,tt0990407,Edward Furlong
10,tt0810913,Adam Sandler
11,tt0810913,Al Pacino
12,tt0810913,Katie Holmes
13,tt0810913,Eugenio Derbez
14,tt0810913,David Spade
15,tt0810913,Nick Swardson
16,tt0810913,Tim Meadows
17,tt0810913,Allen Covert
18,tt0770703,Anna Faris
19,tt0770703,Chris Evans
20,tt0770703,Ari Graynor
21,tt0770703,Blythe Danner
22,tt0770703,Ed Begley Jr.
23,tt0770703,Oliver Jackson-Cohen
24,tt0770703,Heather Burns
25,tt0770703,Eliza Coupe
26,tt0770703,Kate Simses
27,tt0770703,Tika Sumpter
28,tt0480687,Owen Wilson
29,tt0480687,Jason Sudeikis
30,tt0480687,Jenna Fischer
31,tt0480687,Christina Applegate
32,tt0480687,Nicky Whelan
33,tt0480687,Richard Jenkins
34,tt0480687,Stephen Merchant
35,tt0480687,Larry Joe Campbell
36,tt0480687,Bruce Thomas
37,tt0480687,Tyler Hoechlin
38,tt0471042,Ben Stiller
39,tt0471042,Eddie Murphy
40,tt0471042,Casey Affleck
41,tt0471042,Alan Alda
42,tt0471042,Matthew Broderick
43,tt0471042,Stephen McKinley Henderson
44,tt0471042,Judd Hirsch
45,tt0471042,Téa Leoni
46,tt0471042,Michael Peña
47,tt0471042,Gabourey Sidibe
48,tt0472181,Hank Azaria
49,tt0472181,Neil Patrick Harris
50,tt0472181,Jayma Mays
51,tt0472181,Sofía Vergara
52,tt0472181,Tim Gunn
53,tt0472181,Madison McKinley
54,tt0472181,Meg Phillips
55,tt0448694,Antonio Banderas
56,tt0448694,Salma Hayek
57,tt0448694,Zach Galifianakis
58,tt0448694,Billy Bob Thornton
59,tt0448694,Amy Sedaris
60,tt0448694,Constance Marie
61,tt0448694,Guillermo del Toro
62,tt0448694,Mike Mitchell
63,tt0448694,Ryan Crego
64,tt0377981,James McAvoy
65,tt0377981,Emily Blunt
66,tt0377981,Ashley Jensen
67,tt0377981,Michael Caine
68,tt0377981,Matt Lucas
69,tt0377981,Jim Cummings
70,tt0377981,Maggie Smith
71,tt0377981,Jason Statham
72,tt0377981,Ozzy Osbourne
73,tt0377981,Stephen Merchant
74,tt1285241,Shah Rukh Khan
75,tt1285241,Priyanka Chopra Jonas
76,tt1285241,Boman Irani
77,tt1285241,Lara Dutta
78,tt1285241,Kunal Kapoor
79,tt1285241,Om Puri
80,tt1285241,Nawab Shah
81,tt1285241,Alyy Khan
82,tt1285241,Florian Lukas
83,tt1270798,James McAvoy
84,tt1270798,Laurence Belcher
85,tt1270798,Michael Fassbender
86,tt1270798,Bill Milner
87,tt1270798,Kevin Bacon
88,tt1270798,Rose Byrne
89,tt1270798,Jennifer Lawrence
90,tt1270798,Beth Goddard
91,tt1270798,Morgan Lily
92,tt1270798,Oliver Platt
93,tt1253864,Henry Cavill
94,tt1253864,Mickey Rourke
95,tt1253864,Stephen Dorff
96,tt1253864,Freida Pinto
97,tt1253864,Luke Evans
98,tt1253864,John Hurt
99,tt1253864,Joseph Morgan
100,tt1253864,Greg Bryk
101,tt1233301,James Purefoy
102,tt1233301,Brian Cox
103,tt1233301,Kate Mara
104,tt1233301,Derek Jacobi
105,tt1233301,Paul Giamatti
106,tt1233301,Charles Dance
107,tt1233301,Jason Flemyng
108,tt1233301,Jamie Foreman
109,tt1233301,Mackenzie Crook
110,tt1229238,Tom Cruise
111,tt1229238,Paula Patton
112,tt1229238,Simon Pegg
113,tt1229238,Jeremy Renner
114,tt1229238,Michael Nyqvist
115,tt1229238,Vladimir Mashkov
116,tt1229238,Samuli Edelmann
117,tt1229238,Ivan Shvedoff
118,tt1229238,Anil Kapoor
119,tt1229238,Léa Seydoux
120,tt1071875,Nicolas Cage
121,tt1071875,Violante Placido
122,tt1071875,Ciarán Hinds
123,tt1071875,Idris Elba
124,tt1071875,Johnny Whitworth
125,tt1071875,Spencer Wilding
126,tt1071875,Jacek Koman
127,tt1071875,Anthony Head
128,tt1034389,Channing Tatum
129,tt1034389,Denis O'Hare
130,tt1034389,Paul Ritter
131,tt1034389,Zsolt László
132,tt1034389,Julian Lewis Jones
133,tt1034389,Aladár Laklóth
134,tt1034389,Marcell Miklós
135,tt0978764,Emily Browning
136,tt0978764,Abbie Cornish
137,tt0978764,Jena Malone
138,tt0978764,Vanessa Hudgens
139,tt0978764,Jamie Chung
140,tt0978764,Carla Gugino
141,tt0978764,Oscar Isaac
142,tt0978764,Jon Hamm
143,tt0978764,Scott Glenn
144,tt0978764,Richard Cetrone
145,tt0873886,Michael Angarano
146,tt0873886,Deborah Aquila
147,tt0873886,Nicholas Braun
148,tt0873886,Ronnie Connell
149,tt0873886,Kaylee DeFer
150,tt0873886,Joey Figueroa
151,tt0873886,Kyle Gallner
152,tt0873886,Anna Gunn
153,tt0873886,Matt Jones
154,tt0873886,John Lacy
155,tt0822847,Paul Bettany
156,tt0822847,Karl Urban
157,tt0822847,Cam Gigandet
158,tt0822847,Maggie Q
159,tt0822847,Lily Collins
160,tt0822847,Brad Dourif
161,tt0822847,Stephen Moyer
162,tt0822847,Christopher Plummer
163,tt0822847,Alan Dale
164,tt0822847,Mädchen Amick
165,tt0816462,Jason Momoa
166,tt0816462,Stephen Lang
167,tt0816462,Rachel Nichols
168,tt0816462,Ron Perlman
169,tt0816462,Rose McGowan
170,tt0816462,Bob Sapp
171,tt0816462,Leo Howard
172,tt0816462,Steven O'Donnell
173,tt0816462,Nonso Anozie
174,tt0800369,Chris Hemsworth
175,tt0800369,Natalie Portman
176,tt0800369,Tom Hiddleston
177,tt0800369,Anthony Hopkins
178,tt0800369,Stellan Skarsgård
179,tt0800369,Kat Dennings
180,tt0800369,Clark Gregg
181,tt0800369,Colm Feore
182,tt0800369,Idris Elba
183,tt0800369,Ray Stevenson
184,tt0479997,Nicolas Cage
185,tt0479997,Ron Perlman
186,tt0479997,Stephen Campbell Moore
187,tt0479997,Stephen Graham
188,tt0479997,Ulrich Thomsen
189,tt0479997,Claire Foy
190,tt0479997,Robert Sheehan
191,tt0479997,Christopher Lee
192,tt0472399,Jason Statham
193,tt0472399,Ben Foster
194,tt0472399,Tony Goldwyn
195,tt0472399,Donald Sutherland
196,tt0472399,Jeff Chase
197,tt0472399,Mini Anden
198,tt0472399,James Logan
199,tt0472399,Eddie J. Fernandez
200,tt0472399,John McConnell
201,tt0458339,Chris Evans
202,tt0458339,Hayley Atwell
203,tt0458339,Sebastian Stan
204,tt0458339,Tommy Lee Jones
205,tt0458339,Hugo Weaving
206,tt0458339,Dominic Cooper
207,tt0458339,Richard Armitage
208,tt0458339,Stanley Tucci
209,tt0458339,Samuel L. Jackson
210,tt0458339,Toby Jones
211,tt0409847,Daniel Craig
212,tt0409847,Abigail Spencer
213,tt0409847,Buck Taylor
214,tt0409847,Matthew Taylor
215,tt0409847,Cooper Taylor
216,tt0409847,Clancy Brown
217,tt0409847,Paul Dano
218,tt0409847,Chris Browning
219,tt0409847,Adam Beach
220,tt0409847,Sam Rockwell
221,tt0997152,Adrien Brody
222,tt0997152,Forest Whitaker
223,tt0997152,Cam Gigandet
224,tt0997152,Clifton Collins Jr.
225,tt0997152,Fisher Stevens
226,tt0997152,Travis Fimmel
227,tt0997152,David Banner
228,tt0997152,Jason Lew
229,tt0997152,Damien Leake
230,tt0984210,Timothy Hutton
231,tt0984210,Mira Sorvino
232,tt0984210,Dana Delany
233,tt0984210,Mario Van Peebles
234,tt0984210,India Ennenga
235,tt0984210,Laila Robins
236,tt0984210,Stockard Channing
237,tt0984210,Nadia Dassouki
238,tt0984210,Chris Sarandon
239,tt0984210,Joan Jett
240,tt0977855,Naomi Watts
241,tt0977855,Sonya Davison
242,tt0977855,Vanessa Chong
243,tt0977855,Anand Tiwari
244,tt0977855,Sean Penn
245,tt0977855,Ty Burrell
246,tt0977855,Jessica Hecht
247,tt0977855,Norbert Leo Butz
248,tt0977855,Rebecca Rigg
249,tt0970926,Steve Buscemi
250,tt0970926,Holland Taylor
251,tt0970926,Rob Schneider
252,tt0970926,Samantha Smith
253,tt0970926,Peter Riegert
254,tt0970926,Marcus Giamatti
255,tt0970926,George Dzundza
256,tt0970926,Jack McGee
257,tt0970926,Brandon Molale
258,tt0968264,James McAvoy
259,tt0968264,Robin Wright
260,tt0968264,Kevin Kline
261,tt0968264,Evan Rachel Wood
262,tt0968264,Tom Wilkinson
263,tt0968264,Justin Long
264,tt0968264,Danny Huston
265,tt0968264,James Badge Dale
266,tt0968264,Colm Meaney
267,tt0968264,Alexis Bledel
268,tt0964517,Mark Wahlberg
269,tt0964517,Christian Bale
270,tt0964517,Amy Adams
271,tt0964517,Melissa Leo
272,tt0964517,Jack McGee
273,tt0964517,Melissa McMeekin
274,tt0964517,Bianca Hunter
275,tt0964517,Erica McDermott
276,tt0964517,Jill Quigg
277,tt2363363,Ken Duken
278,tt2363363,Dagny Dewath
279,tt2363363,Matthias Koeberlin
280,tt2363363,Stipe Erceg
281,tt2363363,Thomas Thieme
282,tt2363363,Vinzenz Kiefer
283,tt2363363,David Steffen
284,tt2363363,Melanie Blocksdorf
285,tt0954947,Casey Affleck
286,tt0954947,Kate Hudson
287,tt0954947,Jessica Alba
288,tt0954947,Ned Beatty
289,tt0954947,Elias Koteas
290,tt0954947,Tom Bower
291,tt0954947,Simon Baker
292,tt0954947,Bill Pullman
293,tt0954947,Brent Briscoe
294,tt0954947,Matthew Maher
295,tt0947798,Natalie Portman
296,tt0947798,Mila Kunis
297,tt0947798,Vincent Cassel
298,tt0947798,Barbara Hershey
299,tt0947798,Winona Ryder
300,tt0947798,Benjamin Millepied
301,tt0947798,Ksenia Solo
302,tt0947798,Kristina Anapau
303,tt0947798,Janet Montgomery
304,tt0947798,Sebastian Stan
